[2026-07-10 14:28:10] laravel.EMERGENCY: Unable to create configured logger. Using emergency logger. {"exception":"[object] (InvalidArgumentException(code: 0): Log [] is not defined. at C:/Users/Asus/Documents/dev_clock/vendor/laravel/framework/src/Illuminate/Log/LogManager.php:212)
[stacktrace]
#0 C:/Users/Asus/Documents/dev_clock/vendor/laravel/framework/src/Illuminate/Log/LogManager.php(137): Illuminate/Log/LogManager->resolve(NULL, NULL)
#1 C:/Users/Asus/Documents/dev_clock/vendor/laravel/framework/src/Illuminate/Log/LogManager.php(124): Illuminate/Log/LogManager->get(NULL)
#2 C:/Users/Asus/Documents/dev_clock/vendor/laravel/framework/src/Illuminate/Log/LogManager.php(681): Illuminate/Log/LogManager->driver()
#3 C:/Users/Asus/Documents/dev_clock/vendor/laravel/framework/src/Illuminate/Foundation/Exceptions/Handler.php(317): Illuminate/Log/LogManager->error('Illuminate//View...', Array)
#4 C:/Users/Asus/Documents/dev_clock/vendor/laravel/framework/src/Illuminate/Foundation/Exceptions/Handler.php(278): Illuminate/Foundation/Exceptions/Handler->reportThrowable(Object(TypeError))
#5 C:/Users/Asus/Documents/dev_clock/vendor/nunomaduro/collision/src/Adapters/Laravel/ExceptionHandler.php(46): Illuminate/Foundation/Exceptions/Handler->report(Object(TypeError))
#6 C:/Users/Asus/Documents/dev_clock/vendor/laravel/framework/src/Illuminate/Foundation/Console/Kernel.php(523): NunoMaduro/Collision/Adapters/Laravel/ExceptionHandler->report(Object(TypeError))
#7 C:/Users/Asus/Documents/dev_clock/vendor/laravel/framework/src/Illuminate/Foundation/Console/Kernel.php(203): Illuminate/Foundation/Console/Kernel->reportException(Object(TypeError))
#8 C:/Users/Asus/Documents/dev_clock/artisan(12): Illuminate/Foundation/Console/Kernel->handle(Object(Symfony/Component/Console/Input/ArgvInput), Object(Symfony/Component/Console/Output/ConsoleOutput))
#9 {main}
"} 
[2026-07-10 14:28:10] laravel.ERROR: Illuminate\View\FileViewFinder::__construct(): Argument #2 ($paths) must be of type array, null given, called in C:\Users\Asus\Documents\dev_clock\vendor\laravel\framework\src\Illuminate\View\ViewServiceProvider.php on line 85 {"exception":"[object] (TypeError(code: 0): Illuminate\\View\\FileViewFinder::__construct(): Argument #2 ($paths) must be of type array, null given, called in C:\\Users\\Asus\\Documents\\dev_clock\\vendor\\laravel\\framework\\src\\Illuminate\\View\\ViewServiceProvider.php on line 85 at C:/Users/Asus/Documents/dev_clock/vendor/laravel/framework/src/Illuminate/View/FileViewFinder.php:53)
[stacktrace]
#0 C:/Users/Asus/Documents/dev_clock/vendor/laravel/framework/src/Illuminate/View/ViewServiceProvider.php(85): Illuminate/View/FileViewFinder->__construct(Object(Illuminate/Filesystem/Filesystem), NULL)
#1 C:/Users/Asus/Documents/dev_clock/vendor/laravel/framework/src/Illuminate/Container/Container.php(908): Illuminate/View/ViewServiceProvider->Illuminate/View/{closure}(Object(Illuminate/Foundation/Application), Array)
#2 C:/Users/Asus/Documents/dev_clock/vendor/laravel/framework/src/Illuminate/Container/Container.php(795): Illuminate/Container/Container->build(Object(Closure))
#3 C:/Users/Asus/Documents/dev_clock/vendor/laravel/framework/src/Illuminate/Foundation/Application.php(986): Illuminate/Container/Container->resolve('view.finder', Array, true)
#4 C:/Users/Asus/Documents/dev_clock/vendor/laravel/framework/src/Illuminate/Container/Container.php(731): Illuminate/Foundation/Application->resolve('view.finder', Array)
#5 C:/Users/Asus/Documents/dev_clock/vendor/laravel/framework/src/Illuminate/Foundation/Application.php(971): Illuminate/Container/Container->make('view.finder', Array)
#6 C:/Users/Asus/Documents/dev_clock/vendor/laravel/framework/src/Illuminate/Container/Container.php(1454): Illuminate/Foundation/Application->make('view.finder')
#7 C:/Users/Asus/Documents/dev_clock/vendor/laravel/framework/src/Illuminate/View/ViewServiceProvider.php(45): Illuminate/Container/Container->offsetGet('view.finder')
#8 C:/Users/Asus/Documents/dev_clock/vendor/laravel/framework/src/Illuminate/Container/Container.php(908): Illuminate/View/ViewServiceProvider->Illuminate/View/{closure}(Object(Illuminate/Foundation/Application), Array)
#9 C:/Users/Asus/Documents/dev_clock/vendor/laravel/framework/src/Illuminate/Container/Container.php(795): Illuminate/Container/Container->build(Object(Closure))
#10 C:/Users/Asus/Documents/dev_clock/vendor/laravel/framework/src/Illuminate/Foundation/Application.php(986): Illuminate/Container/Container->resolve('view', Array, true)
#11 C:/Users/Asus/Documents/dev_clock/vendor/laravel/framework/src/Illuminate/Container/Container.php(731): Illuminate/Foundation/Application->resolve('view', Array)
#12 C:/Users/Asus/Documents/dev_clock/vendor/laravel/framework/src/Illuminate/Foundation/Application.php(971): Illuminate/Container/Container->make('view', Array)
#13 C:/Users/Asus/Documents/dev_clock/vendor/laravel/framework/src/Illuminate/Container/Container.php(1454): Illuminate/Foundation/Application->make('view')
#14 C:/Users/Asus/Documents/dev_clock/vendor/laravel/framework/src/Illuminate/Routing/RoutingServiceProvider.php(182): Illuminate/Container/Container->offsetGet('Illuminate//Cont...')
#15 C:/Users/Asus/Documents/dev_clock/vendor/laravel/framework/src/Illuminate/Container/Container.php(908): Illuminate/Routing/RoutingServiceProvider->Illuminate/Routing/{closure}(Object(Illuminate/Foundation/Application), Array)
#16 C:/Users/Asus/Documents/dev_clock/vendor/laravel/framework/src/Illuminate/Container/Container.php(795): Illuminate/Container/Container->build(Object(Closure))
#17 C:/Users/Asus/Documents/dev_clock/vendor/laravel/framework/src/Illuminate/Foundation/Application.php(986): Illuminate/Container/Container->resolve('Illuminate//Cont...', Array, true)
#18 C:/Users/Asus/Documents/dev_clock/vendor/laravel/framework/src/Illuminate/Container/Container.php(731): Illuminate/Foundation/Application->resolve('Illuminate//Cont...', Array)
#19 C:/Users/Asus/Documents/dev_clock/vendor/laravel/framework/src/Illuminate/Foundation/Application.php(971): Illuminate/Container/Container->make('Illuminate//Cont...', Array)
#20 C:/Users/Asus/Documents/dev_clock/vendor/laravel/framework/src/Illuminate/Container/Container.php(1066): Illuminate/Foundation/Application->make('Illuminate//Cont...')
#21 C:/Users/Asus/Documents/dev_clock/vendor/laravel/framework/src/Illuminate/Container/Container.php(982): Illuminate/Container/Container->resolveClass(Object(ReflectionParameter))
#22 C:/Users/Asus/Documents/dev_clock/vendor/laravel/framework/src/Illuminate/Container/Container.php(943): Illuminate/Container/Container->resolveDependencies(Array)
#23 C:/Users/Asus/Documents/dev_clock/vendor/laravel/framework/src/Illuminate/Container/Container.php(795): Illuminate/Container/Container->build('Illuminate//Rout...')
#24 C:/Users/Asus/Documents/dev_clock/vendor/laravel/framework/src/Illuminate/Foundation/Application.php(986): Illuminate/Container/Container->resolve('Illuminate//Rout...', Array, true)
#25 C:/Users/Asus/Documents/dev_clock/vendor/laravel/framework/src/Illuminate/Container/Container.php(731): Illuminate/Foundation/Application->resolve('Illuminate//Rout...', Array)
#26 C:/Users/Asus/Documents/dev_clock/vendor/laravel/framework/src/Illuminate/Foundation/Application.php(971): Illuminate/Container/Container->make('Illuminate//Rout...', Array)
#27 C:/Users/Asus/Documents/dev_clock/vendor/laravel/framework/src/Illuminate/Routing/Route.php(278): Illuminate/Foundation/Application->make('Illuminate//Rout...')
#28 C:/Users/Asus/Documents/dev_clock/vendor/laravel/framework/src/Illuminate/Routing/Route.php(1104): Illuminate/Routing/Route->getController()
#29 C:/Users/Asus/Documents/dev_clock/vendor/laravel/framework/src/Illuminate/Routing/Route.php(1035): Illuminate/Routing/Route->controllerMiddleware()
#30 C:/Users/Asus/Documents/dev_clock/vendor/laravel/framework/src/Illuminate/Routing/Router.php(818): Illuminate/Routing/Route->gatherMiddleware()
#31 C:/Users/Asus/Documents/dev_clock/vendor/laravel/framework/src/Illuminate/Foundation/Console/RouteListCommand.php(201): Illuminate/Routing/Router->gatherRouteMiddleware(Object(Illuminate/Routing/Route))
#32 C:/Users/Asus/Documents/dev_clock/vendor/laravel/framework/src/Illuminate/Foundation/Console/RouteListCommand.php(146): Illuminate/Foundation/Console/RouteListCommand->getMiddleware(Object(Illuminate/Routing/Route))
#33 C:/Users/Asus/Documents/dev_clock/vendor/laravel/framework/src/Illuminate/Foundation/Console/RouteListCommand.php(116): Illuminate/Foundation/Console/RouteListCommand->getRouteInformation(Object(Illuminate/Routing/Route))
#34 [internal function]: Illuminate/Foundation/Console/RouteListCommand->Illuminate/Foundation/Console/{closure}(Object(Illuminate/Routing/Route), 5)
#35 C:/Users/Asus/Documents/dev_clock/vendor/laravel/framework/src/Illuminate/Collections/Arr.php(600): array_map(Object(Closure), Array, Array)
#36 C:/Users/Asus/Documents/dev_clock/vendor/laravel/framework/src/Illuminate/Collections/Collection.php(778): Illuminate/Support/Arr::map(Array, Object(Closure))
#37 C:/Users/Asus/Documents/dev_clock/vendor/laravel/framework/src/Illuminate/Foundation/Console/RouteListCommand.php(115): Illuminate/Support/Collection->map(Object(Closure))
#38 C:/Users/Asus/Documents/dev_clock/vendor/laravel/framework/src/Illuminate/Foundation/Console/RouteListCommand.php(101): Illuminate/Foundation/Console/RouteListCommand->getRoutes()
#39 C:/Users/Asus/Documents/dev_clock/vendor/laravel/framework/src/Illuminate/Container/BoundMethod.php(36): Illuminate/Foundation/Console/RouteListCommand->handle()
#40 C:/Users/Asus/Documents/dev_clock/vendor/laravel/framework/src/Illuminate/Container/Util.php(41): Illuminate/Container/BoundMethod::Illuminate/Container/{closure}()
#41 C:/Users/Asus/Documents/dev_clock/vendor/laravel/framework/src/Illuminate/Container/BoundMethod.php(93): Illuminate/Container/Util::unwrapIfClosure(Object(Closure))
#42 C:/Users/Asus/Documents/dev_clock/vendor/laravel/framework/src/Illuminate/Container/BoundMethod.php(35): Illuminate/Container/BoundMethod::callBoundMethod(Object(Illuminate/Foundation/Application), Array, Object(Closure))
#43 C:/Users/Asus/Documents/dev_clock/vendor/laravel/framework/src/Illuminate/Container/Container.php(662): Illuminate/Container/BoundMethod::call(Object(Illuminate/Foundation/Application), Array, Array, NULL)
#44 C:/Users/Asus/Documents/dev_clock/vendor/laravel/framework/src/Illuminate/Console/Command.php(211): Illuminate/Container/Container->call(Array)
#45 C:/Users/Asus/Documents/dev_clock/vendor/symfony/console/Command/Command.php(326): Illuminate/Console/Command->execute(Object(Symfony/Component/Console/Input/ArgvInput), Object(Illuminate/Console/OutputStyle))
#46 C:/Users/Asus/Documents/dev_clock/vendor/laravel/framework/src/Illuminate/Console/Command.php(180): Symfony/Component/Console/Command/Command->run(Object(Symfony/Component/Console/Input/ArgvInput), Object(Illuminate/Console/OutputStyle))
#47 C:/Users/Asus/Documents/dev_clock/vendor/symfony/console/Application.php(1121): Illuminate/Console/Command->run(Object(Symfony/Component/Console/Input/ArgvInput), Object(Symfony/Component/Console/Output/ConsoleOutput))
#48 C:/Users/Asus/Documents/dev_clock/vendor/symfony/console/Application.php(324): Symfony/Component/Console/Application->doRunCommand(Object(Illuminate/Foundation/Console/RouteListCommand), Object(Symfony/Component/Console/Input/ArgvInput), Object(Symfony/Component/Console/Output/ConsoleOutput))
#49 C:/Users/Asus/Documents/dev_clock/vendor/symfony/console/Application.php(175): Symfony/Component/Console/Application->doRun(Object(Symfony/Component/Console/Input/ArgvInput), Object(Symfony/Component/Console/Output/ConsoleOutput))
#50 C:/Users/Asus/Documents/dev_clock/vendor/laravel/framework/src/Illuminate/Foundation/Console/Kernel.php(201): Symfony/Component/Console/Application->run(Object(Symfony/Component/Console/Input/ArgvInput), Object(Symfony/Component/Console/Output/ConsoleOutput))
#51 C:/Users/Asus/Documents/dev_clock/artisan(12): Illuminate/Foundation/Console/Kernel->handle(Object(Symfony/Component/Console/Input/ArgvInput), Object(Symfony/Component/Console/Output/ConsoleOutput))
#52 {main}
"} 
[2026-07-10 14:33:01] laravel.EMERGENCY: Unable to create configured logger. Using emergency logger. {"exception":"[object] (InvalidArgumentException(code: 0): Log [] is not defined. at C:/Users/Asus/Documents/dev_clock/vendor/laravel/framework/src/Illuminate/Log/LogManager.php:212)
[stacktrace]
#0 C:/Users/Asus/Documents/dev_clock/vendor/laravel/framework/src/Illuminate/Log/LogManager.php(137): Illuminate/Log/LogManager->resolve(NULL, NULL)
#1 C:/Users/Asus/Documents/dev_clock/vendor/laravel/framework/src/Illuminate/Log/LogManager.php(124): Illuminate/Log/LogManager->get(NULL)
#2 C:/Users/Asus/Documents/dev_clock/vendor/laravel/framework/src/Illuminate/Log/LogManager.php(681): Illuminate/Log/LogManager->driver()
#3 C:/Users/Asus/Documents/dev_clock/vendor/laravel/framework/src/Illuminate/Foundation/Exceptions/Handler.php(317): Illuminate/Log/LogManager->error('profileImage():...', Array)
#4 C:/Users/Asus/Documents/dev_clock/vendor/laravel/framework/src/Illuminate/Foundation/Exceptions/Handler.php(278): Illuminate/Foundation/Exceptions/Handler->reportThrowable(Object(Spatie/LaravelIgnition/Exceptions/ViewException))
#5 C:/Users/Asus/Documents/dev_clock/vendor/laravel/framework/src/Illuminate/Routing/Pipeline.php(49): Illuminate/Foundation/Exceptions/Handler->report(Object(Spatie/LaravelIgnition/Exceptions/ViewException))
#6 C:/Users/Asus/Documents/dev_clock/vendor/laravel/framework/src/Illuminate/Pipeline/Pipeline.php(146): Illuminate/Routing/Pipeline->handleException(Object(Illuminate/Http/Request), Object(Illuminate/View/ViewException))
#7 C:/Users/Asus/Documents/dev_clock/app/Http/Middleware/ApiAuthMiddleware.php(19): Illuminate/Pipeline/Pipeline->Illuminate/Pipeline/{closure}(Object(Illuminate/Http/Request))
#8 C:/Users/Asus/Documents/dev_clock/vendor/laravel/framework/src/Illuminate/Pipeline/Pipeline.php(183): App/Http/Middleware/ApiAuthMiddleware->handle(Object(Illuminate/Http/Request), Object(Closure))
#9 C:/Users/Asus/Documents/dev_clock/vendor/laravel/framework/src/Illuminate/Routing/Middleware/SubstituteBindings.php(50): Illuminate/Pipeline/Pipeline->Illuminate/Pipeline/{closure}(Object(Illuminate/Http/Request))
#10 C:/Users/Asus/Documents/dev_clock/vendor/laravel/framework/src/Illuminate/Pipeline/Pipeline.php(183): Illuminate/Routing/Middleware/SubstituteBindings->handle(Object(Illuminate/Http/Request), Object(Closure))
#11 C:/Users/Asus/Documents/dev_clock/vendor/laravel/framework/src/Illuminate/Foundation/Http/Middleware/VerifyCsrfToken.php(78): Illuminate/Pipeline/Pipeline->Illuminate/Pipeline/{closure}(Object(Illuminate/Http/Request))
#12 C:/Users/Asus/Documents/dev_clock/vendor/laravel/framework/src/Illuminate/Pipeline/Pipeline.php(183): Illuminate/Foundation/Http/Middleware/VerifyCsrfToken->handle(Object(Illuminate/Http/Request), Object(Closure))
#13 C:/Users/Asus/Documents/dev_clock/vendor/laravel/framework/src/Illuminate/View/Middleware/ShareErrorsFromSession.php(49): Illuminate/Pipeline/Pipeline->Illuminate/Pipeline/{closure}(Object(Illuminate/Http/Request))
#14 C:/Users/Asus/Documents/dev_clock/vendor/laravel/framework/src/Illuminate/Pipeline/Pipeline.php(183): Illuminate/View/Middleware/ShareErrorsFromSession->handle(Object(Illuminate/Http/Request), Object(Closure))
#15 C:/Users/Asus/Documents/dev_clock/vendor/laravel/framework/src/Illuminate/Session/Middleware/StartSession.php(121): Illuminate/Pipeline/Pipeline->Illuminate/Pipeline/{closure}(Object(Illuminate/Http/Request))
#16 C:/Users/Asus/Documents/dev_clock/vendor/laravel/framework/src/Illuminate/Session/Middleware/StartSession.php(64): Illuminate/Session/Middleware/StartSession->handleStatefulRequest(Object(Illuminate/Http/Request), Object(Illuminate/Session/Store), Object(Closure))
#17 C:/Users/Asus/Documents/dev_clock/vendor/laravel/framework/src/Illuminate/Pipeline/Pipeline.php(183): Illuminate/Session/Middleware/StartSession->handle(Object(Illuminate/Http/Request), Object(Closure))
#18 C:/Users/Asus/Documents/dev_clock/vendor/laravel/framework/src/Illuminate/Cookie/Middleware/AddQueuedCookiesToResponse.php(37): Illuminate/Pipeline/Pipeline->Illuminate/Pipeline/{closure}(Object(Illuminate/Http/Request))
#19 C:/Users/Asus/Documents/dev_clock/vendor/laravel/framework/src/Illuminate/Pipeline/Pipeline.php(183): Illuminate/Cookie/Middleware/AddQueuedCookiesToResponse->handle(Object(Illuminate/Http/Request), Object(Closure))
#20 C:/Users/Asus/Documents/dev_clock/vendor/laravel/framework/src/Illuminate/Cookie/Middleware/EncryptCookies.php(67): Illuminate/Pipeline/Pipeline->Illuminate/Pipeline/{closure}(Object(Illuminate/Http/Request))
#21 C:/Users/Asus/Documents/dev_clock/vendor/laravel/framework/src/Illuminate/Pipeline/Pipeline.php(183): Illuminate/Cookie/Middleware/EncryptCookies->handle(Object(Illuminate/Http/Request), Object(Closure))
#22 C:/Users/Asus/Documents/dev_clock/vendor/laravel/framework/src/Illuminate/Pipeline/Pipeline.php(119): Illuminate/Pipeline/Pipeline->Illuminate/Pipeline/{closure}(Object(Illuminate/Http/Request))
#23 C:/Users/Asus/Documents/dev_clock/vendor/laravel/framework/src/Illuminate/Routing/Router.php(805): Illuminate/Pipeline/Pipeline->then(Object(Closure))
#24 C:/Users/Asus/Documents/dev_clock/vendor/laravel/framework/src/Illuminate/Routing/Router.php(784): Illuminate/Routing/Router->runRouteWithinStack(Object(Illuminate/Routing/Route), Object(Illuminate/Http/Request))
#25 C:/Users/Asus/Documents/dev_clock/vendor/laravel/framework/src/Illuminate/Routing/Router.php(748): Illuminate/Routing/Router->runRoute(Object(Illuminate/Http/Request), Object(Illuminate/Routing/Route))
#26 C:/Users/Asus/Documents/dev_clock/vendor/laravel/framework/src/Illuminate/Routing/Router.php(737): Illuminate/Routing/Router->dispatchToRoute(Object(Illuminate/Http/Request))
#27 C:/Users/Asus/Documents/dev_clock/vendor/laravel/framework/src/Illuminate/Foundation/Http/Kernel.php(200): Illuminate/Routing/Router->dispatch(Object(Illuminate/Http/Request))
#28 C:/Users/Asus/Documents/dev_clock/vendor/laravel/framework/src/Illuminate/Pipeline/Pipeline.php(144): Illuminate/Foundation/Http/Kernel->Illuminate/Foundation/Http/{closure}(Object(Illuminate/Http/Request))
#29 C:/Users/Asus/Documents/dev_clock/vendor/laravel/framework/src/Illuminate/Foundation/Http/Middleware/TransformsRequest.php(21): Illuminate/Pipeline/Pipeline->Illuminate/Pipeline/{closure}(Object(Illuminate/Http/Request))
#30 C:/Users/Asus/Documents/dev_clock/vendor/laravel/framework/src/Illuminate/Foundation/Http/Middleware/ConvertEmptyStringsToNull.php(31): Illuminate/Foundation/Http/Middleware/TransformsRequest->handle(Object(Illuminate/Http/Request), Object(Closure))
#31 C:/Users/Asus/Documents/dev_clock/vendor/laravel/framework/src/Illuminate/Pipeline/Pipeline.php(183): Illuminate/Foundation/Http/Middleware/ConvertEmptyStringsToNull->handle(Object(Illuminate/Http/Request), Object(Closure))
#32 C:/Users/Asus/Documents/dev_clock/vendor/laravel/framework/src/Illuminate/Foundation/Http/Middleware/TransformsRequest.php(21): Illuminate/Pipeline/Pipeline->Illuminate/Pipeline/{closure}(Object(Illuminate/Http/Request))
#33 C:/Users/Asus/Documents/dev_clock/vendor/laravel/framework/src/Illuminate/Foundation/Http/Middleware/TrimStrings.php(40): Illuminate/Foundation/Http/Middleware/TransformsRequest->handle(Object(Illuminate/Http/Request), Object(Closure))
#34 C:/Users/Asus/Documents/dev_clock/vendor/laravel/framework/src/Illuminate/Pipeline/Pipeline.php(183): Illuminate/Foundation/Http/Middleware/TrimStrings->handle(Object(Illuminate/Http/Request), Object(Closure))
#35 C:/Users/Asus/Documents/dev_clock/vendor/laravel/framework/src/Illuminate/Foundation/Http/Middleware/ValidatePostSize.php(27): Illuminate/Pipeline/Pipeline->Illuminate/Pipeline/{closure}(Object(Illuminate/Http/Request))
#36 C:/Users/Asus/Documents/dev_clock/vendor/laravel/framework/src/Illuminate/Pipeline/Pipeline.php(183): Illuminate/Foundation/Http/Middleware/ValidatePostSize->handle(Object(Illuminate/Http/Request), Object(Closure))
#37 C:/Users/Asus/Documents/dev_clock/vendor/laravel/framework/src/Illuminate/Foundation/Http/Middleware/PreventRequestsDuringMaintenance.php(99): Illuminate/Pipeline/Pipeline->Illuminate/Pipeline/{closure}(Object(Illuminate/Http/Request))
#38 C:/Users/Asus/Documents/dev_clock/vendor/laravel/framework/src/Illuminate/Pipeline/Pipeline.php(183): Illuminate/Foundation/Http/Middleware/PreventRequestsDuringMaintenance->handle(Object(Illuminate/Http/Request), Object(Closure))
#39 C:/Users/Asus/Documents/dev_clock/vendor/laravel/framework/src/Illuminate/Pipeline/Pipeline.php(119): Illuminate/Pipeline/Pipeline->Illuminate/Pipeline/{closure}(Object(Illuminate/Http/Request))
#40 C:/Users/Asus/Documents/dev_clock/vendor/laravel/framework/src/Illuminate/Foundation/Http/Kernel.php(175): Illuminate/Pipeline/Pipeline->then(Object(Closure))
#41 C:/Users/Asus/Documents/dev_clock/vendor/laravel/framework/src/Illuminate/Foundation/Http/Kernel.php(144): Illuminate/Foundation/Http/Kernel->sendRequestThroughRouter(Object(Illuminate/Http/Request))
#42 C:/Users/Asus/Documents/dev_clock/public/index.php(18): Illuminate/Foundation/Http/Kernel->handle(Object(Illuminate/Http/Request))
#43 C:/Users/Asus/Documents/dev_clock/vendor/laravel/framework/src/Illuminate/Foundation/resources/server.php(16): require_once('C://Users//Asus//D...')
#44 {main}
"} 
[2026-07-10 14:33:01] laravel.ERROR: profileImage(): Return value must be of type ?string, array returned {"view":{"view":"C:\\Users\\Asus\\Documents\\dev_clock\\resources\\views\\home\\index.blade.php","data":{"errors":"<pre class=sf-dump id=sf-dump-1122701539 data-indent-pad=\"  \"><span class=sf-dump-note>Illuminate\\Support\\ViewErrorBag</span> {<a class=sf-dump-ref>#281</a><samp data-depth=1 class=sf-dump-expanded>
  #<span class=sf-dump-protected title=\"Protected property\">bags</span>: []
</samp>}
</pre><script>Sfdump(\"sf-dump-1122701539\", {\"maxDepth\":3,\"maxStringLength\":160})</script>
","attendance":"<pre class=sf-dump id=sf-dump-1056884119 data-indent-pad=\"  \"><span class=sf-dump-note>array:4</span> [<samp data-depth=1 class=sf-dump-expanded>
  \"<span class=sf-dump-key>success</span>\" => <span class=sf-dump-const>true</span>
  \"<span class=sf-dump-key>message</span>\" => \"<span class=sf-dump-str title=\"39 characters\">Today&#039;s attendance fetched successfully</span>\"
  \"<span class=sf-dump-key>attendance</span>\" => <span class=sf-dump-note>array:25</span> [<samp data-depth=2 class=sf-dump-compact>
    \"<span class=sf-dump-key>id</span>\" => <span class=sf-dump-num>4331</span>
    \"<span class=sf-dump-key>punch_in_time</span>\" => \"<span class=sf-dump-str title=\"19 characters\">2026-07-10 10:40:04</span>\"
    \"<span class=sf-dump-key>punch_in_latitude</span>\" => \"<span class=sf-dump-str title=\"18 characters\">25.610097094389893</span>\"
    \"<span class=sf-dump-key>punch_in_longitude</span>\" => \"<span class=sf-dump-str title=\"17 characters\">85.14532037079334</span>\"
    \"<span class=sf-dump-key>punch_in_location</span>\" => \"<span class=sf-dump-str title=\"85 characters\">Lane No 1, Daldali Rd, Pirmuhani, Salimpur Ahra, Golambar, Patna, Bihar 800003, India</span>\"
    \"<span class=sf-dump-key>punch_out_time</span>\" => \"<span class=sf-dump-str title=\"19 characters\">2026-07-10 10:40:10</span>\"
    \"<span class=sf-dump-key>punch_out_latitude</span>\" => \"<span class=sf-dump-str title=\"18 characters\">25.610097094389893</span>\"
    \"<span class=sf-dump-key>punch_out_longitude</span>\" => \"<span class=sf-dump-str title=\"17 characters\">85.14532037079334</span>\"
    \"<span class=sf-dump-key>punch_out_location</span>\" => \"<span class=sf-dump-str title=\"85 characters\">Lane No 1, Daldali Rd, Pirmuhani, Salimpur Ahra, Golambar, Patna, Bihar 800003, India</span>\"
    \"<span class=sf-dump-key>status</span>\" => \"<span class=sf-dump-str title=\"7 characters\">present</span>\"
    \"<span class=sf-dump-key>created_at</span>\" => \"<span class=sf-dump-str title=\"19 characters\">2026-07-10 10:40:04</span>\"
    \"<span class=sf-dump-key>updated_at</span>\" => \"<span class=sf-dump-str title=\"19 characters\">2026-07-10 10:40:10</span>\"
    \"<span class=sf-dump-key>deleted_at</span>\" => <span class=sf-dump-const>null</span>
    \"<span class=sf-dump-key>user_id</span>\" => <span class=sf-dump-num>10</span>
    \"<span class=sf-dump-key>date</span>\" => \"<span class=sf-dump-str title=\"10 characters\">2026-07-10</span>\"
    \"<span class=sf-dump-key>employee_id</span>\" => \"<span class=sf-dump-str title=\"2 characters\">15</span>\"
    \"<span class=sf-dump-key>type</span>\" => \"<span class=sf-dump-str title=\"4 characters\">self</span>\"
    \"<span class=sf-dump-key>changed_by</span>\" => <span class=sf-dump-const>null</span>
    \"<span class=sf-dump-key>ip_address</span>\" => <span class=sf-dump-const>null</span>
    \"<span class=sf-dump-key>device_name</span>\" => <span class=sf-dump-const>null</span>
    \"<span class=sf-dump-key>punch_type</span>\" => <span class=sf-dump-const>null</span>
    \"<span class=sf-dump-key>punch_in_image</span>\" => <span class=sf-dump-note>array:23</span> [<samp data-depth=3 class=sf-dump-compact>
      \"<span class=sf-dump-key>id</span>\" => <span class=sf-dump-num>5278</span>
      \"<span class=sf-dump-key>model_type</span>\" => \"<span class=sf-dump-str title=\"27 characters\">App\\Models\\AttendanceDetail</span>\"
      \"<span class=sf-dump-key>model_id</span>\" => <span class=sf-dump-num>4331</span>
      \"<span class=sf-dump-key>uuid</span>\" => \"<span class=sf-dump-str title=\"36 characters\">2b2fce98-4132-4835-910d-6c317b5da124</span>\"
      \"<span class=sf-dump-key>collection_name</span>\" => \"<span class=sf-dump-str title=\"14 characters\">punch_in_image</span>\"
      \"<span class=sf-dump-key>name</span>\" => \"<span class=sf-dump-str title=\"25 characters\">punch_photo_1783660202069</span>\"
      \"<span class=sf-dump-key>file_name</span>\" => \"<span class=sf-dump-str title=\"29 characters\">punch_photo_1783660202069.jpg</span>\"
      \"<span class=sf-dump-key>mime_type</span>\" => \"<span class=sf-dump-str title=\"10 characters\">image/jpeg</span>\"
      \"<span class=sf-dump-key>disk</span>\" => \"<span class=sf-dump-str title=\"6 characters\">public</span>\"
      \"<span class=sf-dump-key>conversions_disk</span>\" => \"<span class=sf-dump-str title=\"6 characters\">public</span>\"
      \"<span class=sf-dump-key>size</span>\" => <span class=sf-dump-num>1045104</span>
      \"<span class=sf-dump-key>manipulations</span>\" => []
      \"<span class=sf-dump-key>custom_properties</span>\" => []
      \"<span class=sf-dump-key>generated_conversions</span>\" => <span class=sf-dump-note>array:2</span> [ &#8230;2]
      \"<span class=sf-dump-key>responsive_images</span>\" => []
      \"<span class=sf-dump-key>order_column</span>\" => <span class=sf-dump-num>1</span>
      \"<span class=sf-dump-key>created_at</span>\" => \"<span class=sf-dump-str title=\"27 characters\">2026-07-10T05:10:04.000000Z</span>\"
      \"<span class=sf-dump-key>updated_at</span>\" => \"<span class=sf-dump-str title=\"27 characters\">2026-07-10T05:10:04.000000Z</span>\"
      \"<span class=sf-dump-key>url</span>\" => \"<span class=sf-dump-str title=\"71 characters\">https://new.eemotclocking.in/storage/5278/punch_photo_1783660202069.jpg</span>\"
      \"<span class=sf-dump-key>thumbnail</span>\" => \"<span class=sf-dump-str title=\"89 characters\">https://new.eemotclocking.in/storage/5278/conversions/punch_photo_1783660202069-thumb.jpg</span>\"
      \"<span class=sf-dump-key>preview</span>\" => \"<span class=sf-dump-str title=\"91 characters\">https://new.eemotclocking.in/storage/5278/conversions/punch_photo_1783660202069-preview.jpg</span>\"
      \"<span class=sf-dump-key>original_url</span>\" => \"<span class=sf-dump-str title=\"71 characters\">https://new.eemotclocking.in/storage/5278/punch_photo_1783660202069.jpg</span>\"
      \"<span class=sf-dump-key>preview_url</span>\" => \"<span class=sf-dump-str title=\"91 characters\">https://new.eemotclocking.in/storage/5278/conversions/punch_photo_1783660202069-preview.jpg</span>\"
    </samp>]
    \"<span class=sf-dump-key>punch_out_image</span>\" => <span class=sf-dump-note>array:23</span> [<samp data-depth=3 class=sf-dump-compact>
      \"<span class=sf-dump-key>id</span>\" => <span class=sf-dump-num>5279</span>
      \"<span class=sf-dump-key>model_type</span>\" => \"<span class=sf-dump-str title=\"27 characters\">App\\Models\\AttendanceDetail</span>\"
      \"<span class=sf-dump-key>model_id</span>\" => <span class=sf-dump-num>4331</span>
      \"<span class=sf-dump-key>uuid</span>\" => \"<span class=sf-dump-str title=\"36 characters\">7af97c3d-83d4-4ed4-880a-1ecbc88a8162</span>\"
      \"<span class=sf-dump-key>collection_name</span>\" => \"<span class=sf-dump-str title=\"15 characters\">punch_out_image</span>\"
      \"<span class=sf-dump-key>name</span>\" => \"<span class=sf-dump-str title=\"25 characters\">punch_photo_1783660208514</span>\"
      \"<span class=sf-dump-key>file_name</span>\" => \"<span class=sf-dump-str title=\"29 characters\">punch_photo_1783660208514.jpg</span>\"
      \"<span class=sf-dump-key>mime_type</span>\" => \"<span class=sf-dump-str title=\"10 characters\">image/jpeg</span>\"
      \"<span class=sf-dump-key>disk</span>\" => \"<span class=sf-dump-str title=\"6 characters\">public</span>\"
      \"<span class=sf-dump-key>conversions_disk</span>\" => \"<span class=sf-dump-str title=\"6 characters\">public</span>\"
      \"<span class=sf-dump-key>size</span>\" => <span class=sf-dump-num>964784</span>
      \"<span class=sf-dump-key>manipulations</span>\" => []
      \"<span class=sf-dump-key>custom_properties</span>\" => []
      \"<span class=sf-dump-key>generated_conversions</span>\" => <span class=sf-dump-note>array:2</span> [ &#8230;2]
      \"<span class=sf-dump-key>responsive_images</span>\" => []
      \"<span class=sf-dump-key>order_column</span>\" => <span class=sf-dump-num>2</span>
      \"<span class=sf-dump-key>created_at</span>\" => \"<span class=sf-dump-str title=\"27 characters\">2026-07-10T05:10:10.000000Z</span>\"
      \"<span class=sf-dump-key>updated_at</span>\" => \"<span class=sf-dump-str title=\"27 characters\">2026-07-10T05:10:10.000000Z</span>\"
      \"<span class=sf-dump-key>url</span>\" => \"<span class=sf-dump-str title=\"71 characters\">https://new.eemotclocking.in/storage/5279/punch_photo_1783660208514.jpg</span>\"
      \"<span class=sf-dump-key>thumbnail</span>\" => \"<span class=sf-dump-str title=\"89 characters\">https://new.eemotclocking.in/storage/5279/conversions/punch_photo_1783660208514-thumb.jpg</span>\"
      \"<span class=sf-dump-key>preview</span>\" => \"<span class=sf-dump-str title=\"91 characters\">https://new.eemotclocking.in/storage/5279/conversions/punch_photo_1783660208514-preview.jpg</span>\"
      \"<span class=sf-dump-key>original_url</span>\" => \"<span class=sf-dump-str title=\"71 characters\">https://new.eemotclocking.in/storage/5279/punch_photo_1783660208514.jpg</span>\"
      \"<span class=sf-dump-key>preview_url</span>\" => \"<span class=sf-dump-str title=\"91 characters\">https://new.eemotclocking.in/storage/5279/conversions/punch_photo_1783660208514-preview.jpg</span>\"
    </samp>]
    \"<span class=sf-dump-key>user</span>\" => <span class=sf-dump-note>array:22</span> [<samp data-depth=3 class=sf-dump-compact>
      \"<span class=sf-dump-key>id</span>\" => <span class=sf-dump-num>10</span>
      \"<span class=sf-dump-key>name</span>\" => \"<span class=sf-dump-str title=\"12 characters\">SANKET KUMAR</span>\"
      \"<span class=sf-dump-key>email</span>\" => \"<span class=sf-dump-str title=\"22 characters\">ssbkumar5513@gmail.com</span>\"
      \"<span class=sf-dump-key>email_verified_at</span>\" => <span class=sf-dump-const>null</span>
      \"<span class=sf-dump-key>number</span>\" => \"<span class=sf-dump-str title=\"10 characters\">7352023394</span>\"
      \"<span class=sf-dump-key>address</span>\" => \"<span class=sf-dump-str title=\"39 characters\">Buddha Colony, Dujra Chak, Patna 800001</span>\"
      \"<span class=sf-dump-key>degination</span>\" => \"<span class=sf-dump-str title=\"20 characters\">Mobile App Developer</span>\"
      \"<span class=sf-dump-key>emergency_number</span>\" => \"<span class=sf-dump-str title=\"10 characters\">8083114455</span>\"
      \"<span class=sf-dump-key>created_at</span>\" => \"<span class=sf-dump-str title=\"19 characters\">2025-06-25 13:00:24</span>\"
      \"<span class=sf-dump-key>updated_at</span>\" => \"<span class=sf-dump-str title=\"19 characters\">2025-09-10 16:07:34</span>\"
      \"<span class=sf-dump-key>deleted_at</span>\" => <span class=sf-dump-const>null</span>
      \"<span class=sf-dump-key>status</span>\" => \"<span class=sf-dump-str>1</span>\"
      \"<span class=sf-dump-key>terms_accepted</span>\" => <span class=sf-dump-const>null</span>
      \"<span class=sf-dump-key>latitude</span>\" => <span class=sf-dump-const>null</span>
      \"<span class=sf-dump-key>longitude</span>\" => <span class=sf-dump-const>null</span>
      \"<span class=sf-dump-key>current_address</span>\" => <span class=sf-dump-const>null</span>
      \"<span class=sf-dump-key>location_verified_at</span>\" => <span class=sf-dump-const>null</span>
      \"<span class=sf-dump-key>master_password</span>\" => <span class=sf-dump-const>null</span>
      \"<span class=sf-dump-key>image</span>\" => <span class=sf-dump-note>array:20</span> [ &#8230;20]
      \"<span class=sf-dump-key>accept_image</span>\" => <span class=sf-dump-const>null</span>
      \"<span class=sf-dump-key>sign_image</span>\" => <span class=sf-dump-const>null</span>
      \"<span class=sf-dump-key>media</span>\" => <span class=sf-dump-note>array:1</span> [ &#8230;1]
    </samp>]
    \"<span class=sf-dump-key>media</span>\" => <span class=sf-dump-note>array:2</span> [<samp data-depth=3 class=sf-dump-compact>
      <span class=sf-dump-index>0</span> => <span class=sf-dump-note>array:23</span> [ &#8230;23]
      <span class=sf-dump-index>1</span> => <span class=sf-dump-note>array:23</span> [ &#8230;23]
    </samp>]
  </samp>]
  \"<span class=sf-dump-key>attendance_log</span>\" => <span class=sf-dump-note>array:14</span> [<samp data-depth=2 class=sf-dump-compact>
    \"<span class=sf-dump-key>id</span>\" => <span class=sf-dump-num>3579</span>
    \"<span class=sf-dump-key>user_id</span>\" => <span class=sf-dump-num>10</span>
    \"<span class=sf-dump-key>employee_id</span>\" => <span class=sf-dump-num>15</span>
    \"<span class=sf-dump-key>date</span>\" => \"<span class=sf-dump-str title=\"10 characters\">2026-07-10</span>\"
    \"<span class=sf-dump-key>expected_in</span>\" => \"<span class=sf-dump-str title=\"8 characters\">10:30:00</span>\"
    \"<span class=sf-dump-key>actual_in</span>\" => \"<span class=sf-dump-str title=\"8 characters\">10:40:04</span>\"
    \"<span class=sf-dump-key>late_by_minutes</span>\" => <span class=sf-dump-num>10</span>
    \"<span class=sf-dump-key>expected_out</span>\" => \"<span class=sf-dump-str title=\"8 characters\">18:00:00</span>\"
    \"<span class=sf-dump-key>actual_out</span>\" => \"<span class=sf-dump-str title=\"8 characters\">10:40:10</span>\"
    \"<span class=sf-dump-key>left_early_by_minutes</span>\" => <span class=sf-dump-num>439</span>
    \"<span class=sf-dump-key>overtime_by_minutes</span>\" => <span class=sf-dump-num>0</span>
    \"<span class=sf-dump-key>total_work_minutes</span>\" => <span class=sf-dump-num>0</span>
    \"<span class=sf-dump-key>created_at</span>\" => \"<span class=sf-dump-str title=\"27 characters\">2026-07-10T05:10:04.000000Z</span>\"
    \"<span class=sf-dump-key>updated_at</span>\" => \"<span class=sf-dump-str title=\"27 characters\">2026-07-10T05:10:10.000000Z</span>\"
  </samp>]
</samp>]
</pre><script>Sfdump(\"sf-dump-1056884119\", {\"maxDepth\":3,\"maxStringLength\":160})</script>
","apiError":"<pre class=sf-dump id=sf-dump-1450271263 data-indent-pad=\"  \"><span class=sf-dump-const>null</span>
</pre><script>Sfdump(\"sf-dump-1450271263\", {\"maxDepth\":3,\"maxStringLength\":160})</script>
","userId":"<pre class=sf-dump id=sf-dump-1389010105 data-indent-pad=\"  \"><span class=sf-dump-num>10</span>
</pre><script>Sfdump(\"sf-dump-1389010105\", {\"maxDepth\":3,\"maxStringLength\":160})</script>
"}},"exception":"[object] (Spatie\\LaravelIgnition\\Exceptions\\ViewException(code: 0): profileImage(): Return value must be of type ?string, array returned at C:/Users/Asus/Documents/dev_clock/app/Helpers/helper.php:53)
[stacktrace]
#0 C:/Users/Asus/Documents/dev_clock/resources/views/home/index.blade.php(17): profileImage()
#1 C:/Users/Asus/Documents/dev_clock/vendor/laravel/framework/src/Illuminate/Filesystem/Filesystem.php(123): require('C://Users//Asus//D...')
#2 C:/Users/Asus/Documents/dev_clock/vendor/laravel/framework/src/Illuminate/Filesystem/Filesystem.php(124): Illuminate/Filesystem/Filesystem::Illuminate/Filesystem/{closure}()
#3 C:/Users/Asus/Documents/dev_clock/vendor/laravel/framework/src/Illuminate/View/Engines/PhpEngine.php(58): Illuminate/Filesystem/Filesystem->getRequire('C://Users//Asus//D...', Array)
#4 C:/Users/Asus/Documents/dev_clock/vendor/laravel/framework/src/Illuminate/View/Engines/CompilerEngine.php(72): Illuminate/View/Engines/PhpEngine->evaluatePath('C://Users//Asus//D...', Array)
#5 C:/Users/Asus/Documents/dev_clock/vendor/laravel/framework/src/Illuminate/View/View.php(207): Illuminate/View/Engines/CompilerEngine->get('C://Users//Asus//D...', Array)
#6 C:/Users/Asus/Documents/dev_clock/vendor/laravel/framework/src/Illuminate/View/View.php(190): Illuminate/View/View->getContents()
#7 C:/Users/Asus/Documents/dev_clock/vendor/laravel/framework/src/Illuminate/View/View.php(159): Illuminate/View/View->renderContents()
#8 C:/Users/Asus/Documents/dev_clock/vendor/laravel/framework/src/Illuminate/Http/Response.php(69): Illuminate/View/View->render()
#9 C:/Users/Asus/Documents/dev_clock/vendor/laravel/framework/src/Illuminate/Http/Response.php(35): Illuminate/Http/Response->setContent(Object(Illuminate/View/View))
#10 C:/Users/Asus/Documents/dev_clock/vendor/laravel/framework/src/Illuminate/Routing/Router.php(918): Illuminate/Http/Response->__construct(Object(Illuminate/View/View), 200, Array)
#11 C:/Users/Asus/Documents/dev_clock/vendor/laravel/framework/src/Illuminate/Routing/Router.php(885): Illuminate/Routing/Router::toResponse(Object(Illuminate/Http/Request), Object(Illuminate/View/View))
#12 C:/Users/Asus/Documents/dev_clock/vendor/laravel/framework/src/Illuminate/Routing/Router.php(805): Illuminate/Routing/Router->prepareResponse(Object(Illuminate/Http/Request), Object(Illuminate/View/View))
#13 C:/Users/Asus/Documents/dev_clock/vendor/laravel/framework/src/Illuminate/Pipeline/Pipeline.php(144): Illuminate/Routing/Router->Illuminate/Routing/{closure}(Object(Illuminate/Http/Request))
#14 C:/Users/Asus/Documents/dev_clock/app/Http/Middleware/ApiAuthMiddleware.php(19): Illuminate/Pipeline/Pipeline->Illuminate/Pipeline/{closure}(Object(Illuminate/Http/Request))
#15 C:/Users/Asus/Documents/dev_clock/vendor/laravel/framework/src/Illuminate/Pipeline/Pipeline.php(183): App/Http/Middleware/ApiAuthMiddleware->handle(Object(Illuminate/Http/Request), Object(Closure))
#16 C:/Users/Asus/Documents/dev_clock/vendor/laravel/framework/src/Illuminate/Routing/Middleware/SubstituteBindings.php(50): Illuminate/Pipeline/Pipeline->Illuminate/Pipeline/{closure}(Object(Illuminate/Http/Request))
#17 C:/Users/Asus/Documents/dev_clock/vendor/laravel/framework/src/Illuminate/Pipeline/Pipeline.php(183): Illuminate/Routing/Middleware/SubstituteBindings->handle(Object(Illuminate/Http/Request), Object(Closure))
#18 C:/Users/Asus/Documents/dev_clock/vendor/laravel/framework/src/Illuminate/Foundation/Http/Middleware/VerifyCsrfToken.php(78): Illuminate/Pipeline/Pipeline->Illuminate/Pipeline/{closure}(Object(Illuminate/Http/Request))
#19 C:/Users/Asus/Documents/dev_clock/vendor/laravel/framework/src/Illuminate/Pipeline/Pipeline.php(183): Illuminate/Foundation/Http/Middleware/VerifyCsrfToken->handle(Object(Illuminate/Http/Request), Object(Closure))
#20 C:/Users/Asus/Documents/dev_clock/vendor/laravel/framework/src/Illuminate/View/Middleware/ShareErrorsFromSession.php(49): Illuminate/Pipeline/Pipeline->Illuminate/Pipeline/{closure}(Object(Illuminate/Http/Request))
#21 C:/Users/Asus/Documents/dev_clock/vendor/laravel/framework/src/Illuminate/Pipeline/Pipeline.php(183): Illuminate/View/Middleware/ShareErrorsFromSession->handle(Object(Illuminate/Http/Request), Object(Closure))
#22 C:/Users/Asus/Documents/dev_clock/vendor/laravel/framework/src/Illuminate/Session/Middleware/StartSession.php(121): Illuminate/Pipeline/Pipeline->Illuminate/Pipeline/{closure}(Object(Illuminate/Http/Request))
#23 C:/Users/Asus/Documents/dev_clock/vendor/laravel/framework/src/Illuminate/Session/Middleware/StartSession.php(64): Illuminate/Session/Middleware/StartSession->handleStatefulRequest(Object(Illuminate/Http/Request), Object(Illuminate/Session/Store), Object(Closure))
#24 C:/Users/Asus/Documents/dev_clock/vendor/laravel/framework/src/Illuminate/Pipeline/Pipeline.php(183): Illuminate/Session/Middleware/StartSession->handle(Object(Illuminate/Http/Request), Object(Closure))
#25 C:/Users/Asus/Documents/dev_clock/vendor/laravel/framework/src/Illuminate/Cookie/Middleware/AddQueuedCookiesToResponse.php(37): Illuminate/Pipeline/Pipeline->Illuminate/Pipeline/{closure}(Object(Illuminate/Http/Request))
#26 C:/Users/Asus/Documents/dev_clock/vendor/laravel/framework/src/Illuminate/Pipeline/Pipeline.php(183): Illuminate/Cookie/Middleware/AddQueuedCookiesToResponse->handle(Object(Illuminate/Http/Request), Object(Closure))
#27 C:/Users/Asus/Documents/dev_clock/vendor/laravel/framework/src/Illuminate/Cookie/Middleware/EncryptCookies.php(67): Illuminate/Pipeline/Pipeline->Illuminate/Pipeline/{closure}(Object(Illuminate/Http/Request))
#28 C:/Users/Asus/Documents/dev_clock/vendor/laravel/framework/src/Illuminate/Pipeline/Pipeline.php(183): Illuminate/Cookie/Middleware/EncryptCookies->handle(Object(Illuminate/Http/Request), Object(Closure))
#29 C:/Users/Asus/Documents/dev_clock/vendor/laravel/framework/src/Illuminate/Pipeline/Pipeline.php(119): Illuminate/Pipeline/Pipeline->Illuminate/Pipeline/{closure}(Object(Illuminate/Http/Request))
#30 C:/Users/Asus/Documents/dev_clock/vendor/laravel/framework/src/Illuminate/Routing/Router.php(805): Illuminate/Pipeline/Pipeline->then(Object(Closure))
#31 C:/Users/Asus/Documents/dev_clock/vendor/laravel/framework/src/Illuminate/Routing/Router.php(784): Illuminate/Routing/Router->runRouteWithinStack(Object(Illuminate/Routing/Route), Object(Illuminate/Http/Request))
#32 C:/Users/Asus/Documents/dev_clock/vendor/laravel/framework/src/Illuminate/Routing/Router.php(748): Illuminate/Routing/Router->runRoute(Object(Illuminate/Http/Request), Object(Illuminate/Routing/Route))
#33 C:/Users/Asus/Documents/dev_clock/vendor/laravel/framework/src/Illuminate/Routing/Router.php(737): Illuminate/Routing/Router->dispatchToRoute(Object(Illuminate/Http/Request))
#34 C:/Users/Asus/Documents/dev_clock/vendor/laravel/framework/src/Illuminate/Foundation/Http/Kernel.php(200): Illuminate/Routing/Router->dispatch(Object(Illuminate/Http/Request))
#35 C:/Users/Asus/Documents/dev_clock/vendor/laravel/framework/src/Illuminate/Pipeline/Pipeline.php(144): Illuminate/Foundation/Http/Kernel->Illuminate/Foundation/Http/{closure}(Object(Illuminate/Http/Request))
#36 C:/Users/Asus/Documents/dev_clock/vendor/laravel/framework/src/Illuminate/Foundation/Http/Middleware/TransformsRequest.php(21): Illuminate/Pipeline/Pipeline->Illuminate/Pipeline/{closure}(Object(Illuminate/Http/Request))
#37 C:/Users/Asus/Documents/dev_clock/vendor/laravel/framework/src/Illuminate/Foundation/Http/Middleware/ConvertEmptyStringsToNull.php(31): Illuminate/Foundation/Http/Middleware/TransformsRequest->handle(Object(Illuminate/Http/Request), Object(Closure))
#38 C:/Users/Asus/Documents/dev_clock/vendor/laravel/framework/src/Illuminate/Pipeline/Pipeline.php(183): Illuminate/Foundation/Http/Middleware/ConvertEmptyStringsToNull->handle(Object(Illuminate/Http/Request), Object(Closure))
#39 C:/Users/Asus/Documents/dev_clock/vendor/laravel/framework/src/Illuminate/Foundation/Http/Middleware/TransformsRequest.php(21): Illuminate/Pipeline/Pipeline->Illuminate/Pipeline/{closure}(Object(Illuminate/Http/Request))
#40 C:/Users/Asus/Documents/dev_clock/vendor/laravel/framework/src/Illuminate/Foundation/Http/Middleware/TrimStrings.php(40): Illuminate/Foundation/Http/Middleware/TransformsRequest->handle(Object(Illuminate/Http/Request), Object(Closure))
#41 C:/Users/Asus/Documents/dev_clock/vendor/laravel/framework/src/Illuminate/Pipeline/Pipeline.php(183): Illuminate/Foundation/Http/Middleware/TrimStrings->handle(Object(Illuminate/Http/Request), Object(Closure))
#42 C:/Users/Asus/Documents/dev_clock/vendor/laravel/framework/src/Illuminate/Foundation/Http/Middleware/ValidatePostSize.php(27): Illuminate/Pipeline/Pipeline->Illuminate/Pipeline/{closure}(Object(Illuminate/Http/Request))
#43 C:/Users/Asus/Documents/dev_clock/vendor/laravel/framework/src/Illuminate/Pipeline/Pipeline.php(183): Illuminate/Foundation/Http/Middleware/ValidatePostSize->handle(Object(Illuminate/Http/Request), Object(Closure))
#44 C:/Users/Asus/Documents/dev_clock/vendor/laravel/framework/src/Illuminate/Foundation/Http/Middleware/PreventRequestsDuringMaintenance.php(99): Illuminate/Pipeline/Pipeline->Illuminate/Pipeline/{closure}(Object(Illuminate/Http/Request))
#45 C:/Users/Asus/Documents/dev_clock/vendor/laravel/framework/src/Illuminate/Pipeline/Pipeline.php(183): Illuminate/Foundation/Http/Middleware/PreventRequestsDuringMaintenance->handle(Object(Illuminate/Http/Request), Object(Closure))
#46 C:/Users/Asus/Documents/dev_clock/vendor/laravel/framework/src/Illuminate/Pipeline/Pipeline.php(119): Illuminate/Pipeline/Pipeline->Illuminate/Pipeline/{closure}(Object(Illuminate/Http/Request))
#47 C:/Users/Asus/Documents/dev_clock/vendor/laravel/framework/src/Illuminate/Foundation/Http/Kernel.php(175): Illuminate/Pipeline/Pipeline->then(Object(Closure))
#48 C:/Users/Asus/Documents/dev_clock/vendor/laravel/framework/src/Illuminate/Foundation/Http/Kernel.php(144): Illuminate/Foundation/Http/Kernel->sendRequestThroughRouter(Object(Illuminate/Http/Request))
#49 C:/Users/Asus/Documents/dev_clock/public/index.php(18): Illuminate/Foundation/Http/Kernel->handle(Object(Illuminate/Http/Request))
#50 C:/Users/Asus/Documents/dev_clock/vendor/laravel/framework/src/Illuminate/Foundation/resources/server.php(16): require_once('C://Users//Asus//D...')
#51 {main}

[previous exception] [object] (TypeError(code: 0): profileImage(): Return value must be of type ?string, array returned at C:/Users/Asus/Documents/dev_clock/app/Helpers/helper.php:53)
[stacktrace]
#0 C:/Users/Asus/Documents/dev_clock/storage/framework/views/5cd21d8dd8291dc3f660bea66e160959.php(15): profileImage()
#1 C:/Users/Asus/Documents/dev_clock/vendor/laravel/framework/src/Illuminate/Filesystem/Filesystem.php(123): require('C://Users//Asus//D...')
#2 C:/Users/Asus/Documents/dev_clock/vendor/laravel/framework/src/Illuminate/Filesystem/Filesystem.php(124): Illuminate/Filesystem/Filesystem::Illuminate/Filesystem/{closure}()
#3 C:/Users/Asus/Documents/dev_clock/vendor/laravel/framework/src/Illuminate/View/Engines/PhpEngine.php(58): Illuminate/Filesystem/Filesystem->getRequire('C://Users//Asus//D...', Array)
#4 C:/Users/Asus/Documents/dev_clock/vendor/laravel/framework/src/Illuminate/View/Engines/CompilerEngine.php(72): Illuminate/View/Engines/PhpEngine->evaluatePath('C://Users//Asus//D...', Array)
#5 C:/Users/Asus/Documents/dev_clock/vendor/laravel/framework/src/Illuminate/View/View.php(207): Illuminate/View/Engines/CompilerEngine->get('C://Users//Asus//D...', Array)
#6 C:/Users/Asus/Documents/dev_clock/vendor/laravel/framework/src/Illuminate/View/View.php(190): Illuminate/View/View->getContents()
#7 C:/Users/Asus/Documents/dev_clock/vendor/laravel/framework/src/Illuminate/View/View.php(159): Illuminate/View/View->renderContents()
#8 C:/Users/Asus/Documents/dev_clock/vendor/laravel/framework/src/Illuminate/Http/Response.php(69): Illuminate/View/View->render()
#9 C:/Users/Asus/Documents/dev_clock/vendor/laravel/framework/src/Illuminate/Http/Response.php(35): Illuminate/Http/Response->setContent(Object(Illuminate/View/View))
#10 C:/Users/Asus/Documents/dev_clock/vendor/laravel/framework/src/Illuminate/Routing/Router.php(918): Illuminate/Http/Response->__construct(Object(Illuminate/View/View), 200, Array)
#11 C:/Users/Asus/Documents/dev_clock/vendor/laravel/framework/src/Illuminate/Routing/Router.php(885): Illuminate/Routing/Router::toResponse(Object(Illuminate/Http/Request), Object(Illuminate/View/View))
#12 C:/Users/Asus/Documents/dev_clock/vendor/laravel/framework/src/Illuminate/Routing/Router.php(805): Illuminate/Routing/Router->prepareResponse(Object(Illuminate/Http/Request), Object(Illuminate/View/View))
#13 C:/Users/Asus/Documents/dev_clock/vendor/laravel/framework/src/Illuminate/Pipeline/Pipeline.php(144): Illuminate/Routing/Router->Illuminate/Routing/{closure}(Object(Illuminate/Http/Request))
#14 C:/Users/Asus/Documents/dev_clock/app/Http/Middleware/ApiAuthMiddleware.php(19): Illuminate/Pipeline/Pipeline->Illuminate/Pipeline/{closure}(Object(Illuminate/Http/Request))
#15 C:/Users/Asus/Documents/dev_clock/vendor/laravel/framework/src/Illuminate/Pipeline/Pipeline.php(183): App/Http/Middleware/ApiAuthMiddleware->handle(Object(Illuminate/Http/Request), Object(Closure))
#16 C:/Users/Asus/Documents/dev_clock/vendor/laravel/framework/src/Illuminate/Routing/Middleware/SubstituteBindings.php(50): Illuminate/Pipeline/Pipeline->Illuminate/Pipeline/{closure}(Object(Illuminate/Http/Request))
#17 C:/Users/Asus/Documents/dev_clock/vendor/laravel/framework/src/Illuminate/Pipeline/Pipeline.php(183): Illuminate/Routing/Middleware/SubstituteBindings->handle(Object(Illuminate/Http/Request), Object(Closure))
#18 C:/Users/Asus/Documents/dev_clock/vendor/laravel/framework/src/Illuminate/Foundation/Http/Middleware/VerifyCsrfToken.php(78): Illuminate/Pipeline/Pipeline->Illuminate/Pipeline/{closure}(Object(Illuminate/Http/Request))
#19 C:/Users/Asus/Documents/dev_clock/vendor/laravel/framework/src/Illuminate/Pipeline/Pipeline.php(183): Illuminate/Foundation/Http/Middleware/VerifyCsrfToken->handle(Object(Illuminate/Http/Request), Object(Closure))
#20 C:/Users/Asus/Documents/dev_clock/vendor/laravel/framework/src/Illuminate/View/Middleware/ShareErrorsFromSession.php(49): Illuminate/Pipeline/Pipeline->Illuminate/Pipeline/{closure}(Object(Illuminate/Http/Request))
#21 C:/Users/Asus/Documents/dev_clock/vendor/laravel/framework/src/Illuminate/Pipeline/Pipeline.php(183): Illuminate/View/Middleware/ShareErrorsFromSession->handle(Object(Illuminate/Http/Request), Object(Closure))
#22 C:/Users/Asus/Documents/dev_clock/vendor/laravel/framework/src/Illuminate/Session/Middleware/StartSession.php(121): Illuminate/Pipeline/Pipeline->Illuminate/Pipeline/{closure}(Object(Illuminate/Http/Request))
#23 C:/Users/Asus/Documents/dev_clock/vendor/laravel/framework/src/Illuminate/Session/Middleware/StartSession.php(64): Illuminate/Session/Middleware/StartSession->handleStatefulRequest(Object(Illuminate/Http/Request), Object(Illuminate/Session/Store), Object(Closure))
#24 C:/Users/Asus/Documents/dev_clock/vendor/laravel/framework/src/Illuminate/Pipeline/Pipeline.php(183): Illuminate/Session/Middleware/StartSession->handle(Object(Illuminate/Http/Request), Object(Closure))
#25 C:/Users/Asus/Documents/dev_clock/vendor/laravel/framework/src/Illuminate/Cookie/Middleware/AddQueuedCookiesToResponse.php(37): Illuminate/Pipeline/Pipeline->Illuminate/Pipeline/{closure}(Object(Illuminate/Http/Request))
#26 C:/Users/Asus/Documents/dev_clock/vendor/laravel/framework/src/Illuminate/Pipeline/Pipeline.php(183): Illuminate/Cookie/Middleware/AddQueuedCookiesToResponse->handle(Object(Illuminate/Http/Request), Object(Closure))
#27 C:/Users/Asus/Documents/dev_clock/vendor/laravel/framework/src/Illuminate/Cookie/Middleware/EncryptCookies.php(67): Illuminate/Pipeline/Pipeline->Illuminate/Pipeline/{closure}(Object(Illuminate/Http/Request))
#28 C:/Users/Asus/Documents/dev_clock/vendor/laravel/framework/src/Illuminate/Pipeline/Pipeline.php(183): Illuminate/Cookie/Middleware/EncryptCookies->handle(Object(Illuminate/Http/Request), Object(Closure))
#29 C:/Users/Asus/Documents/dev_clock/vendor/laravel/framework/src/Illuminate/Pipeline/Pipeline.php(119): Illuminate/Pipeline/Pipeline->Illuminate/Pipeline/{closure}(Object(Illuminate/Http/Request))
#30 C:/Users/Asus/Documents/dev_clock/vendor/laravel/framework/src/Illuminate/Routing/Router.php(805): Illuminate/Pipeline/Pipeline->then(Object(Closure))
#31 C:/Users/Asus/Documents/dev_clock/vendor/laravel/framework/src/Illuminate/Routing/Router.php(784): Illuminate/Routing/Router->runRouteWithinStack(Object(Illuminate/Routing/Route), Object(Illuminate/Http/Request))
#32 C:/Users/Asus/Documents/dev_clock/vendor/laravel/framework/src/Illuminate/Routing/Router.php(748): Illuminate/Routing/Router->runRoute(Object(Illuminate/Http/Request), Object(Illuminate/Routing/Route))
#33 C:/Users/Asus/Documents/dev_clock/vendor/laravel/framework/src/Illuminate/Routing/Router.php(737): Illuminate/Routing/Router->dispatchToRoute(Object(Illuminate/Http/Request))
#34 C:/Users/Asus/Documents/dev_clock/vendor/laravel/framework/src/Illuminate/Foundation/Http/Kernel.php(200): Illuminate/Routing/Router->dispatch(Object(Illuminate/Http/Request))
#35 C:/Users/Asus/Documents/dev_clock/vendor/laravel/framework/src/Illuminate/Pipeline/Pipeline.php(144): Illuminate/Foundation/Http/Kernel->Illuminate/Foundation/Http/{closure}(Object(Illuminate/Http/Request))
#36 C:/Users/Asus/Documents/dev_clock/vendor/laravel/framework/src/Illuminate/Foundation/Http/Middleware/TransformsRequest.php(21): Illuminate/Pipeline/Pipeline->Illuminate/Pipeline/{closure}(Object(Illuminate/Http/Request))
#37 C:/Users/Asus/Documents/dev_clock/vendor/laravel/framework/src/Illuminate/Foundation/Http/Middleware/ConvertEmptyStringsToNull.php(31): Illuminate/Foundation/Http/Middleware/TransformsRequest->handle(Object(Illuminate/Http/Request), Object(Closure))
#38 C:/Users/Asus/Documents/dev_clock/vendor/laravel/framework/src/Illuminate/Pipeline/Pipeline.php(183): Illuminate/Foundation/Http/Middleware/ConvertEmptyStringsToNull->handle(Object(Illuminate/Http/Request), Object(Closure))
#39 C:/Users/Asus/Documents/dev_clock/vendor/laravel/framework/src/Illuminate/Foundation/Http/Middleware/TransformsRequest.php(21): Illuminate/Pipeline/Pipeline->Illuminate/Pipeline/{closure}(Object(Illuminate/Http/Request))
#40 C:/Users/Asus/Documents/dev_clock/vendor/laravel/framework/src/Illuminate/Foundation/Http/Middleware/TrimStrings.php(40): Illuminate/Foundation/Http/Middleware/TransformsRequest->handle(Object(Illuminate/Http/Request), Object(Closure))
#41 C:/Users/Asus/Documents/dev_clock/vendor/laravel/framework/src/Illuminate/Pipeline/Pipeline.php(183): Illuminate/Foundation/Http/Middleware/TrimStrings->handle(Object(Illuminate/Http/Request), Object(Closure))
#42 C:/Users/Asus/Documents/dev_clock/vendor/laravel/framework/src/Illuminate/Foundation/Http/Middleware/ValidatePostSize.php(27): Illuminate/Pipeline/Pipeline->Illuminate/Pipeline/{closure}(Object(Illuminate/Http/Request))
#43 C:/Users/Asus/Documents/dev_clock/vendor/laravel/framework/src/Illuminate/Pipeline/Pipeline.php(183): Illuminate/Foundation/Http/Middleware/ValidatePostSize->handle(Object(Illuminate/Http/Request), Object(Closure))
#44 C:/Users/Asus/Documents/dev_clock/vendor/laravel/framework/src/Illuminate/Foundation/Http/Middleware/PreventRequestsDuringMaintenance.php(99): Illuminate/Pipeline/Pipeline->Illuminate/Pipeline/{closure}(Object(Illuminate/Http/Request))
#45 C:/Users/Asus/Documents/dev_clock/vendor/laravel/framework/src/Illuminate/Pipeline/Pipeline.php(183): Illuminate/Foundation/Http/Middleware/PreventRequestsDuringMaintenance->handle(Object(Illuminate/Http/Request), Object(Closure))
#46 C:/Users/Asus/Documents/dev_clock/vendor/laravel/framework/src/Illuminate/Pipeline/Pipeline.php(119): Illuminate/Pipeline/Pipeline->Illuminate/Pipeline/{closure}(Object(Illuminate/Http/Request))
#47 C:/Users/Asus/Documents/dev_clock/vendor/laravel/framework/src/Illuminate/Foundation/Http/Kernel.php(175): Illuminate/Pipeline/Pipeline->then(Object(Closure))
#48 C:/Users/Asus/Documents/dev_clock/vendor/laravel/framework/src/Illuminate/Foundation/Http/Kernel.php(144): Illuminate/Foundation/Http/Kernel->sendRequestThroughRouter(Object(Illuminate/Http/Request))
#49 C:/Users/Asus/Documents/dev_clock/public/index.php(18): Illuminate/Foundation/Http/Kernel->handle(Object(Illuminate/Http/Request))
#50 C:/Users/Asus/Documents/dev_clock/vendor/laravel/framework/src/Illuminate/Foundation/resources/server.php(16): require_once('C://Users//Asus//D...')
#51 {main}
"} 
[2026-07-10 14:35:12] laravel.EMERGENCY: Unable to create configured logger. Using emergency logger. {"exception":"[object] (InvalidArgumentException(code: 0): Log [] is not defined. at C:/Users/Asus/Documents/dev_clock/vendor/laravel/framework/src/Illuminate/Log/LogManager.php:212)
[stacktrace]
#0 C:/Users/Asus/Documents/dev_clock/vendor/laravel/framework/src/Illuminate/Log/LogManager.php(137): Illuminate/Log/LogManager->resolve(NULL, NULL)
#1 C:/Users/Asus/Documents/dev_clock/vendor/laravel/framework/src/Illuminate/Log/LogManager.php(124): Illuminate/Log/LogManager->get(NULL)
#2 C:/Users/Asus/Documents/dev_clock/vendor/laravel/framework/src/Illuminate/Log/LogManager.php(681): Illuminate/Log/LogManager->driver()
#3 C:/Users/Asus/Documents/dev_clock/vendor/laravel/framework/src/Illuminate/Foundation/Exceptions/Handler.php(317): Illuminate/Log/LogManager->error('HTTP request re...', Array)
#4 C:/Users/Asus/Documents/dev_clock/vendor/laravel/framework/src/Illuminate/Foundation/Exceptions/Handler.php(278): Illuminate/Foundation/Exceptions/Handler->reportThrowable(Object(Illuminate/Http/Client/RequestException))
#5 C:/Users/Asus/Documents/dev_clock/vendor/laravel/framework/src/Illuminate/Routing/Pipeline.php(49): Illuminate/Foundation/Exceptions/Handler->report(Object(Illuminate/Http/Client/RequestException))
#6 C:/Users/Asus/Documents/dev_clock/vendor/laravel/framework/src/Illuminate/Pipeline/Pipeline.php(146): Illuminate/Routing/Pipeline->handleException(Object(Illuminate/Http/Request), Object(Illuminate/Http/Client/RequestException))
#7 C:/Users/Asus/Documents/dev_clock/app/Http/Middleware/ApiAuthMiddleware.php(19): Illuminate/Pipeline/Pipeline->Illuminate/Pipeline/{closure}(Object(Illuminate/Http/Request))
#8 C:/Users/Asus/Documents/dev_clock/vendor/laravel/framework/src/Illuminate/Pipeline/Pipeline.php(183): App/Http/Middleware/ApiAuthMiddleware->handle(Object(Illuminate/Http/Request), Object(Closure))
#9 C:/Users/Asus/Documents/dev_clock/vendor/laravel/framework/src/Illuminate/Routing/Middleware/SubstituteBindings.php(50): Illuminate/Pipeline/Pipeline->Illuminate/Pipeline/{closure}(Object(Illuminate/Http/Request))
#10 C:/Users/Asus/Documents/dev_clock/vendor/laravel/framework/src/Illuminate/Pipeline/Pipeline.php(183): Illuminate/Routing/Middleware/SubstituteBindings->handle(Object(Illuminate/Http/Request), Object(Closure))
#11 C:/Users/Asus/Documents/dev_clock/vendor/laravel/framework/src/Illuminate/Foundation/Http/Middleware/VerifyCsrfToken.php(78): Illuminate/Pipeline/Pipeline->Illuminate/Pipeline/{closure}(Object(Illuminate/Http/Request))
#12 C:/Users/Asus/Documents/dev_clock/vendor/laravel/framework/src/Illuminate/Pipeline/Pipeline.php(183): Illuminate/Foundation/Http/Middleware/VerifyCsrfToken->handle(Object(Illuminate/Http/Request), Object(Closure))
#13 C:/Users/Asus/Documents/dev_clock/vendor/laravel/framework/src/Illuminate/View/Middleware/ShareErrorsFromSession.php(49): Illuminate/Pipeline/Pipeline->Illuminate/Pipeline/{closure}(Object(Illuminate/Http/Request))
#14 C:/Users/Asus/Documents/dev_clock/vendor/laravel/framework/src/Illuminate/Pipeline/Pipeline.php(183): Illuminate/View/Middleware/ShareErrorsFromSession->handle(Object(Illuminate/Http/Request), Object(Closure))
#15 C:/Users/Asus/Documents/dev_clock/vendor/laravel/framework/src/Illuminate/Session/Middleware/StartSession.php(121): Illuminate/Pipeline/Pipeline->Illuminate/Pipeline/{closure}(Object(Illuminate/Http/Request))
#16 C:/Users/Asus/Documents/dev_clock/vendor/laravel/framework/src/Illuminate/Session/Middleware/StartSession.php(64): Illuminate/Session/Middleware/StartSession->handleStatefulRequest(Object(Illuminate/Http/Request), Object(Illuminate/Session/Store), Object(Closure))
#17 C:/Users/Asus/Documents/dev_clock/vendor/laravel/framework/src/Illuminate/Pipeline/Pipeline.php(183): Illuminate/Session/Middleware/StartSession->handle(Object(Illuminate/Http/Request), Object(Closure))
#18 C:/Users/Asus/Documents/dev_clock/vendor/laravel/framework/src/Illuminate/Cookie/Middleware/AddQueuedCookiesToResponse.php(37): Illuminate/Pipeline/Pipeline->Illuminate/Pipeline/{closure}(Object(Illuminate/Http/Request))
#19 C:/Users/Asus/Documents/dev_clock/vendor/laravel/framework/src/Illuminate/Pipeline/Pipeline.php(183): Illuminate/Cookie/Middleware/AddQueuedCookiesToResponse->handle(Object(Illuminate/Http/Request), Object(Closure))
#20 C:/Users/Asus/Documents/dev_clock/vendor/laravel/framework/src/Illuminate/Cookie/Middleware/EncryptCookies.php(67): Illuminate/Pipeline/Pipeline->Illuminate/Pipeline/{closure}(Object(Illuminate/Http/Request))
#21 C:/Users/Asus/Documents/dev_clock/vendor/laravel/framework/src/Illuminate/Pipeline/Pipeline.php(183): Illuminate/Cookie/Middleware/EncryptCookies->handle(Object(Illuminate/Http/Request), Object(Closure))
#22 C:/Users/Asus/Documents/dev_clock/vendor/laravel/framework/src/Illuminate/Pipeline/Pipeline.php(119): Illuminate/Pipeline/Pipeline->Illuminate/Pipeline/{closure}(Object(Illuminate/Http/Request))
#23 C:/Users/Asus/Documents/dev_clock/vendor/laravel/framework/src/Illuminate/Routing/Router.php(805): Illuminate/Pipeline/Pipeline->then(Object(Closure))
#24 C:/Users/Asus/Documents/dev_clock/vendor/laravel/framework/src/Illuminate/Routing/Router.php(784): Illuminate/Routing/Router->runRouteWithinStack(Object(Illuminate/Routing/Route), Object(Illuminate/Http/Request))
#25 C:/Users/Asus/Documents/dev_clock/vendor/laravel/framework/src/Illuminate/Routing/Router.php(748): Illuminate/Routing/Router->runRoute(Object(Illuminate/Http/Request), Object(Illuminate/Routing/Route))
#26 C:/Users/Asus/Documents/dev_clock/vendor/laravel/framework/src/Illuminate/Routing/Router.php(737): Illuminate/Routing/Router->dispatchToRoute(Object(Illuminate/Http/Request))
#27 C:/Users/Asus/Documents/dev_clock/vendor/laravel/framework/src/Illuminate/Foundation/Http/Kernel.php(200): Illuminate/Routing/Router->dispatch(Object(Illuminate/Http/Request))
#28 C:/Users/Asus/Documents/dev_clock/vendor/laravel/framework/src/Illuminate/Pipeline/Pipeline.php(144): Illuminate/Foundation/Http/Kernel->Illuminate/Foundation/Http/{closure}(Object(Illuminate/Http/Request))
#29 C:/Users/Asus/Documents/dev_clock/vendor/laravel/framework/src/Illuminate/Foundation/Http/Middleware/TransformsRequest.php(21): Illuminate/Pipeline/Pipeline->Illuminate/Pipeline/{closure}(Object(Illuminate/Http/Request))
#30 C:/Users/Asus/Documents/dev_clock/vendor/laravel/framework/src/Illuminate/Foundation/Http/Middleware/ConvertEmptyStringsToNull.php(31): Illuminate/Foundation/Http/Middleware/TransformsRequest->handle(Object(Illuminate/Http/Request), Object(Closure))
#31 C:/Users/Asus/Documents/dev_clock/vendor/laravel/framework/src/Illuminate/Pipeline/Pipeline.php(183): Illuminate/Foundation/Http/Middleware/ConvertEmptyStringsToNull->handle(Object(Illuminate/Http/Request), Object(Closure))
#32 C:/Users/Asus/Documents/dev_clock/vendor/laravel/framework/src/Illuminate/Foundation/Http/Middleware/TransformsRequest.php(21): Illuminate/Pipeline/Pipeline->Illuminate/Pipeline/{closure}(Object(Illuminate/Http/Request))
#33 C:/Users/Asus/Documents/dev_clock/vendor/laravel/framework/src/Illuminate/Foundation/Http/Middleware/TrimStrings.php(40): Illuminate/Foundation/Http/Middleware/TransformsRequest->handle(Object(Illuminate/Http/Request), Object(Closure))
#34 C:/Users/Asus/Documents/dev_clock/vendor/laravel/framework/src/Illuminate/Pipeline/Pipeline.php(183): Illuminate/Foundation/Http/Middleware/TrimStrings->handle(Object(Illuminate/Http/Request), Object(Closure))
#35 C:/Users/Asus/Documents/dev_clock/vendor/laravel/framework/src/Illuminate/Foundation/Http/Middleware/ValidatePostSize.php(27): Illuminate/Pipeline/Pipeline->Illuminate/Pipeline/{closure}(Object(Illuminate/Http/Request))
#36 C:/Users/Asus/Documents/dev_clock/vendor/laravel/framework/src/Illuminate/Pipeline/Pipeline.php(183): Illuminate/Foundation/Http/Middleware/ValidatePostSize->handle(Object(Illuminate/Http/Request), Object(Closure))
#37 C:/Users/Asus/Documents/dev_clock/vendor/laravel/framework/src/Illuminate/Foundation/Http/Middleware/PreventRequestsDuringMaintenance.php(99): Illuminate/Pipeline/Pipeline->Illuminate/Pipeline/{closure}(Object(Illuminate/Http/Request))
#38 C:/Users/Asus/Documents/dev_clock/vendor/laravel/framework/src/Illuminate/Pipeline/Pipeline.php(183): Illuminate/Foundation/Http/Middleware/PreventRequestsDuringMaintenance->handle(Object(Illuminate/Http/Request), Object(Closure))
#39 C:/Users/Asus/Documents/dev_clock/vendor/laravel/framework/src/Illuminate/Pipeline/Pipeline.php(119): Illuminate/Pipeline/Pipeline->Illuminate/Pipeline/{closure}(Object(Illuminate/Http/Request))
#40 C:/Users/Asus/Documents/dev_clock/vendor/laravel/framework/src/Illuminate/Foundation/Http/Kernel.php(175): Illuminate/Pipeline/Pipeline->then(Object(Closure))
#41 C:/Users/Asus/Documents/dev_clock/vendor/laravel/framework/src/Illuminate/Foundation/Http/Kernel.php(144): Illuminate/Foundation/Http/Kernel->sendRequestThroughRouter(Object(Illuminate/Http/Request))
#42 C:/Users/Asus/Documents/dev_clock/public/index.php(18): Illuminate/Foundation/Http/Kernel->handle(Object(Illuminate/Http/Request))
#43 C:/Users/Asus/Documents/dev_clock/vendor/laravel/framework/src/Illuminate/Foundation/resources/server.php(16): require_once('C://Users//Asus//D...')
#44 {main}
"} 
[2026-07-10 14:35:12] laravel.ERROR: HTTP request returned status code 404:
{
    "message": "The route api/v1/logout could not be found.",
    "exception": "Symfony\\Component\\HttpKernel\\Except (truncated...)
 {"exception":"[object] (Illuminate\\Http\\Client\\RequestException(code: 404): HTTP request returned status code 404:
{
    \"message\": \"The route api/v1/logout could not be found.\",
    \"exception\": \"Symfony\\\\Component\\\\HttpKernel\\\\Except (truncated...)
 at C:/Users/Asus/Documents/dev_clock/vendor/laravel/framework/src/Illuminate/Http/Client/Response.php:272)
[stacktrace]
#0 C:/Users/Asus/Documents/dev_clock/vendor/laravel/framework/src/Illuminate/Http/Client/Response.php(289): Illuminate/Http/Client/Response->toException()
#1 C:/Users/Asus/Documents/dev_clock/vendor/laravel/framework/src/Illuminate/Http/Client/PendingRequest.php(911): Illuminate/Http/Client/Response->throw(Object(Closure))
#2 C:/Users/Asus/Documents/dev_clock/vendor/laravel/framework/src/Illuminate/Support/helpers.php(320): Illuminate/Http/Client/PendingRequest->Illuminate/Http/Client/{closure}(Object(Illuminate/Http/Client/Response))
#3 C:/Users/Asus/Documents/dev_clock/vendor/laravel/framework/src/Illuminate/Http/Client/PendingRequest.php(894): tap(Object(Illuminate/Http/Client/Response), Object(Closure))
#4 C:/Users/Asus/Documents/dev_clock/vendor/laravel/framework/src/Illuminate/Support/helpers.php(261): Illuminate/Http/Client/PendingRequest->Illuminate/Http/Client/{closure}(1)
#5 C:/Users/Asus/Documents/dev_clock/vendor/laravel/framework/src/Illuminate/Http/Client/PendingRequest.php(892): retry(0, Object(Closure), 250, Object(Closure))
#6 C:/Users/Asus/Documents/dev_clock/vendor/laravel/framework/src/Illuminate/Http/Client/PendingRequest.php(798): Illuminate/Http/Client/PendingRequest->send('POST', 'https://new.eem...', Array)
#7 C:/Users/Asus/Documents/dev_clock/app/Services/ApiService.php(44): Illuminate/Http/Client/PendingRequest->post('logout')
#8 C:/Users/Asus/Documents/dev_clock/app/Http/Controllers/AuthController.php(45): App/Services/ApiService->logout()
#9 C:/Users/Asus/Documents/dev_clock/vendor/laravel/framework/src/Illuminate/Routing/Controller.php(54): App/Http/Controllers/AuthController->logout(Object(App/Services/ApiService))
#10 C:/Users/Asus/Documents/dev_clock/vendor/laravel/framework/src/Illuminate/Routing/ControllerDispatcher.php(43): Illuminate/Routing/Controller->callAction('logout', Array)
#11 C:/Users/Asus/Documents/dev_clock/vendor/laravel/framework/src/Illuminate/Routing/Route.php(259): Illuminate/Routing/ControllerDispatcher->dispatch(Object(Illuminate/Routing/Route), Object(App/Http/Controllers/AuthController), 'logout')
#12 C:/Users/Asus/Documents/dev_clock/vendor/laravel/framework/src/Illuminate/Routing/Route.php(205): Illuminate/Routing/Route->runController()
#13 C:/Users/Asus/Documents/dev_clock/vendor/laravel/framework/src/Illuminate/Routing/Router.php(806): Illuminate/Routing/Route->run()
#14 C:/Users/Asus/Documents/dev_clock/vendor/laravel/framework/src/Illuminate/Pipeline/Pipeline.php(144): Illuminate/Routing/Router->Illuminate/Routing/{closure}(Object(Illuminate/Http/Request))
#15 C:/Users/Asus/Documents/dev_clock/app/Http/Middleware/ApiAuthMiddleware.php(19): Illuminate/Pipeline/Pipeline->Illuminate/Pipeline/{closure}(Object(Illuminate/Http/Request))
#16 C:/Users/Asus/Documents/dev_clock/vendor/laravel/framework/src/Illuminate/Pipeline/Pipeline.php(183): App/Http/Middleware/ApiAuthMiddleware->handle(Object(Illuminate/Http/Request), Object(Closure))
#17 C:/Users/Asus/Documents/dev_clock/vendor/laravel/framework/src/Illuminate/Routing/Middleware/SubstituteBindings.php(50): Illuminate/Pipeline/Pipeline->Illuminate/Pipeline/{closure}(Object(Illuminate/Http/Request))
#18 C:/Users/Asus/Documents/dev_clock/vendor/laravel/framework/src/Illuminate/Pipeline/Pipeline.php(183): Illuminate/Routing/Middleware/SubstituteBindings->handle(Object(Illuminate/Http/Request), Object(Closure))
#19 C:/Users/Asus/Documents/dev_clock/vendor/laravel/framework/src/Illuminate/Foundation/Http/Middleware/VerifyCsrfToken.php(78): Illuminate/Pipeline/Pipeline->Illuminate/Pipeline/{closure}(Object(Illuminate/Http/Request))
#20 C:/Users/Asus/Documents/dev_clock/vendor/laravel/framework/src/Illuminate/Pipeline/Pipeline.php(183): Illuminate/Foundation/Http/Middleware/VerifyCsrfToken->handle(Object(Illuminate/Http/Request), Object(Closure))
#21 C:/Users/Asus/Documents/dev_clock/vendor/laravel/framework/src/Illuminate/View/Middleware/ShareErrorsFromSession.php(49): Illuminate/Pipeline/Pipeline->Illuminate/Pipeline/{closure}(Object(Illuminate/Http/Request))
#22 C:/Users/Asus/Documents/dev_clock/vendor/laravel/framework/src/Illuminate/Pipeline/Pipeline.php(183): Illuminate/View/Middleware/ShareErrorsFromSession->handle(Object(Illuminate/Http/Request), Object(Closure))
#23 C:/Users/Asus/Documents/dev_clock/vendor/laravel/framework/src/Illuminate/Session/Middleware/StartSession.php(121): Illuminate/Pipeline/Pipeline->Illuminate/Pipeline/{closure}(Object(Illuminate/Http/Request))
#24 C:/Users/Asus/Documents/dev_clock/vendor/laravel/framework/src/Illuminate/Session/Middleware/StartSession.php(64): Illuminate/Session/Middleware/StartSession->handleStatefulRequest(Object(Illuminate/Http/Request), Object(Illuminate/Session/Store), Object(Closure))
#25 C:/Users/Asus/Documents/dev_clock/vendor/laravel/framework/src/Illuminate/Pipeline/Pipeline.php(183): Illuminate/Session/Middleware/StartSession->handle(Object(Illuminate/Http/Request), Object(Closure))
#26 C:/Users/Asus/Documents/dev_clock/vendor/laravel/framework/src/Illuminate/Cookie/Middleware/AddQueuedCookiesToResponse.php(37): Illuminate/Pipeline/Pipeline->Illuminate/Pipeline/{closure}(Object(Illuminate/Http/Request))
#27 C:/Users/Asus/Documents/dev_clock/vendor/laravel/framework/src/Illuminate/Pipeline/Pipeline.php(183): Illuminate/Cookie/Middleware/AddQueuedCookiesToResponse->handle(Object(Illuminate/Http/Request), Object(Closure))
#28 C:/Users/Asus/Documents/dev_clock/vendor/laravel/framework/src/Illuminate/Cookie/Middleware/EncryptCookies.php(67): Illuminate/Pipeline/Pipeline->Illuminate/Pipeline/{closure}(Object(Illuminate/Http/Request))
#29 C:/Users/Asus/Documents/dev_clock/vendor/laravel/framework/src/Illuminate/Pipeline/Pipeline.php(183): Illuminate/Cookie/Middleware/EncryptCookies->handle(Object(Illuminate/Http/Request), Object(Closure))
#30 C:/Users/Asus/Documents/dev_clock/vendor/laravel/framework/src/Illuminate/Pipeline/Pipeline.php(119): Illuminate/Pipeline/Pipeline->Illuminate/Pipeline/{closure}(Object(Illuminate/Http/Request))
#31 C:/Users/Asus/Documents/dev_clock/vendor/laravel/framework/src/Illuminate/Routing/Router.php(805): Illuminate/Pipeline/Pipeline->then(Object(Closure))
#32 C:/Users/Asus/Documents/dev_clock/vendor/laravel/framework/src/Illuminate/Routing/Router.php(784): Illuminate/Routing/Router->runRouteWithinStack(Object(Illuminate/Routing/Route), Object(Illuminate/Http/Request))
#33 C:/Users/Asus/Documents/dev_clock/vendor/laravel/framework/src/Illuminate/Routing/Router.php(748): Illuminate/Routing/Router->runRoute(Object(Illuminate/Http/Request), Object(Illuminate/Routing/Route))
#34 C:/Users/Asus/Documents/dev_clock/vendor/laravel/framework/src/Illuminate/Routing/Router.php(737): Illuminate/Routing/Router->dispatchToRoute(Object(Illuminate/Http/Request))
#35 C:/Users/Asus/Documents/dev_clock/vendor/laravel/framework/src/Illuminate/Foundation/Http/Kernel.php(200): Illuminate/Routing/Router->dispatch(Object(Illuminate/Http/Request))
#36 C:/Users/Asus/Documents/dev_clock/vendor/laravel/framework/src/Illuminate/Pipeline/Pipeline.php(144): Illuminate/Foundation/Http/Kernel->Illuminate/Foundation/Http/{closure}(Object(Illuminate/Http/Request))
#37 C:/Users/Asus/Documents/dev_clock/vendor/laravel/framework/src/Illuminate/Foundation/Http/Middleware/TransformsRequest.php(21): Illuminate/Pipeline/Pipeline->Illuminate/Pipeline/{closure}(Object(Illuminate/Http/Request))
#38 C:/Users/Asus/Documents/dev_clock/vendor/laravel/framework/src/Illuminate/Foundation/Http/Middleware/ConvertEmptyStringsToNull.php(31): Illuminate/Foundation/Http/Middleware/TransformsRequest->handle(Object(Illuminate/Http/Request), Object(Closure))
#39 C:/Users/Asus/Documents/dev_clock/vendor/laravel/framework/src/Illuminate/Pipeline/Pipeline.php(183): Illuminate/Foundation/Http/Middleware/ConvertEmptyStringsToNull->handle(Object(Illuminate/Http/Request), Object(Closure))
#40 C:/Users/Asus/Documents/dev_clock/vendor/laravel/framework/src/Illuminate/Foundation/Http/Middleware/TransformsRequest.php(21): Illuminate/Pipeline/Pipeline->Illuminate/Pipeline/{closure}(Object(Illuminate/Http/Request))
#41 C:/Users/Asus/Documents/dev_clock/vendor/laravel/framework/src/Illuminate/Foundation/Http/Middleware/TrimStrings.php(40): Illuminate/Foundation/Http/Middleware/TransformsRequest->handle(Object(Illuminate/Http/Request), Object(Closure))
#42 C:/Users/Asus/Documents/dev_clock/vendor/laravel/framework/src/Illuminate/Pipeline/Pipeline.php(183): Illuminate/Foundation/Http/Middleware/TrimStrings->handle(Object(Illuminate/Http/Request), Object(Closure))
#43 C:/Users/Asus/Documents/dev_clock/vendor/laravel/framework/src/Illuminate/Foundation/Http/Middleware/ValidatePostSize.php(27): Illuminate/Pipeline/Pipeline->Illuminate/Pipeline/{closure}(Object(Illuminate/Http/Request))
#44 C:/Users/Asus/Documents/dev_clock/vendor/laravel/framework/src/Illuminate/Pipeline/Pipeline.php(183): Illuminate/Foundation/Http/Middleware/ValidatePostSize->handle(Object(Illuminate/Http/Request), Object(Closure))
#45 C:/Users/Asus/Documents/dev_clock/vendor/laravel/framework/src/Illuminate/Foundation/Http/Middleware/PreventRequestsDuringMaintenance.php(99): Illuminate/Pipeline/Pipeline->Illuminate/Pipeline/{closure}(Object(Illuminate/Http/Request))
#46 C:/Users/Asus/Documents/dev_clock/vendor/laravel/framework/src/Illuminate/Pipeline/Pipeline.php(183): Illuminate/Foundation/Http/Middleware/PreventRequestsDuringMaintenance->handle(Object(Illuminate/Http/Request), Object(Closure))
#47 C:/Users/Asus/Documents/dev_clock/vendor/laravel/framework/src/Illuminate/Pipeline/Pipeline.php(119): Illuminate/Pipeline/Pipeline->Illuminate/Pipeline/{closure}(Object(Illuminate/Http/Request))
#48 C:/Users/Asus/Documents/dev_clock/vendor/laravel/framework/src/Illuminate/Foundation/Http/Kernel.php(175): Illuminate/Pipeline/Pipeline->then(Object(Closure))
#49 C:/Users/Asus/Documents/dev_clock/vendor/laravel/framework/src/Illuminate/Foundation/Http/Kernel.php(144): Illuminate/Foundation/Http/Kernel->sendRequestThroughRouter(Object(Illuminate/Http/Request))
#50 C:/Users/Asus/Documents/dev_clock/public/index.php(18): Illuminate/Foundation/Http/Kernel->handle(Object(Illuminate/Http/Request))
#51 C:/Users/Asus/Documents/dev_clock/vendor/laravel/framework/src/Illuminate/Foundation/resources/server.php(16): require_once('C://Users//Asus//D...')
#52 {main}
"} 
[2026-07-11 16:30:27] local.ERROR: Route [settings] not defined. {"view":{"view":"C:\\Users\\Asus\\Documents\\dev_clock\\resources\\views\\components\\sidebar.blade.php","data":{"errors":"<pre class=sf-dump id=sf-dump-836546692 data-indent-pad=\"  \"><span class=sf-dump-note>Illuminate\\Support\\ViewErrorBag</span> {<a class=sf-dump-ref>#281</a><samp data-depth=1 class=sf-dump-expanded>
  #<span class=sf-dump-protected title=\"Protected property\">bags</span>: []
</samp>}
</pre><script>Sfdump(\"sf-dump-836546692\", {\"maxDepth\":3,\"maxStringLength\":160})</script>
","attendance":"<pre class=sf-dump id=sf-dump-1008853858 data-indent-pad=\"  \">[]
</pre><script>Sfdump(\"sf-dump-1008853858\", {\"maxDepth\":3,\"maxStringLength\":160})</script>
","apiError":"<pre class=sf-dump id=sf-dump-1785821347 data-indent-pad=\"  \">\"<span class=sf-dump-str title=\"36 characters\">No attendance record found for today</span>\"
</pre><script>Sfdump(\"sf-dump-1785821347\", {\"maxDepth\":3,\"maxStringLength\":160})</script>
","userId":"<pre class=sf-dump id=sf-dump-1810313648 data-indent-pad=\"  \"><span class=sf-dump-num>47</span>
</pre><script>Sfdump(\"sf-dump-1810313648\", {\"maxDepth\":3,\"maxStringLength\":160})</script>
","record":"<pre class=sf-dump id=sf-dump-34621516 data-indent-pad=\"  \">[]
</pre><script>Sfdump(\"sf-dump-34621516\", {\"maxDepth\":3,\"maxStringLength\":160})</script>
","log":"<pre class=sf-dump id=sf-dump-1374699072 data-indent-pad=\"  \">[]
</pre><script>Sfdump(\"sf-dump-1374699072\", {\"maxDepth\":3,\"maxStringLength\":160})</script>
","punchIn":"<pre class=sf-dump id=sf-dump-1061266206 data-indent-pad=\"  \"><span class=sf-dump-const>null</span>
</pre><script>Sfdump(\"sf-dump-1061266206\", {\"maxDepth\":3,\"maxStringLength\":160})</script>
","punchOut":"<pre class=sf-dump id=sf-dump-624849771 data-indent-pad=\"  \"><span class=sf-dump-const>null</span>
</pre><script>Sfdump(\"sf-dump-624849771\", {\"maxDepth\":3,\"maxStringLength\":160})</script>
","workMinutes":"<pre class=sf-dump id=sf-dump-202397550 data-indent-pad=\"  \"><span class=sf-dump-const>null</span>
</pre><script>Sfdump(\"sf-dump-202397550\", {\"maxDepth\":3,\"maxStringLength\":160})</script>
","lateMinutes":"<pre class=sf-dump id=sf-dump-644031278 data-indent-pad=\"  \"><span class=sf-dump-const>null</span>
</pre><script>Sfdump(\"sf-dump-644031278\", {\"maxDepth\":3,\"maxStringLength\":160})</script>
","status":"<pre class=sf-dump id=sf-dump-1749150500 data-indent-pad=\"  \">\"<span class=sf-dump-str title=\"10 characters\">Not marked</span>\"
</pre><script>Sfdump(\"sf-dump-1749150500\", {\"maxDepth\":3,\"maxStringLength\":160})</script>
","punchImage":"<pre class=sf-dump id=sf-dump-992512911 data-indent-pad=\"  \"><span class=sf-dump-const>null</span>
</pre><script>Sfdump(\"sf-dump-992512911\", {\"maxDepth\":3,\"maxStringLength\":160})</script>
"}},"exception":"[object] (Spatie\\LaravelIgnition\\Exceptions\\ViewException(code: 0): Route [settings] not defined. at C:/Users/Asus/Documents/dev_clock/vendor/laravel/framework/src/Illuminate/Routing/UrlGenerator.php:477)
[stacktrace]
#0 C:/Users/Asus/Documents/dev_clock/vendor/laravel/framework/src/Illuminate/Foundation/helpers.php(811): Illuminate/Routing/UrlGenerator->route('settings', Array, true)
#1 C:/Users/Asus/Documents/dev_clock/resources/views/components/sidebar.blade.php(147): route('settings')
#2 C:/Users/Asus/Documents/dev_clock/vendor/laravel/framework/src/Illuminate/Filesystem/Filesystem.php(123): require('C://Users//Asus//D...')
#3 C:/Users/Asus/Documents/dev_clock/vendor/laravel/framework/src/Illuminate/Filesystem/Filesystem.php(124): Illuminate/Filesystem/Filesystem::Illuminate/Filesystem/{closure}()
#4 C:/Users/Asus/Documents/dev_clock/vendor/laravel/framework/src/Illuminate/View/Engines/PhpEngine.php(58): Illuminate/Filesystem/Filesystem->getRequire('C://Users//Asus//D...', Array)
#5 C:/Users/Asus/Documents/dev_clock/vendor/laravel/framework/src/Illuminate/View/Engines/CompilerEngine.php(72): Illuminate/View/Engines/PhpEngine->evaluatePath('C://Users//Asus//D...', Array)
#6 C:/Users/Asus/Documents/dev_clock/vendor/laravel/framework/src/Illuminate/View/View.php(207): Illuminate/View/Engines/CompilerEngine->get('C://Users//Asus//D...', Array)
#7 C:/Users/Asus/Documents/dev_clock/vendor/laravel/framework/src/Illuminate/View/View.php(190): Illuminate/View/View->getContents()
#8 C:/Users/Asus/Documents/dev_clock/vendor/laravel/framework/src/Illuminate/View/View.php(159): Illuminate/View/View->renderContents()
#9 C:/Users/Asus/Documents/dev_clock/resources/views/layouts/app.blade.php(132): Illuminate/View/View->render()
#10 C:/Users/Asus/Documents/dev_clock/vendor/laravel/framework/src/Illuminate/Filesystem/Filesystem.php(123): require('C://Users//Asus//D...')
#11 C:/Users/Asus/Documents/dev_clock/vendor/laravel/framework/src/Illuminate/Filesystem/Filesystem.php(124): Illuminate/Filesystem/Filesystem::Illuminate/Filesystem/{closure}()
#12 C:/Users/Asus/Documents/dev_clock/vendor/laravel/framework/src/Illuminate/View/Engines/PhpEngine.php(58): Illuminate/Filesystem/Filesystem->getRequire('C://Users//Asus//D...', Array)
#13 C:/Users/Asus/Documents/dev_clock/vendor/laravel/framework/src/Illuminate/View/Engines/CompilerEngine.php(72): Illuminate/View/Engines/PhpEngine->evaluatePath('C://Users//Asus//D...', Array)
#14 C:/Users/Asus/Documents/dev_clock/vendor/laravel/framework/src/Illuminate/View/View.php(207): Illuminate/View/Engines/CompilerEngine->get('C://Users//Asus//D...', Array)
#15 C:/Users/Asus/Documents/dev_clock/vendor/laravel/framework/src/Illuminate/View/View.php(190): Illuminate/View/View->getContents()
#16 C:/Users/Asus/Documents/dev_clock/vendor/laravel/framework/src/Illuminate/View/View.php(159): Illuminate/View/View->renderContents()
#17 C:/Users/Asus/Documents/dev_clock/resources/views/home/index.blade.php(377): Illuminate/View/View->render()
#18 C:/Users/Asus/Documents/dev_clock/vendor/laravel/framework/src/Illuminate/Filesystem/Filesystem.php(123): require('C://Users//Asus//D...')
#19 C:/Users/Asus/Documents/dev_clock/vendor/laravel/framework/src/Illuminate/Filesystem/Filesystem.php(124): Illuminate/Filesystem/Filesystem::Illuminate/Filesystem/{closure}()
#20 C:/Users/Asus/Documents/dev_clock/vendor/laravel/framework/src/Illuminate/View/Engines/PhpEngine.php(58): Illuminate/Filesystem/Filesystem->getRequire('C://Users//Asus//D...', Array)
#21 C:/Users/Asus/Documents/dev_clock/vendor/laravel/framework/src/Illuminate/View/Engines/CompilerEngine.php(72): Illuminate/View/Engines/PhpEngine->evaluatePath('C://Users//Asus//D...', Array)
#22 C:/Users/Asus/Documents/dev_clock/vendor/laravel/framework/src/Illuminate/View/View.php(207): Illuminate/View/Engines/CompilerEngine->get('C://Users//Asus//D...', Array)
#23 C:/Users/Asus/Documents/dev_clock/vendor/laravel/framework/src/Illuminate/View/View.php(190): Illuminate/View/View->getContents()
#24 C:/Users/Asus/Documents/dev_clock/vendor/laravel/framework/src/Illuminate/View/View.php(159): Illuminate/View/View->renderContents()
#25 C:/Users/Asus/Documents/dev_clock/vendor/laravel/framework/src/Illuminate/Http/Response.php(69): Illuminate/View/View->render()
#26 C:/Users/Asus/Documents/dev_clock/vendor/laravel/framework/src/Illuminate/Http/Response.php(35): Illuminate/Http/Response->setContent(Object(Illuminate/View/View))
#27 C:/Users/Asus/Documents/dev_clock/vendor/laravel/framework/src/Illuminate/Routing/Router.php(918): Illuminate/Http/Response->__construct(Object(Illuminate/View/View), 200, Array)
#28 C:/Users/Asus/Documents/dev_clock/vendor/laravel/framework/src/Illuminate/Routing/Router.php(885): Illuminate/Routing/Router::toResponse(Object(Illuminate/Http/Request), Object(Illuminate/View/View))
#29 C:/Users/Asus/Documents/dev_clock/vendor/laravel/framework/src/Illuminate/Routing/Router.php(805): Illuminate/Routing/Router->prepareResponse(Object(Illuminate/Http/Request), Object(Illuminate/View/View))
#30 C:/Users/Asus/Documents/dev_clock/vendor/laravel/framework/src/Illuminate/Pipeline/Pipeline.php(144): Illuminate/Routing/Router->Illuminate/Routing/{closure}(Object(Illuminate/Http/Request))
#31 C:/Users/Asus/Documents/dev_clock/app/Http/Middleware/ApiAuthMiddleware.php(19): Illuminate/Pipeline/Pipeline->Illuminate/Pipeline/{closure}(Object(Illuminate/Http/Request))
#32 C:/Users/Asus/Documents/dev_clock/vendor/laravel/framework/src/Illuminate/Pipeline/Pipeline.php(183): App/Http/Middleware/ApiAuthMiddleware->handle(Object(Illuminate/Http/Request), Object(Closure))
#33 C:/Users/Asus/Documents/dev_clock/vendor/laravel/framework/src/Illuminate/Routing/Middleware/SubstituteBindings.php(50): Illuminate/Pipeline/Pipeline->Illuminate/Pipeline/{closure}(Object(Illuminate/Http/Request))
#34 C:/Users/Asus/Documents/dev_clock/vendor/laravel/framework/src/Illuminate/Pipeline/Pipeline.php(183): Illuminate/Routing/Middleware/SubstituteBindings->handle(Object(Illuminate/Http/Request), Object(Closure))
#35 C:/Users/Asus/Documents/dev_clock/vendor/laravel/framework/src/Illuminate/Foundation/Http/Middleware/VerifyCsrfToken.php(78): Illuminate/Pipeline/Pipeline->Illuminate/Pipeline/{closure}(Object(Illuminate/Http/Request))
#36 C:/Users/Asus/Documents/dev_clock/vendor/laravel/framework/src/Illuminate/Pipeline/Pipeline.php(183): Illuminate/Foundation/Http/Middleware/VerifyCsrfToken->handle(Object(Illuminate/Http/Request), Object(Closure))
#37 C:/Users/Asus/Documents/dev_clock/vendor/laravel/framework/src/Illuminate/View/Middleware/ShareErrorsFromSession.php(49): Illuminate/Pipeline/Pipeline->Illuminate/Pipeline/{closure}(Object(Illuminate/Http/Request))
#38 C:/Users/Asus/Documents/dev_clock/vendor/laravel/framework/src/Illuminate/Pipeline/Pipeline.php(183): Illuminate/View/Middleware/ShareErrorsFromSession->handle(Object(Illuminate/Http/Request), Object(Closure))
#39 C:/Users/Asus/Documents/dev_clock/vendor/laravel/framework/src/Illuminate/Session/Middleware/StartSession.php(121): Illuminate/Pipeline/Pipeline->Illuminate/Pipeline/{closure}(Object(Illuminate/Http/Request))
#40 C:/Users/Asus/Documents/dev_clock/vendor/laravel/framework/src/Illuminate/Session/Middleware/StartSession.php(64): Illuminate/Session/Middleware/StartSession->handleStatefulRequest(Object(Illuminate/Http/Request), Object(Illuminate/Session/Store), Object(Closure))
#41 C:/Users/Asus/Documents/dev_clock/vendor/laravel/framework/src/Illuminate/Pipeline/Pipeline.php(183): Illuminate/Session/Middleware/StartSession->handle(Object(Illuminate/Http/Request), Object(Closure))
#42 C:/Users/Asus/Documents/dev_clock/vendor/laravel/framework/src/Illuminate/Cookie/Middleware/AddQueuedCookiesToResponse.php(37): Illuminate/Pipeline/Pipeline->Illuminate/Pipeline/{closure}(Object(Illuminate/Http/Request))
#43 C:/Users/Asus/Documents/dev_clock/vendor/laravel/framework/src/Illuminate/Pipeline/Pipeline.php(183): Illuminate/Cookie/Middleware/AddQueuedCookiesToResponse->handle(Object(Illuminate/Http/Request), Object(Closure))
#44 C:/Users/Asus/Documents/dev_clock/vendor/laravel/framework/src/Illuminate/Cookie/Middleware/EncryptCookies.php(67): Illuminate/Pipeline/Pipeline->Illuminate/Pipeline/{closure}(Object(Illuminate/Http/Request))
#45 C:/Users/Asus/Documents/dev_clock/vendor/laravel/framework/src/Illuminate/Pipeline/Pipeline.php(183): Illuminate/Cookie/Middleware/EncryptCookies->handle(Object(Illuminate/Http/Request), Object(Closure))
#46 C:/Users/Asus/Documents/dev_clock/vendor/laravel/framework/src/Illuminate/Pipeline/Pipeline.php(119): Illuminate/Pipeline/Pipeline->Illuminate/Pipeline/{closure}(Object(Illuminate/Http/Request))
#47 C:/Users/Asus/Documents/dev_clock/vendor/laravel/framework/src/Illuminate/Routing/Router.php(805): Illuminate/Pipeline/Pipeline->then(Object(Closure))
#48 C:/Users/Asus/Documents/dev_clock/vendor/laravel/framework/src/Illuminate/Routing/Router.php(784): Illuminate/Routing/Router->runRouteWithinStack(Object(Illuminate/Routing/Route), Object(Illuminate/Http/Request))
#49 C:/Users/Asus/Documents/dev_clock/vendor/laravel/framework/src/Illuminate/Routing/Router.php(748): Illuminate/Routing/Router->runRoute(Object(Illuminate/Http/Request), Object(Illuminate/Routing/Route))
#50 C:/Users/Asus/Documents/dev_clock/vendor/laravel/framework/src/Illuminate/Routing/Router.php(737): Illuminate/Routing/Router->dispatchToRoute(Object(Illuminate/Http/Request))
#51 C:/Users/Asus/Documents/dev_clock/vendor/laravel/framework/src/Illuminate/Foundation/Http/Kernel.php(200): Illuminate/Routing/Router->dispatch(Object(Illuminate/Http/Request))
#52 C:/Users/Asus/Documents/dev_clock/vendor/laravel/framework/src/Illuminate/Pipeline/Pipeline.php(144): Illuminate/Foundation/Http/Kernel->Illuminate/Foundation/Http/{closure}(Object(Illuminate/Http/Request))
#53 C:/Users/Asus/Documents/dev_clock/vendor/laravel/framework/src/Illuminate/Foundation/Http/Middleware/TransformsRequest.php(21): Illuminate/Pipeline/Pipeline->Illuminate/Pipeline/{closure}(Object(Illuminate/Http/Request))
#54 C:/Users/Asus/Documents/dev_clock/vendor/laravel/framework/src/Illuminate/Foundation/Http/Middleware/ConvertEmptyStringsToNull.php(31): Illuminate/Foundation/Http/Middleware/TransformsRequest->handle(Object(Illuminate/Http/Request), Object(Closure))
#55 C:/Users/Asus/Documents/dev_clock/vendor/laravel/framework/src/Illuminate/Pipeline/Pipeline.php(183): Illuminate/Foundation/Http/Middleware/ConvertEmptyStringsToNull->handle(Object(Illuminate/Http/Request), Object(Closure))
#56 C:/Users/Asus/Documents/dev_clock/vendor/laravel/framework/src/Illuminate/Foundation/Http/Middleware/TransformsRequest.php(21): Illuminate/Pipeline/Pipeline->Illuminate/Pipeline/{closure}(Object(Illuminate/Http/Request))
#57 C:/Users/Asus/Documents/dev_clock/vendor/laravel/framework/src/Illuminate/Foundation/Http/Middleware/TrimStrings.php(40): Illuminate/Foundation/Http/Middleware/TransformsRequest->handle(Object(Illuminate/Http/Request), Object(Closure))
#58 C:/Users/Asus/Documents/dev_clock/vendor/laravel/framework/src/Illuminate/Pipeline/Pipeline.php(183): Illuminate/Foundation/Http/Middleware/TrimStrings->handle(Object(Illuminate/Http/Request), Object(Closure))
#59 C:/Users/Asus/Documents/dev_clock/vendor/laravel/framework/src/Illuminate/Foundation/Http/Middleware/ValidatePostSize.php(27): Illuminate/Pipeline/Pipeline->Illuminate/Pipeline/{closure}(Object(Illuminate/Http/Request))
#60 C:/Users/Asus/Documents/dev_clock/vendor/laravel/framework/src/Illuminate/Pipeline/Pipeline.php(183): Illuminate/Foundation/Http/Middleware/ValidatePostSize->handle(Object(Illuminate/Http/Request), Object(Closure))
#61 C:/Users/Asus/Documents/dev_clock/vendor/laravel/framework/src/Illuminate/Foundation/Http/Middleware/PreventRequestsDuringMaintenance.php(99): Illuminate/Pipeline/Pipeline->Illuminate/Pipeline/{closure}(Object(Illuminate/Http/Request))
#62 C:/Users/Asus/Documents/dev_clock/vendor/laravel/framework/src/Illuminate/Pipeline/Pipeline.php(183): Illuminate/Foundation/Http/Middleware/PreventRequestsDuringMaintenance->handle(Object(Illuminate/Http/Request), Object(Closure))
#63 C:/Users/Asus/Documents/dev_clock/vendor/laravel/framework/src/Illuminate/Pipeline/Pipeline.php(119): Illuminate/Pipeline/Pipeline->Illuminate/Pipeline/{closure}(Object(Illuminate/Http/Request))
#64 C:/Users/Asus/Documents/dev_clock/vendor/laravel/framework/src/Illuminate/Foundation/Http/Kernel.php(175): Illuminate/Pipeline/Pipeline->then(Object(Closure))
#65 C:/Users/Asus/Documents/dev_clock/vendor/laravel/framework/src/Illuminate/Foundation/Http/Kernel.php(144): Illuminate/Foundation/Http/Kernel->sendRequestThroughRouter(Object(Illuminate/Http/Request))
#66 C:/Users/Asus/Documents/dev_clock/public/index.php(18): Illuminate/Foundation/Http/Kernel->handle(Object(Illuminate/Http/Request))
#67 C:/Users/Asus/Documents/dev_clock/vendor/laravel/framework/src/Illuminate/Foundation/resources/server.php(16): require_once('C://Users//Asus//D...')
#68 {main}

[previous exception] [object] (Symfony\\Component\\Routing\\Exception\\RouteNotFoundException(code: 0): Route [settings] not defined. at C:/Users/Asus/Documents/dev_clock/vendor/laravel/framework/src/Illuminate/Routing/UrlGenerator.php:477)
[stacktrace]
#0 C:/Users/Asus/Documents/dev_clock/vendor/laravel/framework/src/Illuminate/Foundation/helpers.php(811): Illuminate/Routing/UrlGenerator->route('settings', Array, true)
#1 C:/Users/Asus/Documents/dev_clock/storage/framework/views/6e6138a0ac61e494edd8bd94695a751d.php(147): route('settings')
#2 C:/Users/Asus/Documents/dev_clock/vendor/laravel/framework/src/Illuminate/Filesystem/Filesystem.php(123): require('C://Users//Asus//D...')
#3 C:/Users/Asus/Documents/dev_clock/vendor/laravel/framework/src/Illuminate/Filesystem/Filesystem.php(124): Illuminate/Filesystem/Filesystem::Illuminate/Filesystem/{closure}()
#4 C:/Users/Asus/Documents/dev_clock/vendor/laravel/framework/src/Illuminate/View/Engines/PhpEngine.php(58): Illuminate/Filesystem/Filesystem->getRequire('C://Users//Asus//D...', Array)
#5 C:/Users/Asus/Documents/dev_clock/vendor/laravel/framework/src/Illuminate/View/Engines/CompilerEngine.php(72): Illuminate/View/Engines/PhpEngine->evaluatePath('C://Users//Asus//D...', Array)
#6 C:/Users/Asus/Documents/dev_clock/vendor/laravel/framework/src/Illuminate/View/View.php(207): Illuminate/View/Engines/CompilerEngine->get('C://Users//Asus//D...', Array)
#7 C:/Users/Asus/Documents/dev_clock/vendor/laravel/framework/src/Illuminate/View/View.php(190): Illuminate/View/View->getContents()
#8 C:/Users/Asus/Documents/dev_clock/vendor/laravel/framework/src/Illuminate/View/View.php(159): Illuminate/View/View->renderContents()
#9 C:/Users/Asus/Documents/dev_clock/storage/framework/views/6f22a6944515cf6b8b5223bcc3168dd3.php(132): Illuminate/View/View->render()
#10 C:/Users/Asus/Documents/dev_clock/vendor/laravel/framework/src/Illuminate/Filesystem/Filesystem.php(123): require('C://Users//Asus//D...')
#11 C:/Users/Asus/Documents/dev_clock/vendor/laravel/framework/src/Illuminate/Filesystem/Filesystem.php(124): Illuminate/Filesystem/Filesystem::Illuminate/Filesystem/{closure}()
#12 C:/Users/Asus/Documents/dev_clock/vendor/laravel/framework/src/Illuminate/View/Engines/PhpEngine.php(58): Illuminate/Filesystem/Filesystem->getRequire('C://Users//Asus//D...', Array)
#13 C:/Users/Asus/Documents/dev_clock/vendor/laravel/framework/src/Illuminate/View/Engines/CompilerEngine.php(72): Illuminate/View/Engines/PhpEngine->evaluatePath('C://Users//Asus//D...', Array)
#14 C:/Users/Asus/Documents/dev_clock/vendor/laravel/framework/src/Illuminate/View/View.php(207): Illuminate/View/Engines/CompilerEngine->get('C://Users//Asus//D...', Array)
#15 C:/Users/Asus/Documents/dev_clock/vendor/laravel/framework/src/Illuminate/View/View.php(190): Illuminate/View/View->getContents()
#16 C:/Users/Asus/Documents/dev_clock/vendor/laravel/framework/src/Illuminate/View/View.php(159): Illuminate/View/View->renderContents()
#17 C:/Users/Asus/Documents/dev_clock/storage/framework/views/5cd21d8dd8291dc3f660bea66e160959.php(376): Illuminate/View/View->render()
#18 C:/Users/Asus/Documents/dev_clock/vendor/laravel/framework/src/Illuminate/Filesystem/Filesystem.php(123): require('C://Users//Asus//D...')
#19 C:/Users/Asus/Documents/dev_clock/vendor/laravel/framework/src/Illuminate/Filesystem/Filesystem.php(124): Illuminate/Filesystem/Filesystem::Illuminate/Filesystem/{closure}()
#20 C:/Users/Asus/Documents/dev_clock/vendor/laravel/framework/src/Illuminate/View/Engines/PhpEngine.php(58): Illuminate/Filesystem/Filesystem->getRequire('C://Users//Asus//D...', Array)
#21 C:/Users/Asus/Documents/dev_clock/vendor/laravel/framework/src/Illuminate/View/Engines/CompilerEngine.php(72): Illuminate/View/Engines/PhpEngine->evaluatePath('C://Users//Asus//D...', Array)
#22 C:/Users/Asus/Documents/dev_clock/vendor/laravel/framework/src/Illuminate/View/View.php(207): Illuminate/View/Engines/CompilerEngine->get('C://Users//Asus//D...', Array)
#23 C:/Users/Asus/Documents/dev_clock/vendor/laravel/framework/src/Illuminate/View/View.php(190): Illuminate/View/View->getContents()
#24 C:/Users/Asus/Documents/dev_clock/vendor/laravel/framework/src/Illuminate/View/View.php(159): Illuminate/View/View->renderContents()
#25 C:/Users/Asus/Documents/dev_clock/vendor/laravel/framework/src/Illuminate/Http/Response.php(69): Illuminate/View/View->render()
#26 C:/Users/Asus/Documents/dev_clock/vendor/laravel/framework/src/Illuminate/Http/Response.php(35): Illuminate/Http/Response->setContent(Object(Illuminate/View/View))
#27 C:/Users/Asus/Documents/dev_clock/vendor/laravel/framework/src/Illuminate/Routing/Router.php(918): Illuminate/Http/Response->__construct(Object(Illuminate/View/View), 200, Array)
#28 C:/Users/Asus/Documents/dev_clock/vendor/laravel/framework/src/Illuminate/Routing/Router.php(885): Illuminate/Routing/Router::toResponse(Object(Illuminate/Http/Request), Object(Illuminate/View/View))
#29 C:/Users/Asus/Documents/dev_clock/vendor/laravel/framework/src/Illuminate/Routing/Router.php(805): Illuminate/Routing/Router->prepareResponse(Object(Illuminate/Http/Request), Object(Illuminate/View/View))
#30 C:/Users/Asus/Documents/dev_clock/vendor/laravel/framework/src/Illuminate/Pipeline/Pipeline.php(144): Illuminate/Routing/Router->Illuminate/Routing/{closure}(Object(Illuminate/Http/Request))
#31 C:/Users/Asus/Documents/dev_clock/app/Http/Middleware/ApiAuthMiddleware.php(19): Illuminate/Pipeline/Pipeline->Illuminate/Pipeline/{closure}(Object(Illuminate/Http/Request))
#32 C:/Users/Asus/Documents/dev_clock/vendor/laravel/framework/src/Illuminate/Pipeline/Pipeline.php(183): App/Http/Middleware/ApiAuthMiddleware->handle(Object(Illuminate/Http/Request), Object(Closure))
#33 C:/Users/Asus/Documents/dev_clock/vendor/laravel/framework/src/Illuminate/Routing/Middleware/SubstituteBindings.php(50): Illuminate/Pipeline/Pipeline->Illuminate/Pipeline/{closure}(Object(Illuminate/Http/Request))
#34 C:/Users/Asus/Documents/dev_clock/vendor/laravel/framework/src/Illuminate/Pipeline/Pipeline.php(183): Illuminate/Routing/Middleware/SubstituteBindings->handle(Object(Illuminate/Http/Request), Object(Closure))
#35 C:/Users/Asus/Documents/dev_clock/vendor/laravel/framework/src/Illuminate/Foundation/Http/Middleware/VerifyCsrfToken.php(78): Illuminate/Pipeline/Pipeline->Illuminate/Pipeline/{closure}(Object(Illuminate/Http/Request))
#36 C:/Users/Asus/Documents/dev_clock/vendor/laravel/framework/src/Illuminate/Pipeline/Pipeline.php(183): Illuminate/Foundation/Http/Middleware/VerifyCsrfToken->handle(Object(Illuminate/Http/Request), Object(Closure))
#37 C:/Users/Asus/Documents/dev_clock/vendor/laravel/framework/src/Illuminate/View/Middleware/ShareErrorsFromSession.php(49): Illuminate/Pipeline/Pipeline->Illuminate/Pipeline/{closure}(Object(Illuminate/Http/Request))
#38 C:/Users/Asus/Documents/dev_clock/vendor/laravel/framework/src/Illuminate/Pipeline/Pipeline.php(183): Illuminate/View/Middleware/ShareErrorsFromSession->handle(Object(Illuminate/Http/Request), Object(Closure))
#39 C:/Users/Asus/Documents/dev_clock/vendor/laravel/framework/src/Illuminate/Session/Middleware/StartSession.php(121): Illuminate/Pipeline/Pipeline->Illuminate/Pipeline/{closure}(Object(Illuminate/Http/Request))
#40 C:/Users/Asus/Documents/dev_clock/vendor/laravel/framework/src/Illuminate/Session/Middleware/StartSession.php(64): Illuminate/Session/Middleware/StartSession->handleStatefulRequest(Object(Illuminate/Http/Request), Object(Illuminate/Session/Store), Object(Closure))
#41 C:/Users/Asus/Documents/dev_clock/vendor/laravel/framework/src/Illuminate/Pipeline/Pipeline.php(183): Illuminate/Session/Middleware/StartSession->handle(Object(Illuminate/Http/Request), Object(Closure))
#42 C:/Users/Asus/Documents/dev_clock/vendor/laravel/framework/src/Illuminate/Cookie/Middleware/AddQueuedCookiesToResponse.php(37): Illuminate/Pipeline/Pipeline->Illuminate/Pipeline/{closure}(Object(Illuminate/Http/Request))
#43 C:/Users/Asus/Documents/dev_clock/vendor/laravel/framework/src/Illuminate/Pipeline/Pipeline.php(183): Illuminate/Cookie/Middleware/AddQueuedCookiesToResponse->handle(Object(Illuminate/Http/Request), Object(Closure))
#44 C:/Users/Asus/Documents/dev_clock/vendor/laravel/framework/src/Illuminate/Cookie/Middleware/EncryptCookies.php(67): Illuminate/Pipeline/Pipeline->Illuminate/Pipeline/{closure}(Object(Illuminate/Http/Request))
#45 C:/Users/Asus/Documents/dev_clock/vendor/laravel/framework/src/Illuminate/Pipeline/Pipeline.php(183): Illuminate/Cookie/Middleware/EncryptCookies->handle(Object(Illuminate/Http/Request), Object(Closure))
#46 C:/Users/Asus/Documents/dev_clock/vendor/laravel/framework/src/Illuminate/Pipeline/Pipeline.php(119): Illuminate/Pipeline/Pipeline->Illuminate/Pipeline/{closure}(Object(Illuminate/Http/Request))
#47 C:/Users/Asus/Documents/dev_clock/vendor/laravel/framework/src/Illuminate/Routing/Router.php(805): Illuminate/Pipeline/Pipeline->then(Object(Closure))
#48 C:/Users/Asus/Documents/dev_clock/vendor/laravel/framework/src/Illuminate/Routing/Router.php(784): Illuminate/Routing/Router->runRouteWithinStack(Object(Illuminate/Routing/Route), Object(Illuminate/Http/Request))
#49 C:/Users/Asus/Documents/dev_clock/vendor/laravel/framework/src/Illuminate/Routing/Router.php(748): Illuminate/Routing/Router->runRoute(Object(Illuminate/Http/Request), Object(Illuminate/Routing/Route))
#50 C:/Users/Asus/Documents/dev_clock/vendor/laravel/framework/src/Illuminate/Routing/Router.php(737): Illuminate/Routing/Router->dispatchToRoute(Object(Illuminate/Http/Request))
#51 C:/Users/Asus/Documents/dev_clock/vendor/laravel/framework/src/Illuminate/Foundation/Http/Kernel.php(200): Illuminate/Routing/Router->dispatch(Object(Illuminate/Http/Request))
#52 C:/Users/Asus/Documents/dev_clock/vendor/laravel/framework/src/Illuminate/Pipeline/Pipeline.php(144): Illuminate/Foundation/Http/Kernel->Illuminate/Foundation/Http/{closure}(Object(Illuminate/Http/Request))
#53 C:/Users/Asus/Documents/dev_clock/vendor/laravel/framework/src/Illuminate/Foundation/Http/Middleware/TransformsRequest.php(21): Illuminate/Pipeline/Pipeline->Illuminate/Pipeline/{closure}(Object(Illuminate/Http/Request))
#54 C:/Users/Asus/Documents/dev_clock/vendor/laravel/framework/src/Illuminate/Foundation/Http/Middleware/ConvertEmptyStringsToNull.php(31): Illuminate/Foundation/Http/Middleware/TransformsRequest->handle(Object(Illuminate/Http/Request), Object(Closure))
#55 C:/Users/Asus/Documents/dev_clock/vendor/laravel/framework/src/Illuminate/Pipeline/Pipeline.php(183): Illuminate/Foundation/Http/Middleware/ConvertEmptyStringsToNull->handle(Object(Illuminate/Http/Request), Object(Closure))
#56 C:/Users/Asus/Documents/dev_clock/vendor/laravel/framework/src/Illuminate/Foundation/Http/Middleware/TransformsRequest.php(21): Illuminate/Pipeline/Pipeline->Illuminate/Pipeline/{closure}(Object(Illuminate/Http/Request))
#57 C:/Users/Asus/Documents/dev_clock/vendor/laravel/framework/src/Illuminate/Foundation/Http/Middleware/TrimStrings.php(40): Illuminate/Foundation/Http/Middleware/TransformsRequest->handle(Object(Illuminate/Http/Request), Object(Closure))
#58 C:/Users/Asus/Documents/dev_clock/vendor/laravel/framework/src/Illuminate/Pipeline/Pipeline.php(183): Illuminate/Foundation/Http/Middleware/TrimStrings->handle(Object(Illuminate/Http/Request), Object(Closure))
#59 C:/Users/Asus/Documents/dev_clock/vendor/laravel/framework/src/Illuminate/Foundation/Http/Middleware/ValidatePostSize.php(27): Illuminate/Pipeline/Pipeline->Illuminate/Pipeline/{closure}(Object(Illuminate/Http/Request))
#60 C:/Users/Asus/Documents/dev_clock/vendor/laravel/framework/src/Illuminate/Pipeline/Pipeline.php(183): Illuminate/Foundation/Http/Middleware/ValidatePostSize->handle(Object(Illuminate/Http/Request), Object(Closure))
#61 C:/Users/Asus/Documents/dev_clock/vendor/laravel/framework/src/Illuminate/Foundation/Http/Middleware/PreventRequestsDuringMaintenance.php(99): Illuminate/Pipeline/Pipeline->Illuminate/Pipeline/{closure}(Object(Illuminate/Http/Request))
#62 C:/Users/Asus/Documents/dev_clock/vendor/laravel/framework/src/Illuminate/Pipeline/Pipeline.php(183): Illuminate/Foundation/Http/Middleware/PreventRequestsDuringMaintenance->handle(Object(Illuminate/Http/Request), Object(Closure))
#63 C:/Users/Asus/Documents/dev_clock/vendor/laravel/framework/src/Illuminate/Pipeline/Pipeline.php(119): Illuminate/Pipeline/Pipeline->Illuminate/Pipeline/{closure}(Object(Illuminate/Http/Request))
#64 C:/Users/Asus/Documents/dev_clock/vendor/laravel/framework/src/Illuminate/Foundation/Http/Kernel.php(175): Illuminate/Pipeline/Pipeline->then(Object(Closure))
#65 C:/Users/Asus/Documents/dev_clock/vendor/laravel/framework/src/Illuminate/Foundation/Http/Kernel.php(144): Illuminate/Foundation/Http/Kernel->sendRequestThroughRouter(Object(Illuminate/Http/Request))
#66 C:/Users/Asus/Documents/dev_clock/public/index.php(18): Illuminate/Foundation/Http/Kernel->handle(Object(Illuminate/Http/Request))
#67 C:/Users/Asus/Documents/dev_clock/vendor/laravel/framework/src/Illuminate/Foundation/resources/server.php(16): require_once('C://Users//Asus//D...')
#68 {main}
"} 
[2026-07-11 20:54:58] local.ERROR: Route [settings] not defined. {"view":{"view":"C:\\Users\\Asus\\Documents\\dev_clock\\resources\\views\\components\\sidebar.blade.php","data":{"errors":"<pre class=sf-dump id=sf-dump-293931897 data-indent-pad=\"  \"><span class=sf-dump-note>Illuminate\\Support\\ViewErrorBag</span> {<a class=sf-dump-ref>#281</a><samp data-depth=1 class=sf-dump-expanded>
  #<span class=sf-dump-protected title=\"Protected property\">bags</span>: []
</samp>}
</pre><script>Sfdump(\"sf-dump-293931897\", {\"maxDepth\":3,\"maxStringLength\":160})</script>
","attendance":"<pre class=sf-dump id=sf-dump-571098305 data-indent-pad=\"  \">[]
</pre><script>Sfdump(\"sf-dump-571098305\", {\"maxDepth\":3,\"maxStringLength\":160})</script>
","apiError":"<pre class=sf-dump id=sf-dump-1077696703 data-indent-pad=\"  \">\"<span class=sf-dump-str title=\"36 characters\">No attendance record found for today</span>\"
</pre><script>Sfdump(\"sf-dump-1077696703\", {\"maxDepth\":3,\"maxStringLength\":160})</script>
","userId":"<pre class=sf-dump id=sf-dump-1391251528 data-indent-pad=\"  \"><span class=sf-dump-num>47</span>
</pre><script>Sfdump(\"sf-dump-1391251528\", {\"maxDepth\":3,\"maxStringLength\":160})</script>
","record":"<pre class=sf-dump id=sf-dump-1551024773 data-indent-pad=\"  \">[]
</pre><script>Sfdump(\"sf-dump-1551024773\", {\"maxDepth\":3,\"maxStringLength\":160})</script>
","log":"<pre class=sf-dump id=sf-dump-131850223 data-indent-pad=\"  \">[]
</pre><script>Sfdump(\"sf-dump-131850223\", {\"maxDepth\":3,\"maxStringLength\":160})</script>
","punchIn":"<pre class=sf-dump id=sf-dump-1751198264 data-indent-pad=\"  \"><span class=sf-dump-const>null</span>
</pre><script>Sfdump(\"sf-dump-1751198264\", {\"maxDepth\":3,\"maxStringLength\":160})</script>
","punchOut":"<pre class=sf-dump id=sf-dump-1532929228 data-indent-pad=\"  \"><span class=sf-dump-const>null</span>
</pre><script>Sfdump(\"sf-dump-1532929228\", {\"maxDepth\":3,\"maxStringLength\":160})</script>
","workMinutes":"<pre class=sf-dump id=sf-dump-939221848 data-indent-pad=\"  \"><span class=sf-dump-const>null</span>
</pre><script>Sfdump(\"sf-dump-939221848\", {\"maxDepth\":3,\"maxStringLength\":160})</script>
","lateMinutes":"<pre class=sf-dump id=sf-dump-1259686194 data-indent-pad=\"  \"><span class=sf-dump-const>null</span>
</pre><script>Sfdump(\"sf-dump-1259686194\", {\"maxDepth\":3,\"maxStringLength\":160})</script>
","status":"<pre class=sf-dump id=sf-dump-1050639561 data-indent-pad=\"  \">\"<span class=sf-dump-str title=\"10 characters\">Not marked</span>\"
</pre><script>Sfdump(\"sf-dump-1050639561\", {\"maxDepth\":3,\"maxStringLength\":160})</script>
","punchImage":"<pre class=sf-dump id=sf-dump-1875526647 data-indent-pad=\"  \"><span class=sf-dump-const>null</span>
</pre><script>Sfdump(\"sf-dump-1875526647\", {\"maxDepth\":3,\"maxStringLength\":160})</script>
"}},"exception":"[object] (Spatie\\LaravelIgnition\\Exceptions\\ViewException(code: 0): Route [settings] not defined. at C:/Users/Asus/Documents/dev_clock/vendor/laravel/framework/src/Illuminate/Routing/UrlGenerator.php:477)
[stacktrace]
#0 C:/Users/Asus/Documents/dev_clock/vendor/laravel/framework/src/Illuminate/Foundation/helpers.php(811): Illuminate/Routing/UrlGenerator->route('settings', Array, true)
#1 C:/Users/Asus/Documents/dev_clock/resources/views/components/sidebar.blade.php(147): route('settings')
#2 C:/Users/Asus/Documents/dev_clock/vendor/laravel/framework/src/Illuminate/Filesystem/Filesystem.php(123): require('C://Users//Asus//D...')
#3 C:/Users/Asus/Documents/dev_clock/vendor/laravel/framework/src/Illuminate/Filesystem/Filesystem.php(124): Illuminate/Filesystem/Filesystem::Illuminate/Filesystem/{closure}()
#4 C:/Users/Asus/Documents/dev_clock/vendor/laravel/framework/src/Illuminate/View/Engines/PhpEngine.php(58): Illuminate/Filesystem/Filesystem->getRequire('C://Users//Asus//D...', Array)
#5 C:/Users/Asus/Documents/dev_clock/vendor/laravel/framework/src/Illuminate/View/Engines/CompilerEngine.php(72): Illuminate/View/Engines/PhpEngine->evaluatePath('C://Users//Asus//D...', Array)
#6 C:/Users/Asus/Documents/dev_clock/vendor/laravel/framework/src/Illuminate/View/View.php(207): Illuminate/View/Engines/CompilerEngine->get('C://Users//Asus//D...', Array)
#7 C:/Users/Asus/Documents/dev_clock/vendor/laravel/framework/src/Illuminate/View/View.php(190): Illuminate/View/View->getContents()
#8 C:/Users/Asus/Documents/dev_clock/vendor/laravel/framework/src/Illuminate/View/View.php(159): Illuminate/View/View->renderContents()
#9 C:/Users/Asus/Documents/dev_clock/resources/views/layouts/app.blade.php(132): Illuminate/View/View->render()
#10 C:/Users/Asus/Documents/dev_clock/vendor/laravel/framework/src/Illuminate/Filesystem/Filesystem.php(123): require('C://Users//Asus//D...')
#11 C:/Users/Asus/Documents/dev_clock/vendor/laravel/framework/src/Illuminate/Filesystem/Filesystem.php(124): Illuminate/Filesystem/Filesystem::Illuminate/Filesystem/{closure}()
#12 C:/Users/Asus/Documents/dev_clock/vendor/laravel/framework/src/Illuminate/View/Engines/PhpEngine.php(58): Illuminate/Filesystem/Filesystem->getRequire('C://Users//Asus//D...', Array)
#13 C:/Users/Asus/Documents/dev_clock/vendor/laravel/framework/src/Illuminate/View/Engines/CompilerEngine.php(72): Illuminate/View/Engines/PhpEngine->evaluatePath('C://Users//Asus//D...', Array)
#14 C:/Users/Asus/Documents/dev_clock/vendor/laravel/framework/src/Illuminate/View/View.php(207): Illuminate/View/Engines/CompilerEngine->get('C://Users//Asus//D...', Array)
#15 C:/Users/Asus/Documents/dev_clock/vendor/laravel/framework/src/Illuminate/View/View.php(190): Illuminate/View/View->getContents()
#16 C:/Users/Asus/Documents/dev_clock/vendor/laravel/framework/src/Illuminate/View/View.php(159): Illuminate/View/View->renderContents()
#17 C:/Users/Asus/Documents/dev_clock/resources/views/home/index.blade.php(377): Illuminate/View/View->render()
#18 C:/Users/Asus/Documents/dev_clock/vendor/laravel/framework/src/Illuminate/Filesystem/Filesystem.php(123): require('C://Users//Asus//D...')
#19 C:/Users/Asus/Documents/dev_clock/vendor/laravel/framework/src/Illuminate/Filesystem/Filesystem.php(124): Illuminate/Filesystem/Filesystem::Illuminate/Filesystem/{closure}()
#20 C:/Users/Asus/Documents/dev_clock/vendor/laravel/framework/src/Illuminate/View/Engines/PhpEngine.php(58): Illuminate/Filesystem/Filesystem->getRequire('C://Users//Asus//D...', Array)
#21 C:/Users/Asus/Documents/dev_clock/vendor/laravel/framework/src/Illuminate/View/Engines/CompilerEngine.php(72): Illuminate/View/Engines/PhpEngine->evaluatePath('C://Users//Asus//D...', Array)
#22 C:/Users/Asus/Documents/dev_clock/vendor/laravel/framework/src/Illuminate/View/View.php(207): Illuminate/View/Engines/CompilerEngine->get('C://Users//Asus//D...', Array)
#23 C:/Users/Asus/Documents/dev_clock/vendor/laravel/framework/src/Illuminate/View/View.php(190): Illuminate/View/View->getContents()
#24 C:/Users/Asus/Documents/dev_clock/vendor/laravel/framework/src/Illuminate/View/View.php(159): Illuminate/View/View->renderContents()
#25 C:/Users/Asus/Documents/dev_clock/vendor/laravel/framework/src/Illuminate/Http/Response.php(69): Illuminate/View/View->render()
#26 C:/Users/Asus/Documents/dev_clock/vendor/laravel/framework/src/Illuminate/Http/Response.php(35): Illuminate/Http/Response->setContent(Object(Illuminate/View/View))
#27 C:/Users/Asus/Documents/dev_clock/vendor/laravel/framework/src/Illuminate/Routing/Router.php(918): Illuminate/Http/Response->__construct(Object(Illuminate/View/View), 200, Array)
#28 C:/Users/Asus/Documents/dev_clock/vendor/laravel/framework/src/Illuminate/Routing/Router.php(885): Illuminate/Routing/Router::toResponse(Object(Illuminate/Http/Request), Object(Illuminate/View/View))
#29 C:/Users/Asus/Documents/dev_clock/vendor/laravel/framework/src/Illuminate/Routing/Router.php(805): Illuminate/Routing/Router->prepareResponse(Object(Illuminate/Http/Request), Object(Illuminate/View/View))
#30 C:/Users/Asus/Documents/dev_clock/vendor/laravel/framework/src/Illuminate/Pipeline/Pipeline.php(144): Illuminate/Routing/Router->Illuminate/Routing/{closure}(Object(Illuminate/Http/Request))
#31 C:/Users/Asus/Documents/dev_clock/app/Http/Middleware/ApiAuthMiddleware.php(19): Illuminate/Pipeline/Pipeline->Illuminate/Pipeline/{closure}(Object(Illuminate/Http/Request))
#32 C:/Users/Asus/Documents/dev_clock/vendor/laravel/framework/src/Illuminate/Pipeline/Pipeline.php(183): App/Http/Middleware/ApiAuthMiddleware->handle(Object(Illuminate/Http/Request), Object(Closure))
#33 C:/Users/Asus/Documents/dev_clock/vendor/laravel/framework/src/Illuminate/Routing/Middleware/SubstituteBindings.php(50): Illuminate/Pipeline/Pipeline->Illuminate/Pipeline/{closure}(Object(Illuminate/Http/Request))
#34 C:/Users/Asus/Documents/dev_clock/vendor/laravel/framework/src/Illuminate/Pipeline/Pipeline.php(183): Illuminate/Routing/Middleware/SubstituteBindings->handle(Object(Illuminate/Http/Request), Object(Closure))
#35 C:/Users/Asus/Documents/dev_clock/vendor/laravel/framework/src/Illuminate/Foundation/Http/Middleware/VerifyCsrfToken.php(78): Illuminate/Pipeline/Pipeline->Illuminate/Pipeline/{closure}(Object(Illuminate/Http/Request))
#36 C:/Users/Asus/Documents/dev_clock/vendor/laravel/framework/src/Illuminate/Pipeline/Pipeline.php(183): Illuminate/Foundation/Http/Middleware/VerifyCsrfToken->handle(Object(Illuminate/Http/Request), Object(Closure))
#37 C:/Users/Asus/Documents/dev_clock/vendor/laravel/framework/src/Illuminate/View/Middleware/ShareErrorsFromSession.php(49): Illuminate/Pipeline/Pipeline->Illuminate/Pipeline/{closure}(Object(Illuminate/Http/Request))
#38 C:/Users/Asus/Documents/dev_clock/vendor/laravel/framework/src/Illuminate/Pipeline/Pipeline.php(183): Illuminate/View/Middleware/ShareErrorsFromSession->handle(Object(Illuminate/Http/Request), Object(Closure))
#39 C:/Users/Asus/Documents/dev_clock/vendor/laravel/framework/src/Illuminate/Session/Middleware/StartSession.php(121): Illuminate/Pipeline/Pipeline->Illuminate/Pipeline/{closure}(Object(Illuminate/Http/Request))
#40 C:/Users/Asus/Documents/dev_clock/vendor/laravel/framework/src/Illuminate/Session/Middleware/StartSession.php(64): Illuminate/Session/Middleware/StartSession->handleStatefulRequest(Object(Illuminate/Http/Request), Object(Illuminate/Session/Store), Object(Closure))
#41 C:/Users/Asus/Documents/dev_clock/vendor/laravel/framework/src/Illuminate/Pipeline/Pipeline.php(183): Illuminate/Session/Middleware/StartSession->handle(Object(Illuminate/Http/Request), Object(Closure))
#42 C:/Users/Asus/Documents/dev_clock/vendor/laravel/framework/src/Illuminate/Cookie/Middleware/AddQueuedCookiesToResponse.php(37): Illuminate/Pipeline/Pipeline->Illuminate/Pipeline/{closure}(Object(Illuminate/Http/Request))
#43 C:/Users/Asus/Documents/dev_clock/vendor/laravel/framework/src/Illuminate/Pipeline/Pipeline.php(183): Illuminate/Cookie/Middleware/AddQueuedCookiesToResponse->handle(Object(Illuminate/Http/Request), Object(Closure))
#44 C:/Users/Asus/Documents/dev_clock/vendor/laravel/framework/src/Illuminate/Cookie/Middleware/EncryptCookies.php(67): Illuminate/Pipeline/Pipeline->Illuminate/Pipeline/{closure}(Object(Illuminate/Http/Request))
#45 C:/Users/Asus/Documents/dev_clock/vendor/laravel/framework/src/Illuminate/Pipeline/Pipeline.php(183): Illuminate/Cookie/Middleware/EncryptCookies->handle(Object(Illuminate/Http/Request), Object(Closure))
#46 C:/Users/Asus/Documents/dev_clock/vendor/laravel/framework/src/Illuminate/Pipeline/Pipeline.php(119): Illuminate/Pipeline/Pipeline->Illuminate/Pipeline/{closure}(Object(Illuminate/Http/Request))
#47 C:/Users/Asus/Documents/dev_clock/vendor/laravel/framework/src/Illuminate/Routing/Router.php(805): Illuminate/Pipeline/Pipeline->then(Object(Closure))
#48 C:/Users/Asus/Documents/dev_clock/vendor/laravel/framework/src/Illuminate/Routing/Router.php(784): Illuminate/Routing/Router->runRouteWithinStack(Object(Illuminate/Routing/Route), Object(Illuminate/Http/Request))
#49 C:/Users/Asus/Documents/dev_clock/vendor/laravel/framework/src/Illuminate/Routing/Router.php(748): Illuminate/Routing/Router->runRoute(Object(Illuminate/Http/Request), Object(Illuminate/Routing/Route))
#50 C:/Users/Asus/Documents/dev_clock/vendor/laravel/framework/src/Illuminate/Routing/Router.php(737): Illuminate/Routing/Router->dispatchToRoute(Object(Illuminate/Http/Request))
#51 C:/Users/Asus/Documents/dev_clock/vendor/laravel/framework/src/Illuminate/Foundation/Http/Kernel.php(200): Illuminate/Routing/Router->dispatch(Object(Illuminate/Http/Request))
#52 C:/Users/Asus/Documents/dev_clock/vendor/laravel/framework/src/Illuminate/Pipeline/Pipeline.php(144): Illuminate/Foundation/Http/Kernel->Illuminate/Foundation/Http/{closure}(Object(Illuminate/Http/Request))
#53 C:/Users/Asus/Documents/dev_clock/vendor/laravel/framework/src/Illuminate/Foundation/Http/Middleware/TransformsRequest.php(21): Illuminate/Pipeline/Pipeline->Illuminate/Pipeline/{closure}(Object(Illuminate/Http/Request))
#54 C:/Users/Asus/Documents/dev_clock/vendor/laravel/framework/src/Illuminate/Foundation/Http/Middleware/ConvertEmptyStringsToNull.php(31): Illuminate/Foundation/Http/Middleware/TransformsRequest->handle(Object(Illuminate/Http/Request), Object(Closure))
#55 C:/Users/Asus/Documents/dev_clock/vendor/laravel/framework/src/Illuminate/Pipeline/Pipeline.php(183): Illuminate/Foundation/Http/Middleware/ConvertEmptyStringsToNull->handle(Object(Illuminate/Http/Request), Object(Closure))
#56 C:/Users/Asus/Documents/dev_clock/vendor/laravel/framework/src/Illuminate/Foundation/Http/Middleware/TransformsRequest.php(21): Illuminate/Pipeline/Pipeline->Illuminate/Pipeline/{closure}(Object(Illuminate/Http/Request))
#57 C:/Users/Asus/Documents/dev_clock/vendor/laravel/framework/src/Illuminate/Foundation/Http/Middleware/TrimStrings.php(40): Illuminate/Foundation/Http/Middleware/TransformsRequest->handle(Object(Illuminate/Http/Request), Object(Closure))
#58 C:/Users/Asus/Documents/dev_clock/vendor/laravel/framework/src/Illuminate/Pipeline/Pipeline.php(183): Illuminate/Foundation/Http/Middleware/TrimStrings->handle(Object(Illuminate/Http/Request), Object(Closure))
#59 C:/Users/Asus/Documents/dev_clock/vendor/laravel/framework/src/Illuminate/Foundation/Http/Middleware/ValidatePostSize.php(27): Illuminate/Pipeline/Pipeline->Illuminate/Pipeline/{closure}(Object(Illuminate/Http/Request))
#60 C:/Users/Asus/Documents/dev_clock/vendor/laravel/framework/src/Illuminate/Pipeline/Pipeline.php(183): Illuminate/Foundation/Http/Middleware/ValidatePostSize->handle(Object(Illuminate/Http/Request), Object(Closure))
#61 C:/Users/Asus/Documents/dev_clock/vendor/laravel/framework/src/Illuminate/Foundation/Http/Middleware/PreventRequestsDuringMaintenance.php(99): Illuminate/Pipeline/Pipeline->Illuminate/Pipeline/{closure}(Object(Illuminate/Http/Request))
#62 C:/Users/Asus/Documents/dev_clock/vendor/laravel/framework/src/Illuminate/Pipeline/Pipeline.php(183): Illuminate/Foundation/Http/Middleware/PreventRequestsDuringMaintenance->handle(Object(Illuminate/Http/Request), Object(Closure))
#63 C:/Users/Asus/Documents/dev_clock/vendor/laravel/framework/src/Illuminate/Pipeline/Pipeline.php(119): Illuminate/Pipeline/Pipeline->Illuminate/Pipeline/{closure}(Object(Illuminate/Http/Request))
#64 C:/Users/Asus/Documents/dev_clock/vendor/laravel/framework/src/Illuminate/Foundation/Http/Kernel.php(175): Illuminate/Pipeline/Pipeline->then(Object(Closure))
#65 C:/Users/Asus/Documents/dev_clock/vendor/laravel/framework/src/Illuminate/Foundation/Http/Kernel.php(144): Illuminate/Foundation/Http/Kernel->sendRequestThroughRouter(Object(Illuminate/Http/Request))
#66 C:/Users/Asus/Documents/dev_clock/public/index.php(18): Illuminate/Foundation/Http/Kernel->handle(Object(Illuminate/Http/Request))
#67 C:/Users/Asus/Documents/dev_clock/vendor/laravel/framework/src/Illuminate/Foundation/resources/server.php(16): require_once('C://Users//Asus//D...')
#68 {main}

[previous exception] [object] (Symfony\\Component\\Routing\\Exception\\RouteNotFoundException(code: 0): Route [settings] not defined. at C:/Users/Asus/Documents/dev_clock/vendor/laravel/framework/src/Illuminate/Routing/UrlGenerator.php:477)
[stacktrace]
#0 C:/Users/Asus/Documents/dev_clock/vendor/laravel/framework/src/Illuminate/Foundation/helpers.php(811): Illuminate/Routing/UrlGenerator->route('settings', Array, true)
#1 C:/Users/Asus/Documents/dev_clock/storage/framework/views/6e6138a0ac61e494edd8bd94695a751d.php(147): route('settings')
#2 C:/Users/Asus/Documents/dev_clock/vendor/laravel/framework/src/Illuminate/Filesystem/Filesystem.php(123): require('C://Users//Asus//D...')
#3 C:/Users/Asus/Documents/dev_clock/vendor/laravel/framework/src/Illuminate/Filesystem/Filesystem.php(124): Illuminate/Filesystem/Filesystem::Illuminate/Filesystem/{closure}()
#4 C:/Users/Asus/Documents/dev_clock/vendor/laravel/framework/src/Illuminate/View/Engines/PhpEngine.php(58): Illuminate/Filesystem/Filesystem->getRequire('C://Users//Asus//D...', Array)
#5 C:/Users/Asus/Documents/dev_clock/vendor/laravel/framework/src/Illuminate/View/Engines/CompilerEngine.php(72): Illuminate/View/Engines/PhpEngine->evaluatePath('C://Users//Asus//D...', Array)
#6 C:/Users/Asus/Documents/dev_clock/vendor/laravel/framework/src/Illuminate/View/View.php(207): Illuminate/View/Engines/CompilerEngine->get('C://Users//Asus//D...', Array)
#7 C:/Users/Asus/Documents/dev_clock/vendor/laravel/framework/src/Illuminate/View/View.php(190): Illuminate/View/View->getContents()
#8 C:/Users/Asus/Documents/dev_clock/vendor/laravel/framework/src/Illuminate/View/View.php(159): Illuminate/View/View->renderContents()
#9 C:/Users/Asus/Documents/dev_clock/storage/framework/views/6f22a6944515cf6b8b5223bcc3168dd3.php(132): Illuminate/View/View->render()
#10 C:/Users/Asus/Documents/dev_clock/vendor/laravel/framework/src/Illuminate/Filesystem/Filesystem.php(123): require('C://Users//Asus//D...')
#11 C:/Users/Asus/Documents/dev_clock/vendor/laravel/framework/src/Illuminate/Filesystem/Filesystem.php(124): Illuminate/Filesystem/Filesystem::Illuminate/Filesystem/{closure}()
#12 C:/Users/Asus/Documents/dev_clock/vendor/laravel/framework/src/Illuminate/View/Engines/PhpEngine.php(58): Illuminate/Filesystem/Filesystem->getRequire('C://Users//Asus//D...', Array)
#13 C:/Users/Asus/Documents/dev_clock/vendor/laravel/framework/src/Illuminate/View/Engines/CompilerEngine.php(72): Illuminate/View/Engines/PhpEngine->evaluatePath('C://Users//Asus//D...', Array)
#14 C:/Users/Asus/Documents/dev_clock/vendor/laravel/framework/src/Illuminate/View/View.php(207): Illuminate/View/Engines/CompilerEngine->get('C://Users//Asus//D...', Array)
#15 C:/Users/Asus/Documents/dev_clock/vendor/laravel/framework/src/Illuminate/View/View.php(190): Illuminate/View/View->getContents()
#16 C:/Users/Asus/Documents/dev_clock/vendor/laravel/framework/src/Illuminate/View/View.php(159): Illuminate/View/View->renderContents()
#17 C:/Users/Asus/Documents/dev_clock/storage/framework/views/5cd21d8dd8291dc3f660bea66e160959.php(376): Illuminate/View/View->render()
#18 C:/Users/Asus/Documents/dev_clock/vendor/laravel/framework/src/Illuminate/Filesystem/Filesystem.php(123): require('C://Users//Asus//D...')
#19 C:/Users/Asus/Documents/dev_clock/vendor/laravel/framework/src/Illuminate/Filesystem/Filesystem.php(124): Illuminate/Filesystem/Filesystem::Illuminate/Filesystem/{closure}()
#20 C:/Users/Asus/Documents/dev_clock/vendor/laravel/framework/src/Illuminate/View/Engines/PhpEngine.php(58): Illuminate/Filesystem/Filesystem->getRequire('C://Users//Asus//D...', Array)
#21 C:/Users/Asus/Documents/dev_clock/vendor/laravel/framework/src/Illuminate/View/Engines/CompilerEngine.php(72): Illuminate/View/Engines/PhpEngine->evaluatePath('C://Users//Asus//D...', Array)
#22 C:/Users/Asus/Documents/dev_clock/vendor/laravel/framework/src/Illuminate/View/View.php(207): Illuminate/View/Engines/CompilerEngine->get('C://Users//Asus//D...', Array)
#23 C:/Users/Asus/Documents/dev_clock/vendor/laravel/framework/src/Illuminate/View/View.php(190): Illuminate/View/View->getContents()
#24 C:/Users/Asus/Documents/dev_clock/vendor/laravel/framework/src/Illuminate/View/View.php(159): Illuminate/View/View->renderContents()
#25 C:/Users/Asus/Documents/dev_clock/vendor/laravel/framework/src/Illuminate/Http/Response.php(69): Illuminate/View/View->render()
#26 C:/Users/Asus/Documents/dev_clock/vendor/laravel/framework/src/Illuminate/Http/Response.php(35): Illuminate/Http/Response->setContent(Object(Illuminate/View/View))
#27 C:/Users/Asus/Documents/dev_clock/vendor/laravel/framework/src/Illuminate/Routing/Router.php(918): Illuminate/Http/Response->__construct(Object(Illuminate/View/View), 200, Array)
#28 C:/Users/Asus/Documents/dev_clock/vendor/laravel/framework/src/Illuminate/Routing/Router.php(885): Illuminate/Routing/Router::toResponse(Object(Illuminate/Http/Request), Object(Illuminate/View/View))
#29 C:/Users/Asus/Documents/dev_clock/vendor/laravel/framework/src/Illuminate/Routing/Router.php(805): Illuminate/Routing/Router->prepareResponse(Object(Illuminate/Http/Request), Object(Illuminate/View/View))
#30 C:/Users/Asus/Documents/dev_clock/vendor/laravel/framework/src/Illuminate/Pipeline/Pipeline.php(144): Illuminate/Routing/Router->Illuminate/Routing/{closure}(Object(Illuminate/Http/Request))
#31 C:/Users/Asus/Documents/dev_clock/app/Http/Middleware/ApiAuthMiddleware.php(19): Illuminate/Pipeline/Pipeline->Illuminate/Pipeline/{closure}(Object(Illuminate/Http/Request))
#32 C:/Users/Asus/Documents/dev_clock/vendor/laravel/framework/src/Illuminate/Pipeline/Pipeline.php(183): App/Http/Middleware/ApiAuthMiddleware->handle(Object(Illuminate/Http/Request), Object(Closure))
#33 C:/Users/Asus/Documents/dev_clock/vendor/laravel/framework/src/Illuminate/Routing/Middleware/SubstituteBindings.php(50): Illuminate/Pipeline/Pipeline->Illuminate/Pipeline/{closure}(Object(Illuminate/Http/Request))
#34 C:/Users/Asus/Documents/dev_clock/vendor/laravel/framework/src/Illuminate/Pipeline/Pipeline.php(183): Illuminate/Routing/Middleware/SubstituteBindings->handle(Object(Illuminate/Http/Request), Object(Closure))
#35 C:/Users/Asus/Documents/dev_clock/vendor/laravel/framework/src/Illuminate/Foundation/Http/Middleware/VerifyCsrfToken.php(78): Illuminate/Pipeline/Pipeline->Illuminate/Pipeline/{closure}(Object(Illuminate/Http/Request))
#36 C:/Users/Asus/Documents/dev_clock/vendor/laravel/framework/src/Illuminate/Pipeline/Pipeline.php(183): Illuminate/Foundation/Http/Middleware/VerifyCsrfToken->handle(Object(Illuminate/Http/Request), Object(Closure))
#37 C:/Users/Asus/Documents/dev_clock/vendor/laravel/framework/src/Illuminate/View/Middleware/ShareErrorsFromSession.php(49): Illuminate/Pipeline/Pipeline->Illuminate/Pipeline/{closure}(Object(Illuminate/Http/Request))
#38 C:/Users/Asus/Documents/dev_clock/vendor/laravel/framework/src/Illuminate/Pipeline/Pipeline.php(183): Illuminate/View/Middleware/ShareErrorsFromSession->handle(Object(Illuminate/Http/Request), Object(Closure))
#39 C:/Users/Asus/Documents/dev_clock/vendor/laravel/framework/src/Illuminate/Session/Middleware/StartSession.php(121): Illuminate/Pipeline/Pipeline->Illuminate/Pipeline/{closure}(Object(Illuminate/Http/Request))
#40 C:/Users/Asus/Documents/dev_clock/vendor/laravel/framework/src/Illuminate/Session/Middleware/StartSession.php(64): Illuminate/Session/Middleware/StartSession->handleStatefulRequest(Object(Illuminate/Http/Request), Object(Illuminate/Session/Store), Object(Closure))
#41 C:/Users/Asus/Documents/dev_clock/vendor/laravel/framework/src/Illuminate/Pipeline/Pipeline.php(183): Illuminate/Session/Middleware/StartSession->handle(Object(Illuminate/Http/Request), Object(Closure))
#42 C:/Users/Asus/Documents/dev_clock/vendor/laravel/framework/src/Illuminate/Cookie/Middleware/AddQueuedCookiesToResponse.php(37): Illuminate/Pipeline/Pipeline->Illuminate/Pipeline/{closure}(Object(Illuminate/Http/Request))
#43 C:/Users/Asus/Documents/dev_clock/vendor/laravel/framework/src/Illuminate/Pipeline/Pipeline.php(183): Illuminate/Cookie/Middleware/AddQueuedCookiesToResponse->handle(Object(Illuminate/Http/Request), Object(Closure))
#44 C:/Users/Asus/Documents/dev_clock/vendor/laravel/framework/src/Illuminate/Cookie/Middleware/EncryptCookies.php(67): Illuminate/Pipeline/Pipeline->Illuminate/Pipeline/{closure}(Object(Illuminate/Http/Request))
#45 C:/Users/Asus/Documents/dev_clock/vendor/laravel/framework/src/Illuminate/Pipeline/Pipeline.php(183): Illuminate/Cookie/Middleware/EncryptCookies->handle(Object(Illuminate/Http/Request), Object(Closure))
#46 C:/Users/Asus/Documents/dev_clock/vendor/laravel/framework/src/Illuminate/Pipeline/Pipeline.php(119): Illuminate/Pipeline/Pipeline->Illuminate/Pipeline/{closure}(Object(Illuminate/Http/Request))
#47 C:/Users/Asus/Documents/dev_clock/vendor/laravel/framework/src/Illuminate/Routing/Router.php(805): Illuminate/Pipeline/Pipeline->then(Object(Closure))
#48 C:/Users/Asus/Documents/dev_clock/vendor/laravel/framework/src/Illuminate/Routing/Router.php(784): Illuminate/Routing/Router->runRouteWithinStack(Object(Illuminate/Routing/Route), Object(Illuminate/Http/Request))
#49 C:/Users/Asus/Documents/dev_clock/vendor/laravel/framework/src/Illuminate/Routing/Router.php(748): Illuminate/Routing/Router->runRoute(Object(Illuminate/Http/Request), Object(Illuminate/Routing/Route))
#50 C:/Users/Asus/Documents/dev_clock/vendor/laravel/framework/src/Illuminate/Routing/Router.php(737): Illuminate/Routing/Router->dispatchToRoute(Object(Illuminate/Http/Request))
#51 C:/Users/Asus/Documents/dev_clock/vendor/laravel/framework/src/Illuminate/Foundation/Http/Kernel.php(200): Illuminate/Routing/Router->dispatch(Object(Illuminate/Http/Request))
#52 C:/Users/Asus/Documents/dev_clock/vendor/laravel/framework/src/Illuminate/Pipeline/Pipeline.php(144): Illuminate/Foundation/Http/Kernel->Illuminate/Foundation/Http/{closure}(Object(Illuminate/Http/Request))
#53 C:/Users/Asus/Documents/dev_clock/vendor/laravel/framework/src/Illuminate/Foundation/Http/Middleware/TransformsRequest.php(21): Illuminate/Pipeline/Pipeline->Illuminate/Pipeline/{closure}(Object(Illuminate/Http/Request))
#54 C:/Users/Asus/Documents/dev_clock/vendor/laravel/framework/src/Illuminate/Foundation/Http/Middleware/ConvertEmptyStringsToNull.php(31): Illuminate/Foundation/Http/Middleware/TransformsRequest->handle(Object(Illuminate/Http/Request), Object(Closure))
#55 C:/Users/Asus/Documents/dev_clock/vendor/laravel/framework/src/Illuminate/Pipeline/Pipeline.php(183): Illuminate/Foundation/Http/Middleware/ConvertEmptyStringsToNull->handle(Object(Illuminate/Http/Request), Object(Closure))
#56 C:/Users/Asus/Documents/dev_clock/vendor/laravel/framework/src/Illuminate/Foundation/Http/Middleware/TransformsRequest.php(21): Illuminate/Pipeline/Pipeline->Illuminate/Pipeline/{closure}(Object(Illuminate/Http/Request))
#57 C:/Users/Asus/Documents/dev_clock/vendor/laravel/framework/src/Illuminate/Foundation/Http/Middleware/TrimStrings.php(40): Illuminate/Foundation/Http/Middleware/TransformsRequest->handle(Object(Illuminate/Http/Request), Object(Closure))
#58 C:/Users/Asus/Documents/dev_clock/vendor/laravel/framework/src/Illuminate/Pipeline/Pipeline.php(183): Illuminate/Foundation/Http/Middleware/TrimStrings->handle(Object(Illuminate/Http/Request), Object(Closure))
#59 C:/Users/Asus/Documents/dev_clock/vendor/laravel/framework/src/Illuminate/Foundation/Http/Middleware/ValidatePostSize.php(27): Illuminate/Pipeline/Pipeline->Illuminate/Pipeline/{closure}(Object(Illuminate/Http/Request))
#60 C:/Users/Asus/Documents/dev_clock/vendor/laravel/framework/src/Illuminate/Pipeline/Pipeline.php(183): Illuminate/Foundation/Http/Middleware/ValidatePostSize->handle(Object(Illuminate/Http/Request), Object(Closure))
#61 C:/Users/Asus/Documents/dev_clock/vendor/laravel/framework/src/Illuminate/Foundation/Http/Middleware/PreventRequestsDuringMaintenance.php(99): Illuminate/Pipeline/Pipeline->Illuminate/Pipeline/{closure}(Object(Illuminate/Http/Request))
#62 C:/Users/Asus/Documents/dev_clock/vendor/laravel/framework/src/Illuminate/Pipeline/Pipeline.php(183): Illuminate/Foundation/Http/Middleware/PreventRequestsDuringMaintenance->handle(Object(Illuminate/Http/Request), Object(Closure))
#63 C:/Users/Asus/Documents/dev_clock/vendor/laravel/framework/src/Illuminate/Pipeline/Pipeline.php(119): Illuminate/Pipeline/Pipeline->Illuminate/Pipeline/{closure}(Object(Illuminate/Http/Request))
#64 C:/Users/Asus/Documents/dev_clock/vendor/laravel/framework/src/Illuminate/Foundation/Http/Kernel.php(175): Illuminate/Pipeline/Pipeline->then(Object(Closure))
#65 C:/Users/Asus/Documents/dev_clock/vendor/laravel/framework/src/Illuminate/Foundation/Http/Kernel.php(144): Illuminate/Foundation/Http/Kernel->sendRequestThroughRouter(Object(Illuminate/Http/Request))
#66 C:/Users/Asus/Documents/dev_clock/public/index.php(18): Illuminate/Foundation/Http/Kernel->handle(Object(Illuminate/Http/Request))
#67 C:/Users/Asus/Documents/dev_clock/vendor/laravel/framework/src/Illuminate/Foundation/resources/server.php(16): require_once('C://Users//Asus//D...')
#68 {main}
"} 
[2026-07-11 21:01:17] local.ERROR: Method App\Http\Controllers\SettingsController::index does not exist. {"exception":"[object] (BadMethodCallException(code: 0): Method App\\Http\\Controllers\\SettingsController::index does not exist. at C:/Users/Asus/Documents/dev_clock/vendor/laravel/framework/src/Illuminate/Routing/Controller.php:68)
[stacktrace]
#0 C:/Users/Asus/Documents/dev_clock/vendor/laravel/framework/src/Illuminate/Routing/Controller.php(54): Illuminate/Routing/Controller->__call('index', Array)
#1 C:/Users/Asus/Documents/dev_clock/vendor/laravel/framework/src/Illuminate/Routing/ControllerDispatcher.php(43): Illuminate/Routing/Controller->callAction('index', Array)
#2 C:/Users/Asus/Documents/dev_clock/vendor/laravel/framework/src/Illuminate/Routing/Route.php(259): Illuminate/Routing/ControllerDispatcher->dispatch(Object(Illuminate/Routing/Route), Object(App/Http/Controllers/SettingsController), 'index')
#3 C:/Users/Asus/Documents/dev_clock/vendor/laravel/framework/src/Illuminate/Routing/Route.php(205): Illuminate/Routing/Route->runController()
#4 C:/Users/Asus/Documents/dev_clock/vendor/laravel/framework/src/Illuminate/Routing/Router.php(806): Illuminate/Routing/Route->run()
#5 C:/Users/Asus/Documents/dev_clock/vendor/laravel/framework/src/Illuminate/Pipeline/Pipeline.php(144): Illuminate/Routing/Router->Illuminate/Routing/{closure}(Object(Illuminate/Http/Request))
#6 C:/Users/Asus/Documents/dev_clock/vendor/laravel/framework/src/Illuminate/Routing/Middleware/SubstituteBindings.php(50): Illuminate/Pipeline/Pipeline->Illuminate/Pipeline/{closure}(Object(Illuminate/Http/Request))
#7 C:/Users/Asus/Documents/dev_clock/vendor/laravel/framework/src/Illuminate/Pipeline/Pipeline.php(183): Illuminate/Routing/Middleware/SubstituteBindings->handle(Object(Illuminate/Http/Request), Object(Closure))
#8 C:/Users/Asus/Documents/dev_clock/vendor/laravel/framework/src/Illuminate/Foundation/Http/Middleware/VerifyCsrfToken.php(78): Illuminate/Pipeline/Pipeline->Illuminate/Pipeline/{closure}(Object(Illuminate/Http/Request))
#9 C:/Users/Asus/Documents/dev_clock/vendor/laravel/framework/src/Illuminate/Pipeline/Pipeline.php(183): Illuminate/Foundation/Http/Middleware/VerifyCsrfToken->handle(Object(Illuminate/Http/Request), Object(Closure))
#10 C:/Users/Asus/Documents/dev_clock/vendor/laravel/framework/src/Illuminate/View/Middleware/ShareErrorsFromSession.php(49): Illuminate/Pipeline/Pipeline->Illuminate/Pipeline/{closure}(Object(Illuminate/Http/Request))
#11 C:/Users/Asus/Documents/dev_clock/vendor/laravel/framework/src/Illuminate/Pipeline/Pipeline.php(183): Illuminate/View/Middleware/ShareErrorsFromSession->handle(Object(Illuminate/Http/Request), Object(Closure))
#12 C:/Users/Asus/Documents/dev_clock/vendor/laravel/framework/src/Illuminate/Session/Middleware/StartSession.php(121): Illuminate/Pipeline/Pipeline->Illuminate/Pipeline/{closure}(Object(Illuminate/Http/Request))
#13 C:/Users/Asus/Documents/dev_clock/vendor/laravel/framework/src/Illuminate/Session/Middleware/StartSession.php(64): Illuminate/Session/Middleware/StartSession->handleStatefulRequest(Object(Illuminate/Http/Request), Object(Illuminate/Session/Store), Object(Closure))
#14 C:/Users/Asus/Documents/dev_clock/vendor/laravel/framework/src/Illuminate/Pipeline/Pipeline.php(183): Illuminate/Session/Middleware/StartSession->handle(Object(Illuminate/Http/Request), Object(Closure))
#15 C:/Users/Asus/Documents/dev_clock/vendor/laravel/framework/src/Illuminate/Cookie/Middleware/AddQueuedCookiesToResponse.php(37): Illuminate/Pipeline/Pipeline->Illuminate/Pipeline/{closure}(Object(Illuminate/Http/Request))
#16 C:/Users/Asus/Documents/dev_clock/vendor/laravel/framework/src/Illuminate/Pipeline/Pipeline.php(183): Illuminate/Cookie/Middleware/AddQueuedCookiesToResponse->handle(Object(Illuminate/Http/Request), Object(Closure))
#17 C:/Users/Asus/Documents/dev_clock/vendor/laravel/framework/src/Illuminate/Cookie/Middleware/EncryptCookies.php(67): Illuminate/Pipeline/Pipeline->Illuminate/Pipeline/{closure}(Object(Illuminate/Http/Request))
#18 C:/Users/Asus/Documents/dev_clock/vendor/laravel/framework/src/Illuminate/Pipeline/Pipeline.php(183): Illuminate/Cookie/Middleware/EncryptCookies->handle(Object(Illuminate/Http/Request), Object(Closure))
#19 C:/Users/Asus/Documents/dev_clock/vendor/laravel/framework/src/Illuminate/Pipeline/Pipeline.php(119): Illuminate/Pipeline/Pipeline->Illuminate/Pipeline/{closure}(Object(Illuminate/Http/Request))
#20 C:/Users/Asus/Documents/dev_clock/vendor/laravel/framework/src/Illuminate/Routing/Router.php(805): Illuminate/Pipeline/Pipeline->then(Object(Closure))
#21 C:/Users/Asus/Documents/dev_clock/vendor/laravel/framework/src/Illuminate/Routing/Router.php(784): Illuminate/Routing/Router->runRouteWithinStack(Object(Illuminate/Routing/Route), Object(Illuminate/Http/Request))
#22 C:/Users/Asus/Documents/dev_clock/vendor/laravel/framework/src/Illuminate/Routing/Router.php(748): Illuminate/Routing/Router->runRoute(Object(Illuminate/Http/Request), Object(Illuminate/Routing/Route))
#23 C:/Users/Asus/Documents/dev_clock/vendor/laravel/framework/src/Illuminate/Routing/Router.php(737): Illuminate/Routing/Router->dispatchToRoute(Object(Illuminate/Http/Request))
#24 C:/Users/Asus/Documents/dev_clock/vendor/laravel/framework/src/Illuminate/Foundation/Http/Kernel.php(200): Illuminate/Routing/Router->dispatch(Object(Illuminate/Http/Request))
#25 C:/Users/Asus/Documents/dev_clock/vendor/laravel/framework/src/Illuminate/Pipeline/Pipeline.php(144): Illuminate/Foundation/Http/Kernel->Illuminate/Foundation/Http/{closure}(Object(Illuminate/Http/Request))
#26 C:/Users/Asus/Documents/dev_clock/vendor/laravel/framework/src/Illuminate/Foundation/Http/Middleware/TransformsRequest.php(21): Illuminate/Pipeline/Pipeline->Illuminate/Pipeline/{closure}(Object(Illuminate/Http/Request))
#27 C:/Users/Asus/Documents/dev_clock/vendor/laravel/framework/src/Illuminate/Foundation/Http/Middleware/ConvertEmptyStringsToNull.php(31): Illuminate/Foundation/Http/Middleware/TransformsRequest->handle(Object(Illuminate/Http/Request), Object(Closure))
#28 C:/Users/Asus/Documents/dev_clock/vendor/laravel/framework/src/Illuminate/Pipeline/Pipeline.php(183): Illuminate/Foundation/Http/Middleware/ConvertEmptyStringsToNull->handle(Object(Illuminate/Http/Request), Object(Closure))
#29 C:/Users/Asus/Documents/dev_clock/vendor/laravel/framework/src/Illuminate/Foundation/Http/Middleware/TransformsRequest.php(21): Illuminate/Pipeline/Pipeline->Illuminate/Pipeline/{closure}(Object(Illuminate/Http/Request))
#30 C:/Users/Asus/Documents/dev_clock/vendor/laravel/framework/src/Illuminate/Foundation/Http/Middleware/TrimStrings.php(40): Illuminate/Foundation/Http/Middleware/TransformsRequest->handle(Object(Illuminate/Http/Request), Object(Closure))
#31 C:/Users/Asus/Documents/dev_clock/vendor/laravel/framework/src/Illuminate/Pipeline/Pipeline.php(183): Illuminate/Foundation/Http/Middleware/TrimStrings->handle(Object(Illuminate/Http/Request), Object(Closure))
#32 C:/Users/Asus/Documents/dev_clock/vendor/laravel/framework/src/Illuminate/Foundation/Http/Middleware/ValidatePostSize.php(27): Illuminate/Pipeline/Pipeline->Illuminate/Pipeline/{closure}(Object(Illuminate/Http/Request))
#33 C:/Users/Asus/Documents/dev_clock/vendor/laravel/framework/src/Illuminate/Pipeline/Pipeline.php(183): Illuminate/Foundation/Http/Middleware/ValidatePostSize->handle(Object(Illuminate/Http/Request), Object(Closure))
#34 C:/Users/Asus/Documents/dev_clock/vendor/laravel/framework/src/Illuminate/Foundation/Http/Middleware/PreventRequestsDuringMaintenance.php(99): Illuminate/Pipeline/Pipeline->Illuminate/Pipeline/{closure}(Object(Illuminate/Http/Request))
#35 C:/Users/Asus/Documents/dev_clock/vendor/laravel/framework/src/Illuminate/Pipeline/Pipeline.php(183): Illuminate/Foundation/Http/Middleware/PreventRequestsDuringMaintenance->handle(Object(Illuminate/Http/Request), Object(Closure))
#36 C:/Users/Asus/Documents/dev_clock/vendor/laravel/framework/src/Illuminate/Pipeline/Pipeline.php(119): Illuminate/Pipeline/Pipeline->Illuminate/Pipeline/{closure}(Object(Illuminate/Http/Request))
#37 C:/Users/Asus/Documents/dev_clock/vendor/laravel/framework/src/Illuminate/Foundation/Http/Kernel.php(175): Illuminate/Pipeline/Pipeline->then(Object(Closure))
#38 C:/Users/Asus/Documents/dev_clock/vendor/laravel/framework/src/Illuminate/Foundation/Http/Kernel.php(144): Illuminate/Foundation/Http/Kernel->sendRequestThroughRouter(Object(Illuminate/Http/Request))
#39 C:/Users/Asus/Documents/dev_clock/public/index.php(18): Illuminate/Foundation/Http/Kernel->handle(Object(Illuminate/Http/Request))
#40 C:/Users/Asus/Documents/dev_clock/vendor/laravel/framework/src/Illuminate/Foundation/resources/server.php(16): require_once('C://Users//Asus//D...')
#41 {main}
"} 
[2026-07-11 21:02:23] local.ERROR: Target class [auth.check] does not exist. {"exception":"[object] (Illuminate\\Contracts\\Container\\BindingResolutionException(code: 0): Target class [auth.check] does not exist. at C:/Users/Asus/Documents/dev_clock/vendor/laravel/framework/src/Illuminate/Container/Container.php:914)
[stacktrace]
#0 C:/Users/Asus/Documents/dev_clock/vendor/laravel/framework/src/Illuminate/Container/Container.php(795): Illuminate/Container/Container->build('auth.check')
#1 C:/Users/Asus/Documents/dev_clock/vendor/laravel/framework/src/Illuminate/Foundation/Application.php(986): Illuminate/Container/Container->resolve('auth.check', Array, true)
#2 C:/Users/Asus/Documents/dev_clock/vendor/laravel/framework/src/Illuminate/Container/Container.php(731): Illuminate/Foundation/Application->resolve('auth.check', Array)
#3 C:/Users/Asus/Documents/dev_clock/vendor/laravel/framework/src/Illuminate/Foundation/Application.php(971): Illuminate/Container/Container->make('auth.check', Array)
#4 C:/Users/Asus/Documents/dev_clock/vendor/laravel/framework/src/Illuminate/Pipeline/Pipeline.php(172): Illuminate/Foundation/Application->make('auth.check')
#5 C:/Users/Asus/Documents/dev_clock/vendor/laravel/framework/src/Illuminate/Routing/Middleware/SubstituteBindings.php(50): Illuminate/Pipeline/Pipeline->Illuminate/Pipeline/{closure}(Object(Illuminate/Http/Request))
#6 C:/Users/Asus/Documents/dev_clock/vendor/laravel/framework/src/Illuminate/Pipeline/Pipeline.php(183): Illuminate/Routing/Middleware/SubstituteBindings->handle(Object(Illuminate/Http/Request), Object(Closure))
#7 C:/Users/Asus/Documents/dev_clock/vendor/laravel/framework/src/Illuminate/Foundation/Http/Middleware/VerifyCsrfToken.php(78): Illuminate/Pipeline/Pipeline->Illuminate/Pipeline/{closure}(Object(Illuminate/Http/Request))
#8 C:/Users/Asus/Documents/dev_clock/vendor/laravel/framework/src/Illuminate/Pipeline/Pipeline.php(183): Illuminate/Foundation/Http/Middleware/VerifyCsrfToken->handle(Object(Illuminate/Http/Request), Object(Closure))
#9 C:/Users/Asus/Documents/dev_clock/vendor/laravel/framework/src/Illuminate/View/Middleware/ShareErrorsFromSession.php(49): Illuminate/Pipeline/Pipeline->Illuminate/Pipeline/{closure}(Object(Illuminate/Http/Request))
#10 C:/Users/Asus/Documents/dev_clock/vendor/laravel/framework/src/Illuminate/Pipeline/Pipeline.php(183): Illuminate/View/Middleware/ShareErrorsFromSession->handle(Object(Illuminate/Http/Request), Object(Closure))
#11 C:/Users/Asus/Documents/dev_clock/vendor/laravel/framework/src/Illuminate/Session/Middleware/StartSession.php(121): Illuminate/Pipeline/Pipeline->Illuminate/Pipeline/{closure}(Object(Illuminate/Http/Request))
#12 C:/Users/Asus/Documents/dev_clock/vendor/laravel/framework/src/Illuminate/Session/Middleware/StartSession.php(64): Illuminate/Session/Middleware/StartSession->handleStatefulRequest(Object(Illuminate/Http/Request), Object(Illuminate/Session/Store), Object(Closure))
#13 C:/Users/Asus/Documents/dev_clock/vendor/laravel/framework/src/Illuminate/Pipeline/Pipeline.php(183): Illuminate/Session/Middleware/StartSession->handle(Object(Illuminate/Http/Request), Object(Closure))
#14 C:/Users/Asus/Documents/dev_clock/vendor/laravel/framework/src/Illuminate/Cookie/Middleware/AddQueuedCookiesToResponse.php(37): Illuminate/Pipeline/Pipeline->Illuminate/Pipeline/{closure}(Object(Illuminate/Http/Request))
#15 C:/Users/Asus/Documents/dev_clock/vendor/laravel/framework/src/Illuminate/Pipeline/Pipeline.php(183): Illuminate/Cookie/Middleware/AddQueuedCookiesToResponse->handle(Object(Illuminate/Http/Request), Object(Closure))
#16 C:/Users/Asus/Documents/dev_clock/vendor/laravel/framework/src/Illuminate/Cookie/Middleware/EncryptCookies.php(67): Illuminate/Pipeline/Pipeline->Illuminate/Pipeline/{closure}(Object(Illuminate/Http/Request))
#17 C:/Users/Asus/Documents/dev_clock/vendor/laravel/framework/src/Illuminate/Pipeline/Pipeline.php(183): Illuminate/Cookie/Middleware/EncryptCookies->handle(Object(Illuminate/Http/Request), Object(Closure))
#18 C:/Users/Asus/Documents/dev_clock/vendor/laravel/framework/src/Illuminate/Pipeline/Pipeline.php(119): Illuminate/Pipeline/Pipeline->Illuminate/Pipeline/{closure}(Object(Illuminate/Http/Request))
#19 C:/Users/Asus/Documents/dev_clock/vendor/laravel/framework/src/Illuminate/Routing/Router.php(805): Illuminate/Pipeline/Pipeline->then(Object(Closure))
#20 C:/Users/Asus/Documents/dev_clock/vendor/laravel/framework/src/Illuminate/Routing/Router.php(784): Illuminate/Routing/Router->runRouteWithinStack(Object(Illuminate/Routing/Route), Object(Illuminate/Http/Request))
#21 C:/Users/Asus/Documents/dev_clock/vendor/laravel/framework/src/Illuminate/Routing/Router.php(748): Illuminate/Routing/Router->runRoute(Object(Illuminate/Http/Request), Object(Illuminate/Routing/Route))
#22 C:/Users/Asus/Documents/dev_clock/vendor/laravel/framework/src/Illuminate/Routing/Router.php(737): Illuminate/Routing/Router->dispatchToRoute(Object(Illuminate/Http/Request))
#23 C:/Users/Asus/Documents/dev_clock/vendor/laravel/framework/src/Illuminate/Foundation/Http/Kernel.php(200): Illuminate/Routing/Router->dispatch(Object(Illuminate/Http/Request))
#24 C:/Users/Asus/Documents/dev_clock/vendor/laravel/framework/src/Illuminate/Pipeline/Pipeline.php(144): Illuminate/Foundation/Http/Kernel->Illuminate/Foundation/Http/{closure}(Object(Illuminate/Http/Request))
#25 C:/Users/Asus/Documents/dev_clock/vendor/laravel/framework/src/Illuminate/Foundation/Http/Middleware/TransformsRequest.php(21): Illuminate/Pipeline/Pipeline->Illuminate/Pipeline/{closure}(Object(Illuminate/Http/Request))
#26 C:/Users/Asus/Documents/dev_clock/vendor/laravel/framework/src/Illuminate/Foundation/Http/Middleware/ConvertEmptyStringsToNull.php(31): Illuminate/Foundation/Http/Middleware/TransformsRequest->handle(Object(Illuminate/Http/Request), Object(Closure))
#27 C:/Users/Asus/Documents/dev_clock/vendor/laravel/framework/src/Illuminate/Pipeline/Pipeline.php(183): Illuminate/Foundation/Http/Middleware/ConvertEmptyStringsToNull->handle(Object(Illuminate/Http/Request), Object(Closure))
#28 C:/Users/Asus/Documents/dev_clock/vendor/laravel/framework/src/Illuminate/Foundation/Http/Middleware/TransformsRequest.php(21): Illuminate/Pipeline/Pipeline->Illuminate/Pipeline/{closure}(Object(Illuminate/Http/Request))
#29 C:/Users/Asus/Documents/dev_clock/vendor/laravel/framework/src/Illuminate/Foundation/Http/Middleware/TrimStrings.php(40): Illuminate/Foundation/Http/Middleware/TransformsRequest->handle(Object(Illuminate/Http/Request), Object(Closure))
#30 C:/Users/Asus/Documents/dev_clock/vendor/laravel/framework/src/Illuminate/Pipeline/Pipeline.php(183): Illuminate/Foundation/Http/Middleware/TrimStrings->handle(Object(Illuminate/Http/Request), Object(Closure))
#31 C:/Users/Asus/Documents/dev_clock/vendor/laravel/framework/src/Illuminate/Foundation/Http/Middleware/ValidatePostSize.php(27): Illuminate/Pipeline/Pipeline->Illuminate/Pipeline/{closure}(Object(Illuminate/Http/Request))
#32 C:/Users/Asus/Documents/dev_clock/vendor/laravel/framework/src/Illuminate/Pipeline/Pipeline.php(183): Illuminate/Foundation/Http/Middleware/ValidatePostSize->handle(Object(Illuminate/Http/Request), Object(Closure))
#33 C:/Users/Asus/Documents/dev_clock/vendor/laravel/framework/src/Illuminate/Foundation/Http/Middleware/PreventRequestsDuringMaintenance.php(99): Illuminate/Pipeline/Pipeline->Illuminate/Pipeline/{closure}(Object(Illuminate/Http/Request))
#34 C:/Users/Asus/Documents/dev_clock/vendor/laravel/framework/src/Illuminate/Pipeline/Pipeline.php(183): Illuminate/Foundation/Http/Middleware/PreventRequestsDuringMaintenance->handle(Object(Illuminate/Http/Request), Object(Closure))
#35 C:/Users/Asus/Documents/dev_clock/vendor/laravel/framework/src/Illuminate/Pipeline/Pipeline.php(119): Illuminate/Pipeline/Pipeline->Illuminate/Pipeline/{closure}(Object(Illuminate/Http/Request))
#36 C:/Users/Asus/Documents/dev_clock/vendor/laravel/framework/src/Illuminate/Foundation/Http/Kernel.php(175): Illuminate/Pipeline/Pipeline->then(Object(Closure))
#37 C:/Users/Asus/Documents/dev_clock/vendor/laravel/framework/src/Illuminate/Foundation/Http/Kernel.php(144): Illuminate/Foundation/Http/Kernel->sendRequestThroughRouter(Object(Illuminate/Http/Request))
#38 C:/Users/Asus/Documents/dev_clock/public/index.php(18): Illuminate/Foundation/Http/Kernel->handle(Object(Illuminate/Http/Request))
#39 C:/Users/Asus/Documents/dev_clock/vendor/laravel/framework/src/Illuminate/Foundation/resources/server.php(16): require_once('C://Users//Asus//D...')
#40 {main}

[previous exception] [object] (ReflectionException(code: -1): Class \"auth.check\" does not exist at C:/Users/Asus/Documents/dev_clock/vendor/laravel/framework/src/Illuminate/Container/Container.php:912)
[stacktrace]
#0 C:/Users/Asus/Documents/dev_clock/vendor/laravel/framework/src/Illuminate/Container/Container.php(912): ReflectionClass->__construct('auth.check')
#1 C:/Users/Asus/Documents/dev_clock/vendor/laravel/framework/src/Illuminate/Container/Container.php(795): Illuminate/Container/Container->build('auth.check')
#2 C:/Users/Asus/Documents/dev_clock/vendor/laravel/framework/src/Illuminate/Foundation/Application.php(986): Illuminate/Container/Container->resolve('auth.check', Array, true)
#3 C:/Users/Asus/Documents/dev_clock/vendor/laravel/framework/src/Illuminate/Container/Container.php(731): Illuminate/Foundation/Application->resolve('auth.check', Array)
#4 C:/Users/Asus/Documents/dev_clock/vendor/laravel/framework/src/Illuminate/Foundation/Application.php(971): Illuminate/Container/Container->make('auth.check', Array)
#5 C:/Users/Asus/Documents/dev_clock/vendor/laravel/framework/src/Illuminate/Pipeline/Pipeline.php(172): Illuminate/Foundation/Application->make('auth.check')
#6 C:/Users/Asus/Documents/dev_clock/vendor/laravel/framework/src/Illuminate/Routing/Middleware/SubstituteBindings.php(50): Illuminate/Pipeline/Pipeline->Illuminate/Pipeline/{closure}(Object(Illuminate/Http/Request))
#7 C:/Users/Asus/Documents/dev_clock/vendor/laravel/framework/src/Illuminate/Pipeline/Pipeline.php(183): Illuminate/Routing/Middleware/SubstituteBindings->handle(Object(Illuminate/Http/Request), Object(Closure))
#8 C:/Users/Asus/Documents/dev_clock/vendor/laravel/framework/src/Illuminate/Foundation/Http/Middleware/VerifyCsrfToken.php(78): Illuminate/Pipeline/Pipeline->Illuminate/Pipeline/{closure}(Object(Illuminate/Http/Request))
#9 C:/Users/Asus/Documents/dev_clock/vendor/laravel/framework/src/Illuminate/Pipeline/Pipeline.php(183): Illuminate/Foundation/Http/Middleware/VerifyCsrfToken->handle(Object(Illuminate/Http/Request), Object(Closure))
#10 C:/Users/Asus/Documents/dev_clock/vendor/laravel/framework/src/Illuminate/View/Middleware/ShareErrorsFromSession.php(49): Illuminate/Pipeline/Pipeline->Illuminate/Pipeline/{closure}(Object(Illuminate/Http/Request))
#11 C:/Users/Asus/Documents/dev_clock/vendor/laravel/framework/src/Illuminate/Pipeline/Pipeline.php(183): Illuminate/View/Middleware/ShareErrorsFromSession->handle(Object(Illuminate/Http/Request), Object(Closure))
#12 C:/Users/Asus/Documents/dev_clock/vendor/laravel/framework/src/Illuminate/Session/Middleware/StartSession.php(121): Illuminate/Pipeline/Pipeline->Illuminate/Pipeline/{closure}(Object(Illuminate/Http/Request))
#13 C:/Users/Asus/Documents/dev_clock/vendor/laravel/framework/src/Illuminate/Session/Middleware/StartSession.php(64): Illuminate/Session/Middleware/StartSession->handleStatefulRequest(Object(Illuminate/Http/Request), Object(Illuminate/Session/Store), Object(Closure))
#14 C:/Users/Asus/Documents/dev_clock/vendor/laravel/framework/src/Illuminate/Pipeline/Pipeline.php(183): Illuminate/Session/Middleware/StartSession->handle(Object(Illuminate/Http/Request), Object(Closure))
#15 C:/Users/Asus/Documents/dev_clock/vendor/laravel/framework/src/Illuminate/Cookie/Middleware/AddQueuedCookiesToResponse.php(37): Illuminate/Pipeline/Pipeline->Illuminate/Pipeline/{closure}(Object(Illuminate/Http/Request))
#16 C:/Users/Asus/Documents/dev_clock/vendor/laravel/framework/src/Illuminate/Pipeline/Pipeline.php(183): Illuminate/Cookie/Middleware/AddQueuedCookiesToResponse->handle(Object(Illuminate/Http/Request), Object(Closure))
#17 C:/Users/Asus/Documents/dev_clock/vendor/laravel/framework/src/Illuminate/Cookie/Middleware/EncryptCookies.php(67): Illuminate/Pipeline/Pipeline->Illuminate/Pipeline/{closure}(Object(Illuminate/Http/Request))
#18 C:/Users/Asus/Documents/dev_clock/vendor/laravel/framework/src/Illuminate/Pipeline/Pipeline.php(183): Illuminate/Cookie/Middleware/EncryptCookies->handle(Object(Illuminate/Http/Request), Object(Closure))
#19 C:/Users/Asus/Documents/dev_clock/vendor/laravel/framework/src/Illuminate/Pipeline/Pipeline.php(119): Illuminate/Pipeline/Pipeline->Illuminate/Pipeline/{closure}(Object(Illuminate/Http/Request))
#20 C:/Users/Asus/Documents/dev_clock/vendor/laravel/framework/src/Illuminate/Routing/Router.php(805): Illuminate/Pipeline/Pipeline->then(Object(Closure))
#21 C:/Users/Asus/Documents/dev_clock/vendor/laravel/framework/src/Illuminate/Routing/Router.php(784): Illuminate/Routing/Router->runRouteWithinStack(Object(Illuminate/Routing/Route), Object(Illuminate/Http/Request))
#22 C:/Users/Asus/Documents/dev_clock/vendor/laravel/framework/src/Illuminate/Routing/Router.php(748): Illuminate/Routing/Router->runRoute(Object(Illuminate/Http/Request), Object(Illuminate/Routing/Route))
#23 C:/Users/Asus/Documents/dev_clock/vendor/laravel/framework/src/Illuminate/Routing/Router.php(737): Illuminate/Routing/Router->dispatchToRoute(Object(Illuminate/Http/Request))
#24 C:/Users/Asus/Documents/dev_clock/vendor/laravel/framework/src/Illuminate/Foundation/Http/Kernel.php(200): Illuminate/Routing/Router->dispatch(Object(Illuminate/Http/Request))
#25 C:/Users/Asus/Documents/dev_clock/vendor/laravel/framework/src/Illuminate/Pipeline/Pipeline.php(144): Illuminate/Foundation/Http/Kernel->Illuminate/Foundation/Http/{closure}(Object(Illuminate/Http/Request))
#26 C:/Users/Asus/Documents/dev_clock/vendor/laravel/framework/src/Illuminate/Foundation/Http/Middleware/TransformsRequest.php(21): Illuminate/Pipeline/Pipeline->Illuminate/Pipeline/{closure}(Object(Illuminate/Http/Request))
#27 C:/Users/Asus/Documents/dev_clock/vendor/laravel/framework/src/Illuminate/Foundation/Http/Middleware/ConvertEmptyStringsToNull.php(31): Illuminate/Foundation/Http/Middleware/TransformsRequest->handle(Object(Illuminate/Http/Request), Object(Closure))
#28 C:/Users/Asus/Documents/dev_clock/vendor/laravel/framework/src/Illuminate/Pipeline/Pipeline.php(183): Illuminate/Foundation/Http/Middleware/ConvertEmptyStringsToNull->handle(Object(Illuminate/Http/Request), Object(Closure))
#29 C:/Users/Asus/Documents/dev_clock/vendor/laravel/framework/src/Illuminate/Foundation/Http/Middleware/TransformsRequest.php(21): Illuminate/Pipeline/Pipeline->Illuminate/Pipeline/{closure}(Object(Illuminate/Http/Request))
#30 C:/Users/Asus/Documents/dev_clock/vendor/laravel/framework/src/Illuminate/Foundation/Http/Middleware/TrimStrings.php(40): Illuminate/Foundation/Http/Middleware/TransformsRequest->handle(Object(Illuminate/Http/Request), Object(Closure))
#31 C:/Users/Asus/Documents/dev_clock/vendor/laravel/framework/src/Illuminate/Pipeline/Pipeline.php(183): Illuminate/Foundation/Http/Middleware/TrimStrings->handle(Object(Illuminate/Http/Request), Object(Closure))
#32 C:/Users/Asus/Documents/dev_clock/vendor/laravel/framework/src/Illuminate/Foundation/Http/Middleware/ValidatePostSize.php(27): Illuminate/Pipeline/Pipeline->Illuminate/Pipeline/{closure}(Object(Illuminate/Http/Request))
#33 C:/Users/Asus/Documents/dev_clock/vendor/laravel/framework/src/Illuminate/Pipeline/Pipeline.php(183): Illuminate/Foundation/Http/Middleware/ValidatePostSize->handle(Object(Illuminate/Http/Request), Object(Closure))
#34 C:/Users/Asus/Documents/dev_clock/vendor/laravel/framework/src/Illuminate/Foundation/Http/Middleware/PreventRequestsDuringMaintenance.php(99): Illuminate/Pipeline/Pipeline->Illuminate/Pipeline/{closure}(Object(Illuminate/Http/Request))
#35 C:/Users/Asus/Documents/dev_clock/vendor/laravel/framework/src/Illuminate/Pipeline/Pipeline.php(183): Illuminate/Foundation/Http/Middleware/PreventRequestsDuringMaintenance->handle(Object(Illuminate/Http/Request), Object(Closure))
#36 C:/Users/Asus/Documents/dev_clock/vendor/laravel/framework/src/Illuminate/Pipeline/Pipeline.php(119): Illuminate/Pipeline/Pipeline->Illuminate/Pipeline/{closure}(Object(Illuminate/Http/Request))
#37 C:/Users/Asus/Documents/dev_clock/vendor/laravel/framework/src/Illuminate/Foundation/Http/Kernel.php(175): Illuminate/Pipeline/Pipeline->then(Object(Closure))
#38 C:/Users/Asus/Documents/dev_clock/vendor/laravel/framework/src/Illuminate/Foundation/Http/Kernel.php(144): Illuminate/Foundation/Http/Kernel->sendRequestThroughRouter(Object(Illuminate/Http/Request))
#39 C:/Users/Asus/Documents/dev_clock/public/index.php(18): Illuminate/Foundation/Http/Kernel->handle(Object(Illuminate/Http/Request))
#40 C:/Users/Asus/Documents/dev_clock/vendor/laravel/framework/src/Illuminate/Foundation/resources/server.php(16): require_once('C://Users//Asus//D...')
#41 {main}
"} 
[2026-07-11 21:02:24] local.ERROR: Target class [auth.check] does not exist. {"exception":"[object] (Illuminate\\Contracts\\Container\\BindingResolutionException(code: 0): Target class [auth.check] does not exist. at C:/Users/Asus/Documents/dev_clock/vendor/laravel/framework/src/Illuminate/Container/Container.php:914)
[stacktrace]
#0 C:/Users/Asus/Documents/dev_clock/vendor/laravel/framework/src/Illuminate/Container/Container.php(795): Illuminate/Container/Container->build('auth.check')
#1 C:/Users/Asus/Documents/dev_clock/vendor/laravel/framework/src/Illuminate/Foundation/Application.php(986): Illuminate/Container/Container->resolve('auth.check', Array, true)
#2 C:/Users/Asus/Documents/dev_clock/vendor/laravel/framework/src/Illuminate/Container/Container.php(731): Illuminate/Foundation/Application->resolve('auth.check', Array)
#3 C:/Users/Asus/Documents/dev_clock/vendor/laravel/framework/src/Illuminate/Foundation/Application.php(971): Illuminate/Container/Container->make('auth.check', Array)
#4 C:/Users/Asus/Documents/dev_clock/vendor/laravel/framework/src/Illuminate/Foundation/Http/Kernel.php(255): Illuminate/Foundation/Application->make('auth.check')
#5 C:/Users/Asus/Documents/dev_clock/vendor/laravel/framework/src/Illuminate/Foundation/Http/Kernel.php(213): Illuminate/Foundation/Http/Kernel->terminateMiddleware(Object(Illuminate/Http/Request), Object(Illuminate/Http/Response))
#6 C:/Users/Asus/Documents/dev_clock/public/index.php(22): Illuminate/Foundation/Http/Kernel->terminate(Object(Illuminate/Http/Request), Object(Illuminate/Http/Response))
#7 C:/Users/Asus/Documents/dev_clock/vendor/laravel/framework/src/Illuminate/Foundation/resources/server.php(16): require_once('C://Users//Asus//D...')
#8 {main}

[previous exception] [object] (ReflectionException(code: -1): Class \"auth.check\" does not exist at C:/Users/Asus/Documents/dev_clock/vendor/laravel/framework/src/Illuminate/Container/Container.php:912)
[stacktrace]
#0 C:/Users/Asus/Documents/dev_clock/vendor/laravel/framework/src/Illuminate/Container/Container.php(912): ReflectionClass->__construct('auth.check')
#1 C:/Users/Asus/Documents/dev_clock/vendor/laravel/framework/src/Illuminate/Container/Container.php(795): Illuminate/Container/Container->build('auth.check')
#2 C:/Users/Asus/Documents/dev_clock/vendor/laravel/framework/src/Illuminate/Foundation/Application.php(986): Illuminate/Container/Container->resolve('auth.check', Array, true)
#3 C:/Users/Asus/Documents/dev_clock/vendor/laravel/framework/src/Illuminate/Container/Container.php(731): Illuminate/Foundation/Application->resolve('auth.check', Array)
#4 C:/Users/Asus/Documents/dev_clock/vendor/laravel/framework/src/Illuminate/Foundation/Application.php(971): Illuminate/Container/Container->make('auth.check', Array)
#5 C:/Users/Asus/Documents/dev_clock/vendor/laravel/framework/src/Illuminate/Foundation/Http/Kernel.php(255): Illuminate/Foundation/Application->make('auth.check')
#6 C:/Users/Asus/Documents/dev_clock/vendor/laravel/framework/src/Illuminate/Foundation/Http/Kernel.php(213): Illuminate/Foundation/Http/Kernel->terminateMiddleware(Object(Illuminate/Http/Request), Object(Illuminate/Http/Response))
#7 C:/Users/Asus/Documents/dev_clock/public/index.php(22): Illuminate/Foundation/Http/Kernel->terminate(Object(Illuminate/Http/Request), Object(Illuminate/Http/Response))
#8 C:/Users/Asus/Documents/dev_clock/vendor/laravel/framework/src/Illuminate/Foundation/resources/server.php(16): require_once('C://Users//Asus//D...')
#9 {main}
"} 
[2026-07-11 21:03:02] local.ERROR: Target class [auth.check] does not exist. {"exception":"[object] (Illuminate\\Contracts\\Container\\BindingResolutionException(code: 0): Target class [auth.check] does not exist. at C:/Users/Asus/Documents/dev_clock/vendor/laravel/framework/src/Illuminate/Container/Container.php:914)
[stacktrace]
#0 C:/Users/Asus/Documents/dev_clock/vendor/laravel/framework/src/Illuminate/Container/Container.php(795): Illuminate/Container/Container->build('auth.check')
#1 C:/Users/Asus/Documents/dev_clock/vendor/laravel/framework/src/Illuminate/Foundation/Application.php(986): Illuminate/Container/Container->resolve('auth.check', Array, true)
#2 C:/Users/Asus/Documents/dev_clock/vendor/laravel/framework/src/Illuminate/Container/Container.php(731): Illuminate/Foundation/Application->resolve('auth.check', Array)
#3 C:/Users/Asus/Documents/dev_clock/vendor/laravel/framework/src/Illuminate/Foundation/Application.php(971): Illuminate/Container/Container->make('auth.check', Array)
#4 C:/Users/Asus/Documents/dev_clock/vendor/laravel/framework/src/Illuminate/Pipeline/Pipeline.php(172): Illuminate/Foundation/Application->make('auth.check')
#5 C:/Users/Asus/Documents/dev_clock/vendor/laravel/framework/src/Illuminate/Routing/Middleware/SubstituteBindings.php(50): Illuminate/Pipeline/Pipeline->Illuminate/Pipeline/{closure}(Object(Illuminate/Http/Request))
#6 C:/Users/Asus/Documents/dev_clock/vendor/laravel/framework/src/Illuminate/Pipeline/Pipeline.php(183): Illuminate/Routing/Middleware/SubstituteBindings->handle(Object(Illuminate/Http/Request), Object(Closure))
#7 C:/Users/Asus/Documents/dev_clock/vendor/laravel/framework/src/Illuminate/Foundation/Http/Middleware/VerifyCsrfToken.php(78): Illuminate/Pipeline/Pipeline->Illuminate/Pipeline/{closure}(Object(Illuminate/Http/Request))
#8 C:/Users/Asus/Documents/dev_clock/vendor/laravel/framework/src/Illuminate/Pipeline/Pipeline.php(183): Illuminate/Foundation/Http/Middleware/VerifyCsrfToken->handle(Object(Illuminate/Http/Request), Object(Closure))
#9 C:/Users/Asus/Documents/dev_clock/vendor/laravel/framework/src/Illuminate/View/Middleware/ShareErrorsFromSession.php(49): Illuminate/Pipeline/Pipeline->Illuminate/Pipeline/{closure}(Object(Illuminate/Http/Request))
#10 C:/Users/Asus/Documents/dev_clock/vendor/laravel/framework/src/Illuminate/Pipeline/Pipeline.php(183): Illuminate/View/Middleware/ShareErrorsFromSession->handle(Object(Illuminate/Http/Request), Object(Closure))
#11 C:/Users/Asus/Documents/dev_clock/vendor/laravel/framework/src/Illuminate/Session/Middleware/StartSession.php(121): Illuminate/Pipeline/Pipeline->Illuminate/Pipeline/{closure}(Object(Illuminate/Http/Request))
#12 C:/Users/Asus/Documents/dev_clock/vendor/laravel/framework/src/Illuminate/Session/Middleware/StartSession.php(64): Illuminate/Session/Middleware/StartSession->handleStatefulRequest(Object(Illuminate/Http/Request), Object(Illuminate/Session/Store), Object(Closure))
#13 C:/Users/Asus/Documents/dev_clock/vendor/laravel/framework/src/Illuminate/Pipeline/Pipeline.php(183): Illuminate/Session/Middleware/StartSession->handle(Object(Illuminate/Http/Request), Object(Closure))
#14 C:/Users/Asus/Documents/dev_clock/vendor/laravel/framework/src/Illuminate/Cookie/Middleware/AddQueuedCookiesToResponse.php(37): Illuminate/Pipeline/Pipeline->Illuminate/Pipeline/{closure}(Object(Illuminate/Http/Request))
#15 C:/Users/Asus/Documents/dev_clock/vendor/laravel/framework/src/Illuminate/Pipeline/Pipeline.php(183): Illuminate/Cookie/Middleware/AddQueuedCookiesToResponse->handle(Object(Illuminate/Http/Request), Object(Closure))
#16 C:/Users/Asus/Documents/dev_clock/vendor/laravel/framework/src/Illuminate/Cookie/Middleware/EncryptCookies.php(67): Illuminate/Pipeline/Pipeline->Illuminate/Pipeline/{closure}(Object(Illuminate/Http/Request))
#17 C:/Users/Asus/Documents/dev_clock/vendor/laravel/framework/src/Illuminate/Pipeline/Pipeline.php(183): Illuminate/Cookie/Middleware/EncryptCookies->handle(Object(Illuminate/Http/Request), Object(Closure))
#18 C:/Users/Asus/Documents/dev_clock/vendor/laravel/framework/src/Illuminate/Pipeline/Pipeline.php(119): Illuminate/Pipeline/Pipeline->Illuminate/Pipeline/{closure}(Object(Illuminate/Http/Request))
#19 C:/Users/Asus/Documents/dev_clock/vendor/laravel/framework/src/Illuminate/Routing/Router.php(805): Illuminate/Pipeline/Pipeline->then(Object(Closure))
#20 C:/Users/Asus/Documents/dev_clock/vendor/laravel/framework/src/Illuminate/Routing/Router.php(784): Illuminate/Routing/Router->runRouteWithinStack(Object(Illuminate/Routing/Route), Object(Illuminate/Http/Request))
#21 C:/Users/Asus/Documents/dev_clock/vendor/laravel/framework/src/Illuminate/Routing/Router.php(748): Illuminate/Routing/Router->runRoute(Object(Illuminate/Http/Request), Object(Illuminate/Routing/Route))
#22 C:/Users/Asus/Documents/dev_clock/vendor/laravel/framework/src/Illuminate/Routing/Router.php(737): Illuminate/Routing/Router->dispatchToRoute(Object(Illuminate/Http/Request))
#23 C:/Users/Asus/Documents/dev_clock/vendor/laravel/framework/src/Illuminate/Foundation/Http/Kernel.php(200): Illuminate/Routing/Router->dispatch(Object(Illuminate/Http/Request))
#24 C:/Users/Asus/Documents/dev_clock/vendor/laravel/framework/src/Illuminate/Pipeline/Pipeline.php(144): Illuminate/Foundation/Http/Kernel->Illuminate/Foundation/Http/{closure}(Object(Illuminate/Http/Request))
#25 C:/Users/Asus/Documents/dev_clock/vendor/laravel/framework/src/Illuminate/Foundation/Http/Middleware/TransformsRequest.php(21): Illuminate/Pipeline/Pipeline->Illuminate/Pipeline/{closure}(Object(Illuminate/Http/Request))
#26 C:/Users/Asus/Documents/dev_clock/vendor/laravel/framework/src/Illuminate/Foundation/Http/Middleware/ConvertEmptyStringsToNull.php(31): Illuminate/Foundation/Http/Middleware/TransformsRequest->handle(Object(Illuminate/Http/Request), Object(Closure))
#27 C:/Users/Asus/Documents/dev_clock/vendor/laravel/framework/src/Illuminate/Pipeline/Pipeline.php(183): Illuminate/Foundation/Http/Middleware/ConvertEmptyStringsToNull->handle(Object(Illuminate/Http/Request), Object(Closure))
#28 C:/Users/Asus/Documents/dev_clock/vendor/laravel/framework/src/Illuminate/Foundation/Http/Middleware/TransformsRequest.php(21): Illuminate/Pipeline/Pipeline->Illuminate/Pipeline/{closure}(Object(Illuminate/Http/Request))
#29 C:/Users/Asus/Documents/dev_clock/vendor/laravel/framework/src/Illuminate/Foundation/Http/Middleware/TrimStrings.php(40): Illuminate/Foundation/Http/Middleware/TransformsRequest->handle(Object(Illuminate/Http/Request), Object(Closure))
#30 C:/Users/Asus/Documents/dev_clock/vendor/laravel/framework/src/Illuminate/Pipeline/Pipeline.php(183): Illuminate/Foundation/Http/Middleware/TrimStrings->handle(Object(Illuminate/Http/Request), Object(Closure))
#31 C:/Users/Asus/Documents/dev_clock/vendor/laravel/framework/src/Illuminate/Foundation/Http/Middleware/ValidatePostSize.php(27): Illuminate/Pipeline/Pipeline->Illuminate/Pipeline/{closure}(Object(Illuminate/Http/Request))
#32 C:/Users/Asus/Documents/dev_clock/vendor/laravel/framework/src/Illuminate/Pipeline/Pipeline.php(183): Illuminate/Foundation/Http/Middleware/ValidatePostSize->handle(Object(Illuminate/Http/Request), Object(Closure))
#33 C:/Users/Asus/Documents/dev_clock/vendor/laravel/framework/src/Illuminate/Foundation/Http/Middleware/PreventRequestsDuringMaintenance.php(99): Illuminate/Pipeline/Pipeline->Illuminate/Pipeline/{closure}(Object(Illuminate/Http/Request))
#34 C:/Users/Asus/Documents/dev_clock/vendor/laravel/framework/src/Illuminate/Pipeline/Pipeline.php(183): Illuminate/Foundation/Http/Middleware/PreventRequestsDuringMaintenance->handle(Object(Illuminate/Http/Request), Object(Closure))
#35 C:/Users/Asus/Documents/dev_clock/vendor/laravel/framework/src/Illuminate/Pipeline/Pipeline.php(119): Illuminate/Pipeline/Pipeline->Illuminate/Pipeline/{closure}(Object(Illuminate/Http/Request))
#36 C:/Users/Asus/Documents/dev_clock/vendor/laravel/framework/src/Illuminate/Foundation/Http/Kernel.php(175): Illuminate/Pipeline/Pipeline->then(Object(Closure))
#37 C:/Users/Asus/Documents/dev_clock/vendor/laravel/framework/src/Illuminate/Foundation/Http/Kernel.php(144): Illuminate/Foundation/Http/Kernel->sendRequestThroughRouter(Object(Illuminate/Http/Request))
#38 C:/Users/Asus/Documents/dev_clock/public/index.php(18): Illuminate/Foundation/Http/Kernel->handle(Object(Illuminate/Http/Request))
#39 C:/Users/Asus/Documents/dev_clock/vendor/laravel/framework/src/Illuminate/Foundation/resources/server.php(16): require_once('C://Users//Asus//D...')
#40 {main}

[previous exception] [object] (ReflectionException(code: -1): Class \"auth.check\" does not exist at C:/Users/Asus/Documents/dev_clock/vendor/laravel/framework/src/Illuminate/Container/Container.php:912)
[stacktrace]
#0 C:/Users/Asus/Documents/dev_clock/vendor/laravel/framework/src/Illuminate/Container/Container.php(912): ReflectionClass->__construct('auth.check')
#1 C:/Users/Asus/Documents/dev_clock/vendor/laravel/framework/src/Illuminate/Container/Container.php(795): Illuminate/Container/Container->build('auth.check')
#2 C:/Users/Asus/Documents/dev_clock/vendor/laravel/framework/src/Illuminate/Foundation/Application.php(986): Illuminate/Container/Container->resolve('auth.check', Array, true)
#3 C:/Users/Asus/Documents/dev_clock/vendor/laravel/framework/src/Illuminate/Container/Container.php(731): Illuminate/Foundation/Application->resolve('auth.check', Array)
#4 C:/Users/Asus/Documents/dev_clock/vendor/laravel/framework/src/Illuminate/Foundation/Application.php(971): Illuminate/Container/Container->make('auth.check', Array)
#5 C:/Users/Asus/Documents/dev_clock/vendor/laravel/framework/src/Illuminate/Pipeline/Pipeline.php(172): Illuminate/Foundation/Application->make('auth.check')
#6 C:/Users/Asus/Documents/dev_clock/vendor/laravel/framework/src/Illuminate/Routing/Middleware/SubstituteBindings.php(50): Illuminate/Pipeline/Pipeline->Illuminate/Pipeline/{closure}(Object(Illuminate/Http/Request))
#7 C:/Users/Asus/Documents/dev_clock/vendor/laravel/framework/src/Illuminate/Pipeline/Pipeline.php(183): Illuminate/Routing/Middleware/SubstituteBindings->handle(Object(Illuminate/Http/Request), Object(Closure))
#8 C:/Users/Asus/Documents/dev_clock/vendor/laravel/framework/src/Illuminate/Foundation/Http/Middleware/VerifyCsrfToken.php(78): Illuminate/Pipeline/Pipeline->Illuminate/Pipeline/{closure}(Object(Illuminate/Http/Request))
#9 C:/Users/Asus/Documents/dev_clock/vendor/laravel/framework/src/Illuminate/Pipeline/Pipeline.php(183): Illuminate/Foundation/Http/Middleware/VerifyCsrfToken->handle(Object(Illuminate/Http/Request), Object(Closure))
#10 C:/Users/Asus/Documents/dev_clock/vendor/laravel/framework/src/Illuminate/View/Middleware/ShareErrorsFromSession.php(49): Illuminate/Pipeline/Pipeline->Illuminate/Pipeline/{closure}(Object(Illuminate/Http/Request))
#11 C:/Users/Asus/Documents/dev_clock/vendor/laravel/framework/src/Illuminate/Pipeline/Pipeline.php(183): Illuminate/View/Middleware/ShareErrorsFromSession->handle(Object(Illuminate/Http/Request), Object(Closure))
#12 C:/Users/Asus/Documents/dev_clock/vendor/laravel/framework/src/Illuminate/Session/Middleware/StartSession.php(121): Illuminate/Pipeline/Pipeline->Illuminate/Pipeline/{closure}(Object(Illuminate/Http/Request))
#13 C:/Users/Asus/Documents/dev_clock/vendor/laravel/framework/src/Illuminate/Session/Middleware/StartSession.php(64): Illuminate/Session/Middleware/StartSession->handleStatefulRequest(Object(Illuminate/Http/Request), Object(Illuminate/Session/Store), Object(Closure))
#14 C:/Users/Asus/Documents/dev_clock/vendor/laravel/framework/src/Illuminate/Pipeline/Pipeline.php(183): Illuminate/Session/Middleware/StartSession->handle(Object(Illuminate/Http/Request), Object(Closure))
#15 C:/Users/Asus/Documents/dev_clock/vendor/laravel/framework/src/Illuminate/Cookie/Middleware/AddQueuedCookiesToResponse.php(37): Illuminate/Pipeline/Pipeline->Illuminate/Pipeline/{closure}(Object(Illuminate/Http/Request))
#16 C:/Users/Asus/Documents/dev_clock/vendor/laravel/framework/src/Illuminate/Pipeline/Pipeline.php(183): Illuminate/Cookie/Middleware/AddQueuedCookiesToResponse->handle(Object(Illuminate/Http/Request), Object(Closure))
#17 C:/Users/Asus/Documents/dev_clock/vendor/laravel/framework/src/Illuminate/Cookie/Middleware/EncryptCookies.php(67): Illuminate/Pipeline/Pipeline->Illuminate/Pipeline/{closure}(Object(Illuminate/Http/Request))
#18 C:/Users/Asus/Documents/dev_clock/vendor/laravel/framework/src/Illuminate/Pipeline/Pipeline.php(183): Illuminate/Cookie/Middleware/EncryptCookies->handle(Object(Illuminate/Http/Request), Object(Closure))
#19 C:/Users/Asus/Documents/dev_clock/vendor/laravel/framework/src/Illuminate/Pipeline/Pipeline.php(119): Illuminate/Pipeline/Pipeline->Illuminate/Pipeline/{closure}(Object(Illuminate/Http/Request))
#20 C:/Users/Asus/Documents/dev_clock/vendor/laravel/framework/src/Illuminate/Routing/Router.php(805): Illuminate/Pipeline/Pipeline->then(Object(Closure))
#21 C:/Users/Asus/Documents/dev_clock/vendor/laravel/framework/src/Illuminate/Routing/Router.php(784): Illuminate/Routing/Router->runRouteWithinStack(Object(Illuminate/Routing/Route), Object(Illuminate/Http/Request))
#22 C:/Users/Asus/Documents/dev_clock/vendor/laravel/framework/src/Illuminate/Routing/Router.php(748): Illuminate/Routing/Router->runRoute(Object(Illuminate/Http/Request), Object(Illuminate/Routing/Route))
#23 C:/Users/Asus/Documents/dev_clock/vendor/laravel/framework/src/Illuminate/Routing/Router.php(737): Illuminate/Routing/Router->dispatchToRoute(Object(Illuminate/Http/Request))
#24 C:/Users/Asus/Documents/dev_clock/vendor/laravel/framework/src/Illuminate/Foundation/Http/Kernel.php(200): Illuminate/Routing/Router->dispatch(Object(Illuminate/Http/Request))
#25 C:/Users/Asus/Documents/dev_clock/vendor/laravel/framework/src/Illuminate/Pipeline/Pipeline.php(144): Illuminate/Foundation/Http/Kernel->Illuminate/Foundation/Http/{closure}(Object(Illuminate/Http/Request))
#26 C:/Users/Asus/Documents/dev_clock/vendor/laravel/framework/src/Illuminate/Foundation/Http/Middleware/TransformsRequest.php(21): Illuminate/Pipeline/Pipeline->Illuminate/Pipeline/{closure}(Object(Illuminate/Http/Request))
#27 C:/Users/Asus/Documents/dev_clock/vendor/laravel/framework/src/Illuminate/Foundation/Http/Middleware/ConvertEmptyStringsToNull.php(31): Illuminate/Foundation/Http/Middleware/TransformsRequest->handle(Object(Illuminate/Http/Request), Object(Closure))
#28 C:/Users/Asus/Documents/dev_clock/vendor/laravel/framework/src/Illuminate/Pipeline/Pipeline.php(183): Illuminate/Foundation/Http/Middleware/ConvertEmptyStringsToNull->handle(Object(Illuminate/Http/Request), Object(Closure))
#29 C:/Users/Asus/Documents/dev_clock/vendor/laravel/framework/src/Illuminate/Foundation/Http/Middleware/TransformsRequest.php(21): Illuminate/Pipeline/Pipeline->Illuminate/Pipeline/{closure}(Object(Illuminate/Http/Request))
#30 C:/Users/Asus/Documents/dev_clock/vendor/laravel/framework/src/Illuminate/Foundation/Http/Middleware/TrimStrings.php(40): Illuminate/Foundation/Http/Middleware/TransformsRequest->handle(Object(Illuminate/Http/Request), Object(Closure))
#31 C:/Users/Asus/Documents/dev_clock/vendor/laravel/framework/src/Illuminate/Pipeline/Pipeline.php(183): Illuminate/Foundation/Http/Middleware/TrimStrings->handle(Object(Illuminate/Http/Request), Object(Closure))
#32 C:/Users/Asus/Documents/dev_clock/vendor/laravel/framework/src/Illuminate/Foundation/Http/Middleware/ValidatePostSize.php(27): Illuminate/Pipeline/Pipeline->Illuminate/Pipeline/{closure}(Object(Illuminate/Http/Request))
#33 C:/Users/Asus/Documents/dev_clock/vendor/laravel/framework/src/Illuminate/Pipeline/Pipeline.php(183): Illuminate/Foundation/Http/Middleware/ValidatePostSize->handle(Object(Illuminate/Http/Request), Object(Closure))
#34 C:/Users/Asus/Documents/dev_clock/vendor/laravel/framework/src/Illuminate/Foundation/Http/Middleware/PreventRequestsDuringMaintenance.php(99): Illuminate/Pipeline/Pipeline->Illuminate/Pipeline/{closure}(Object(Illuminate/Http/Request))
#35 C:/Users/Asus/Documents/dev_clock/vendor/laravel/framework/src/Illuminate/Pipeline/Pipeline.php(183): Illuminate/Foundation/Http/Middleware/PreventRequestsDuringMaintenance->handle(Object(Illuminate/Http/Request), Object(Closure))
#36 C:/Users/Asus/Documents/dev_clock/vendor/laravel/framework/src/Illuminate/Pipeline/Pipeline.php(119): Illuminate/Pipeline/Pipeline->Illuminate/Pipeline/{closure}(Object(Illuminate/Http/Request))
#37 C:/Users/Asus/Documents/dev_clock/vendor/laravel/framework/src/Illuminate/Foundation/Http/Kernel.php(175): Illuminate/Pipeline/Pipeline->then(Object(Closure))
#38 C:/Users/Asus/Documents/dev_clock/vendor/laravel/framework/src/Illuminate/Foundation/Http/Kernel.php(144): Illuminate/Foundation/Http/Kernel->sendRequestThroughRouter(Object(Illuminate/Http/Request))
#39 C:/Users/Asus/Documents/dev_clock/public/index.php(18): Illuminate/Foundation/Http/Kernel->handle(Object(Illuminate/Http/Request))
#40 C:/Users/Asus/Documents/dev_clock/vendor/laravel/framework/src/Illuminate/Foundation/resources/server.php(16): require_once('C://Users//Asus//D...')
#41 {main}
"} 
[2026-07-11 21:03:02] local.ERROR: Target class [auth.check] does not exist. {"exception":"[object] (Illuminate\\Contracts\\Container\\BindingResolutionException(code: 0): Target class [auth.check] does not exist. at C:/Users/Asus/Documents/dev_clock/vendor/laravel/framework/src/Illuminate/Container/Container.php:914)
[stacktrace]
#0 C:/Users/Asus/Documents/dev_clock/vendor/laravel/framework/src/Illuminate/Container/Container.php(795): Illuminate/Container/Container->build('auth.check')
#1 C:/Users/Asus/Documents/dev_clock/vendor/laravel/framework/src/Illuminate/Foundation/Application.php(986): Illuminate/Container/Container->resolve('auth.check', Array, true)
#2 C:/Users/Asus/Documents/dev_clock/vendor/laravel/framework/src/Illuminate/Container/Container.php(731): Illuminate/Foundation/Application->resolve('auth.check', Array)
#3 C:/Users/Asus/Documents/dev_clock/vendor/laravel/framework/src/Illuminate/Foundation/Application.php(971): Illuminate/Container/Container->make('auth.check', Array)
#4 C:/Users/Asus/Documents/dev_clock/vendor/laravel/framework/src/Illuminate/Foundation/Http/Kernel.php(255): Illuminate/Foundation/Application->make('auth.check')
#5 C:/Users/Asus/Documents/dev_clock/vendor/laravel/framework/src/Illuminate/Foundation/Http/Kernel.php(213): Illuminate/Foundation/Http/Kernel->terminateMiddleware(Object(Illuminate/Http/Request), Object(Illuminate/Http/Response))
#6 C:/Users/Asus/Documents/dev_clock/public/index.php(22): Illuminate/Foundation/Http/Kernel->terminate(Object(Illuminate/Http/Request), Object(Illuminate/Http/Response))
#7 C:/Users/Asus/Documents/dev_clock/vendor/laravel/framework/src/Illuminate/Foundation/resources/server.php(16): require_once('C://Users//Asus//D...')
#8 {main}

[previous exception] [object] (ReflectionException(code: -1): Class \"auth.check\" does not exist at C:/Users/Asus/Documents/dev_clock/vendor/laravel/framework/src/Illuminate/Container/Container.php:912)
[stacktrace]
#0 C:/Users/Asus/Documents/dev_clock/vendor/laravel/framework/src/Illuminate/Container/Container.php(912): ReflectionClass->__construct('auth.check')
#1 C:/Users/Asus/Documents/dev_clock/vendor/laravel/framework/src/Illuminate/Container/Container.php(795): Illuminate/Container/Container->build('auth.check')
#2 C:/Users/Asus/Documents/dev_clock/vendor/laravel/framework/src/Illuminate/Foundation/Application.php(986): Illuminate/Container/Container->resolve('auth.check', Array, true)
#3 C:/Users/Asus/Documents/dev_clock/vendor/laravel/framework/src/Illuminate/Container/Container.php(731): Illuminate/Foundation/Application->resolve('auth.check', Array)
#4 C:/Users/Asus/Documents/dev_clock/vendor/laravel/framework/src/Illuminate/Foundation/Application.php(971): Illuminate/Container/Container->make('auth.check', Array)
#5 C:/Users/Asus/Documents/dev_clock/vendor/laravel/framework/src/Illuminate/Foundation/Http/Kernel.php(255): Illuminate/Foundation/Application->make('auth.check')
#6 C:/Users/Asus/Documents/dev_clock/vendor/laravel/framework/src/Illuminate/Foundation/Http/Kernel.php(213): Illuminate/Foundation/Http/Kernel->terminateMiddleware(Object(Illuminate/Http/Request), Object(Illuminate/Http/Response))
#7 C:/Users/Asus/Documents/dev_clock/public/index.php(22): Illuminate/Foundation/Http/Kernel->terminate(Object(Illuminate/Http/Request), Object(Illuminate/Http/Response))
#8 C:/Users/Asus/Documents/dev_clock/vendor/laravel/framework/src/Illuminate/Foundation/resources/server.php(16): require_once('C://Users//Asus//D...')
#9 {main}
"} 
[2026-07-11 21:09:59] local.ERROR: Target class [auth.check] does not exist. {"exception":"[object] (Illuminate\\Contracts\\Container\\BindingResolutionException(code: 0): Target class [auth.check] does not exist. at C:/Users/Asus/Documents/dev_clock/vendor/laravel/framework/src/Illuminate/Container/Container.php:914)
[stacktrace]
#0 C:/Users/Asus/Documents/dev_clock/vendor/laravel/framework/src/Illuminate/Container/Container.php(795): Illuminate/Container/Container->build('auth.check')
#1 C:/Users/Asus/Documents/dev_clock/vendor/laravel/framework/src/Illuminate/Foundation/Application.php(986): Illuminate/Container/Container->resolve('auth.check', Array, true)
#2 C:/Users/Asus/Documents/dev_clock/vendor/laravel/framework/src/Illuminate/Container/Container.php(731): Illuminate/Foundation/Application->resolve('auth.check', Array)
#3 C:/Users/Asus/Documents/dev_clock/vendor/laravel/framework/src/Illuminate/Foundation/Application.php(971): Illuminate/Container/Container->make('auth.check', Array)
#4 C:/Users/Asus/Documents/dev_clock/vendor/laravel/framework/src/Illuminate/Pipeline/Pipeline.php(172): Illuminate/Foundation/Application->make('auth.check')
#5 C:/Users/Asus/Documents/dev_clock/vendor/laravel/framework/src/Illuminate/Routing/Middleware/SubstituteBindings.php(50): Illuminate/Pipeline/Pipeline->Illuminate/Pipeline/{closure}(Object(Illuminate/Http/Request))
#6 C:/Users/Asus/Documents/dev_clock/vendor/laravel/framework/src/Illuminate/Pipeline/Pipeline.php(183): Illuminate/Routing/Middleware/SubstituteBindings->handle(Object(Illuminate/Http/Request), Object(Closure))
#7 C:/Users/Asus/Documents/dev_clock/vendor/laravel/framework/src/Illuminate/Foundation/Http/Middleware/VerifyCsrfToken.php(78): Illuminate/Pipeline/Pipeline->Illuminate/Pipeline/{closure}(Object(Illuminate/Http/Request))
#8 C:/Users/Asus/Documents/dev_clock/vendor/laravel/framework/src/Illuminate/Pipeline/Pipeline.php(183): Illuminate/Foundation/Http/Middleware/VerifyCsrfToken->handle(Object(Illuminate/Http/Request), Object(Closure))
#9 C:/Users/Asus/Documents/dev_clock/vendor/laravel/framework/src/Illuminate/View/Middleware/ShareErrorsFromSession.php(49): Illuminate/Pipeline/Pipeline->Illuminate/Pipeline/{closure}(Object(Illuminate/Http/Request))
#10 C:/Users/Asus/Documents/dev_clock/vendor/laravel/framework/src/Illuminate/Pipeline/Pipeline.php(183): Illuminate/View/Middleware/ShareErrorsFromSession->handle(Object(Illuminate/Http/Request), Object(Closure))
#11 C:/Users/Asus/Documents/dev_clock/vendor/laravel/framework/src/Illuminate/Session/Middleware/StartSession.php(121): Illuminate/Pipeline/Pipeline->Illuminate/Pipeline/{closure}(Object(Illuminate/Http/Request))
#12 C:/Users/Asus/Documents/dev_clock/vendor/laravel/framework/src/Illuminate/Session/Middleware/StartSession.php(64): Illuminate/Session/Middleware/StartSession->handleStatefulRequest(Object(Illuminate/Http/Request), Object(Illuminate/Session/Store), Object(Closure))
#13 C:/Users/Asus/Documents/dev_clock/vendor/laravel/framework/src/Illuminate/Pipeline/Pipeline.php(183): Illuminate/Session/Middleware/StartSession->handle(Object(Illuminate/Http/Request), Object(Closure))
#14 C:/Users/Asus/Documents/dev_clock/vendor/laravel/framework/src/Illuminate/Cookie/Middleware/AddQueuedCookiesToResponse.php(37): Illuminate/Pipeline/Pipeline->Illuminate/Pipeline/{closure}(Object(Illuminate/Http/Request))
#15 C:/Users/Asus/Documents/dev_clock/vendor/laravel/framework/src/Illuminate/Pipeline/Pipeline.php(183): Illuminate/Cookie/Middleware/AddQueuedCookiesToResponse->handle(Object(Illuminate/Http/Request), Object(Closure))
#16 C:/Users/Asus/Documents/dev_clock/vendor/laravel/framework/src/Illuminate/Cookie/Middleware/EncryptCookies.php(67): Illuminate/Pipeline/Pipeline->Illuminate/Pipeline/{closure}(Object(Illuminate/Http/Request))
#17 C:/Users/Asus/Documents/dev_clock/vendor/laravel/framework/src/Illuminate/Pipeline/Pipeline.php(183): Illuminate/Cookie/Middleware/EncryptCookies->handle(Object(Illuminate/Http/Request), Object(Closure))
#18 C:/Users/Asus/Documents/dev_clock/vendor/laravel/framework/src/Illuminate/Pipeline/Pipeline.php(119): Illuminate/Pipeline/Pipeline->Illuminate/Pipeline/{closure}(Object(Illuminate/Http/Request))
#19 C:/Users/Asus/Documents/dev_clock/vendor/laravel/framework/src/Illuminate/Routing/Router.php(805): Illuminate/Pipeline/Pipeline->then(Object(Closure))
#20 C:/Users/Asus/Documents/dev_clock/vendor/laravel/framework/src/Illuminate/Routing/Router.php(784): Illuminate/Routing/Router->runRouteWithinStack(Object(Illuminate/Routing/Route), Object(Illuminate/Http/Request))
#21 C:/Users/Asus/Documents/dev_clock/vendor/laravel/framework/src/Illuminate/Routing/Router.php(748): Illuminate/Routing/Router->runRoute(Object(Illuminate/Http/Request), Object(Illuminate/Routing/Route))
#22 C:/Users/Asus/Documents/dev_clock/vendor/laravel/framework/src/Illuminate/Routing/Router.php(737): Illuminate/Routing/Router->dispatchToRoute(Object(Illuminate/Http/Request))
#23 C:/Users/Asus/Documents/dev_clock/vendor/laravel/framework/src/Illuminate/Foundation/Http/Kernel.php(200): Illuminate/Routing/Router->dispatch(Object(Illuminate/Http/Request))
#24 C:/Users/Asus/Documents/dev_clock/vendor/laravel/framework/src/Illuminate/Pipeline/Pipeline.php(144): Illuminate/Foundation/Http/Kernel->Illuminate/Foundation/Http/{closure}(Object(Illuminate/Http/Request))
#25 C:/Users/Asus/Documents/dev_clock/vendor/laravel/framework/src/Illuminate/Foundation/Http/Middleware/TransformsRequest.php(21): Illuminate/Pipeline/Pipeline->Illuminate/Pipeline/{closure}(Object(Illuminate/Http/Request))
#26 C:/Users/Asus/Documents/dev_clock/vendor/laravel/framework/src/Illuminate/Foundation/Http/Middleware/ConvertEmptyStringsToNull.php(31): Illuminate/Foundation/Http/Middleware/TransformsRequest->handle(Object(Illuminate/Http/Request), Object(Closure))
#27 C:/Users/Asus/Documents/dev_clock/vendor/laravel/framework/src/Illuminate/Pipeline/Pipeline.php(183): Illuminate/Foundation/Http/Middleware/ConvertEmptyStringsToNull->handle(Object(Illuminate/Http/Request), Object(Closure))
#28 C:/Users/Asus/Documents/dev_clock/vendor/laravel/framework/src/Illuminate/Foundation/Http/Middleware/TransformsRequest.php(21): Illuminate/Pipeline/Pipeline->Illuminate/Pipeline/{closure}(Object(Illuminate/Http/Request))
#29 C:/Users/Asus/Documents/dev_clock/vendor/laravel/framework/src/Illuminate/Foundation/Http/Middleware/TrimStrings.php(40): Illuminate/Foundation/Http/Middleware/TransformsRequest->handle(Object(Illuminate/Http/Request), Object(Closure))
#30 C:/Users/Asus/Documents/dev_clock/vendor/laravel/framework/src/Illuminate/Pipeline/Pipeline.php(183): Illuminate/Foundation/Http/Middleware/TrimStrings->handle(Object(Illuminate/Http/Request), Object(Closure))
#31 C:/Users/Asus/Documents/dev_clock/vendor/laravel/framework/src/Illuminate/Foundation/Http/Middleware/ValidatePostSize.php(27): Illuminate/Pipeline/Pipeline->Illuminate/Pipeline/{closure}(Object(Illuminate/Http/Request))
#32 C:/Users/Asus/Documents/dev_clock/vendor/laravel/framework/src/Illuminate/Pipeline/Pipeline.php(183): Illuminate/Foundation/Http/Middleware/ValidatePostSize->handle(Object(Illuminate/Http/Request), Object(Closure))
#33 C:/Users/Asus/Documents/dev_clock/vendor/laravel/framework/src/Illuminate/Foundation/Http/Middleware/PreventRequestsDuringMaintenance.php(99): Illuminate/Pipeline/Pipeline->Illuminate/Pipeline/{closure}(Object(Illuminate/Http/Request))
#34 C:/Users/Asus/Documents/dev_clock/vendor/laravel/framework/src/Illuminate/Pipeline/Pipeline.php(183): Illuminate/Foundation/Http/Middleware/PreventRequestsDuringMaintenance->handle(Object(Illuminate/Http/Request), Object(Closure))
#35 C:/Users/Asus/Documents/dev_clock/vendor/laravel/framework/src/Illuminate/Pipeline/Pipeline.php(119): Illuminate/Pipeline/Pipeline->Illuminate/Pipeline/{closure}(Object(Illuminate/Http/Request))
#36 C:/Users/Asus/Documents/dev_clock/vendor/laravel/framework/src/Illuminate/Foundation/Http/Kernel.php(175): Illuminate/Pipeline/Pipeline->then(Object(Closure))
#37 C:/Users/Asus/Documents/dev_clock/vendor/laravel/framework/src/Illuminate/Foundation/Http/Kernel.php(144): Illuminate/Foundation/Http/Kernel->sendRequestThroughRouter(Object(Illuminate/Http/Request))
#38 C:/Users/Asus/Documents/dev_clock/public/index.php(18): Illuminate/Foundation/Http/Kernel->handle(Object(Illuminate/Http/Request))
#39 C:/Users/Asus/Documents/dev_clock/vendor/laravel/framework/src/Illuminate/Foundation/resources/server.php(16): require_once('C://Users//Asus//D...')
#40 {main}

[previous exception] [object] (ReflectionException(code: -1): Class \"auth.check\" does not exist at C:/Users/Asus/Documents/dev_clock/vendor/laravel/framework/src/Illuminate/Container/Container.php:912)
[stacktrace]
#0 C:/Users/Asus/Documents/dev_clock/vendor/laravel/framework/src/Illuminate/Container/Container.php(912): ReflectionClass->__construct('auth.check')
#1 C:/Users/Asus/Documents/dev_clock/vendor/laravel/framework/src/Illuminate/Container/Container.php(795): Illuminate/Container/Container->build('auth.check')
#2 C:/Users/Asus/Documents/dev_clock/vendor/laravel/framework/src/Illuminate/Foundation/Application.php(986): Illuminate/Container/Container->resolve('auth.check', Array, true)
#3 C:/Users/Asus/Documents/dev_clock/vendor/laravel/framework/src/Illuminate/Container/Container.php(731): Illuminate/Foundation/Application->resolve('auth.check', Array)
#4 C:/Users/Asus/Documents/dev_clock/vendor/laravel/framework/src/Illuminate/Foundation/Application.php(971): Illuminate/Container/Container->make('auth.check', Array)
#5 C:/Users/Asus/Documents/dev_clock/vendor/laravel/framework/src/Illuminate/Pipeline/Pipeline.php(172): Illuminate/Foundation/Application->make('auth.check')
#6 C:/Users/Asus/Documents/dev_clock/vendor/laravel/framework/src/Illuminate/Routing/Middleware/SubstituteBindings.php(50): Illuminate/Pipeline/Pipeline->Illuminate/Pipeline/{closure}(Object(Illuminate/Http/Request))
#7 C:/Users/Asus/Documents/dev_clock/vendor/laravel/framework/src/Illuminate/Pipeline/Pipeline.php(183): Illuminate/Routing/Middleware/SubstituteBindings->handle(Object(Illuminate/Http/Request), Object(Closure))
#8 C:/Users/Asus/Documents/dev_clock/vendor/laravel/framework/src/Illuminate/Foundation/Http/Middleware/VerifyCsrfToken.php(78): Illuminate/Pipeline/Pipeline->Illuminate/Pipeline/{closure}(Object(Illuminate/Http/Request))
#9 C:/Users/Asus/Documents/dev_clock/vendor/laravel/framework/src/Illuminate/Pipeline/Pipeline.php(183): Illuminate/Foundation/Http/Middleware/VerifyCsrfToken->handle(Object(Illuminate/Http/Request), Object(Closure))
#10 C:/Users/Asus/Documents/dev_clock/vendor/laravel/framework/src/Illuminate/View/Middleware/ShareErrorsFromSession.php(49): Illuminate/Pipeline/Pipeline->Illuminate/Pipeline/{closure}(Object(Illuminate/Http/Request))
#11 C:/Users/Asus/Documents/dev_clock/vendor/laravel/framework/src/Illuminate/Pipeline/Pipeline.php(183): Illuminate/View/Middleware/ShareErrorsFromSession->handle(Object(Illuminate/Http/Request), Object(Closure))
#12 C:/Users/Asus/Documents/dev_clock/vendor/laravel/framework/src/Illuminate/Session/Middleware/StartSession.php(121): Illuminate/Pipeline/Pipeline->Illuminate/Pipeline/{closure}(Object(Illuminate/Http/Request))
#13 C:/Users/Asus/Documents/dev_clock/vendor/laravel/framework/src/Illuminate/Session/Middleware/StartSession.php(64): Illuminate/Session/Middleware/StartSession->handleStatefulRequest(Object(Illuminate/Http/Request), Object(Illuminate/Session/Store), Object(Closure))
#14 C:/Users/Asus/Documents/dev_clock/vendor/laravel/framework/src/Illuminate/Pipeline/Pipeline.php(183): Illuminate/Session/Middleware/StartSession->handle(Object(Illuminate/Http/Request), Object(Closure))
#15 C:/Users/Asus/Documents/dev_clock/vendor/laravel/framework/src/Illuminate/Cookie/Middleware/AddQueuedCookiesToResponse.php(37): Illuminate/Pipeline/Pipeline->Illuminate/Pipeline/{closure}(Object(Illuminate/Http/Request))
#16 C:/Users/Asus/Documents/dev_clock/vendor/laravel/framework/src/Illuminate/Pipeline/Pipeline.php(183): Illuminate/Cookie/Middleware/AddQueuedCookiesToResponse->handle(Object(Illuminate/Http/Request), Object(Closure))
#17 C:/Users/Asus/Documents/dev_clock/vendor/laravel/framework/src/Illuminate/Cookie/Middleware/EncryptCookies.php(67): Illuminate/Pipeline/Pipeline->Illuminate/Pipeline/{closure}(Object(Illuminate/Http/Request))
#18 C:/Users/Asus/Documents/dev_clock/vendor/laravel/framework/src/Illuminate/Pipeline/Pipeline.php(183): Illuminate/Cookie/Middleware/EncryptCookies->handle(Object(Illuminate/Http/Request), Object(Closure))
#19 C:/Users/Asus/Documents/dev_clock/vendor/laravel/framework/src/Illuminate/Pipeline/Pipeline.php(119): Illuminate/Pipeline/Pipeline->Illuminate/Pipeline/{closure}(Object(Illuminate/Http/Request))
#20 C:/Users/Asus/Documents/dev_clock/vendor/laravel/framework/src/Illuminate/Routing/Router.php(805): Illuminate/Pipeline/Pipeline->then(Object(Closure))
#21 C:/Users/Asus/Documents/dev_clock/vendor/laravel/framework/src/Illuminate/Routing/Router.php(784): Illuminate/Routing/Router->runRouteWithinStack(Object(Illuminate/Routing/Route), Object(Illuminate/Http/Request))
#22 C:/Users/Asus/Documents/dev_clock/vendor/laravel/framework/src/Illuminate/Routing/Router.php(748): Illuminate/Routing/Router->runRoute(Object(Illuminate/Http/Request), Object(Illuminate/Routing/Route))
#23 C:/Users/Asus/Documents/dev_clock/vendor/laravel/framework/src/Illuminate/Routing/Router.php(737): Illuminate/Routing/Router->dispatchToRoute(Object(Illuminate/Http/Request))
#24 C:/Users/Asus/Documents/dev_clock/vendor/laravel/framework/src/Illuminate/Foundation/Http/Kernel.php(200): Illuminate/Routing/Router->dispatch(Object(Illuminate/Http/Request))
#25 C:/Users/Asus/Documents/dev_clock/vendor/laravel/framework/src/Illuminate/Pipeline/Pipeline.php(144): Illuminate/Foundation/Http/Kernel->Illuminate/Foundation/Http/{closure}(Object(Illuminate/Http/Request))
#26 C:/Users/Asus/Documents/dev_clock/vendor/laravel/framework/src/Illuminate/Foundation/Http/Middleware/TransformsRequest.php(21): Illuminate/Pipeline/Pipeline->Illuminate/Pipeline/{closure}(Object(Illuminate/Http/Request))
#27 C:/Users/Asus/Documents/dev_clock/vendor/laravel/framework/src/Illuminate/Foundation/Http/Middleware/ConvertEmptyStringsToNull.php(31): Illuminate/Foundation/Http/Middleware/TransformsRequest->handle(Object(Illuminate/Http/Request), Object(Closure))
#28 C:/Users/Asus/Documents/dev_clock/vendor/laravel/framework/src/Illuminate/Pipeline/Pipeline.php(183): Illuminate/Foundation/Http/Middleware/ConvertEmptyStringsToNull->handle(Object(Illuminate/Http/Request), Object(Closure))
#29 C:/Users/Asus/Documents/dev_clock/vendor/laravel/framework/src/Illuminate/Foundation/Http/Middleware/TransformsRequest.php(21): Illuminate/Pipeline/Pipeline->Illuminate/Pipeline/{closure}(Object(Illuminate/Http/Request))
#30 C:/Users/Asus/Documents/dev_clock/vendor/laravel/framework/src/Illuminate/Foundation/Http/Middleware/TrimStrings.php(40): Illuminate/Foundation/Http/Middleware/TransformsRequest->handle(Object(Illuminate/Http/Request), Object(Closure))
#31 C:/Users/Asus/Documents/dev_clock/vendor/laravel/framework/src/Illuminate/Pipeline/Pipeline.php(183): Illuminate/Foundation/Http/Middleware/TrimStrings->handle(Object(Illuminate/Http/Request), Object(Closure))
#32 C:/Users/Asus/Documents/dev_clock/vendor/laravel/framework/src/Illuminate/Foundation/Http/Middleware/ValidatePostSize.php(27): Illuminate/Pipeline/Pipeline->Illuminate/Pipeline/{closure}(Object(Illuminate/Http/Request))
#33 C:/Users/Asus/Documents/dev_clock/vendor/laravel/framework/src/Illuminate/Pipeline/Pipeline.php(183): Illuminate/Foundation/Http/Middleware/ValidatePostSize->handle(Object(Illuminate/Http/Request), Object(Closure))
#34 C:/Users/Asus/Documents/dev_clock/vendor/laravel/framework/src/Illuminate/Foundation/Http/Middleware/PreventRequestsDuringMaintenance.php(99): Illuminate/Pipeline/Pipeline->Illuminate/Pipeline/{closure}(Object(Illuminate/Http/Request))
#35 C:/Users/Asus/Documents/dev_clock/vendor/laravel/framework/src/Illuminate/Pipeline/Pipeline.php(183): Illuminate/Foundation/Http/Middleware/PreventRequestsDuringMaintenance->handle(Object(Illuminate/Http/Request), Object(Closure))
#36 C:/Users/Asus/Documents/dev_clock/vendor/laravel/framework/src/Illuminate/Pipeline/Pipeline.php(119): Illuminate/Pipeline/Pipeline->Illuminate/Pipeline/{closure}(Object(Illuminate/Http/Request))
#37 C:/Users/Asus/Documents/dev_clock/vendor/laravel/framework/src/Illuminate/Foundation/Http/Kernel.php(175): Illuminate/Pipeline/Pipeline->then(Object(Closure))
#38 C:/Users/Asus/Documents/dev_clock/vendor/laravel/framework/src/Illuminate/Foundation/Http/Kernel.php(144): Illuminate/Foundation/Http/Kernel->sendRequestThroughRouter(Object(Illuminate/Http/Request))
#39 C:/Users/Asus/Documents/dev_clock/public/index.php(18): Illuminate/Foundation/Http/Kernel->handle(Object(Illuminate/Http/Request))
#40 C:/Users/Asus/Documents/dev_clock/vendor/laravel/framework/src/Illuminate/Foundation/resources/server.php(16): require_once('C://Users//Asus//D...')
#41 {main}
"} 
[2026-07-11 21:09:59] local.ERROR: Target class [auth.check] does not exist. {"exception":"[object] (Illuminate\\Contracts\\Container\\BindingResolutionException(code: 0): Target class [auth.check] does not exist. at C:/Users/Asus/Documents/dev_clock/vendor/laravel/framework/src/Illuminate/Container/Container.php:914)
[stacktrace]
#0 C:/Users/Asus/Documents/dev_clock/vendor/laravel/framework/src/Illuminate/Container/Container.php(795): Illuminate/Container/Container->build('auth.check')
#1 C:/Users/Asus/Documents/dev_clock/vendor/laravel/framework/src/Illuminate/Foundation/Application.php(986): Illuminate/Container/Container->resolve('auth.check', Array, true)
#2 C:/Users/Asus/Documents/dev_clock/vendor/laravel/framework/src/Illuminate/Container/Container.php(731): Illuminate/Foundation/Application->resolve('auth.check', Array)
#3 C:/Users/Asus/Documents/dev_clock/vendor/laravel/framework/src/Illuminate/Foundation/Application.php(971): Illuminate/Container/Container->make('auth.check', Array)
#4 C:/Users/Asus/Documents/dev_clock/vendor/laravel/framework/src/Illuminate/Foundation/Http/Kernel.php(255): Illuminate/Foundation/Application->make('auth.check')
#5 C:/Users/Asus/Documents/dev_clock/vendor/laravel/framework/src/Illuminate/Foundation/Http/Kernel.php(213): Illuminate/Foundation/Http/Kernel->terminateMiddleware(Object(Illuminate/Http/Request), Object(Illuminate/Http/Response))
#6 C:/Users/Asus/Documents/dev_clock/public/index.php(22): Illuminate/Foundation/Http/Kernel->terminate(Object(Illuminate/Http/Request), Object(Illuminate/Http/Response))
#7 C:/Users/Asus/Documents/dev_clock/vendor/laravel/framework/src/Illuminate/Foundation/resources/server.php(16): require_once('C://Users//Asus//D...')
#8 {main}

[previous exception] [object] (ReflectionException(code: -1): Class \"auth.check\" does not exist at C:/Users/Asus/Documents/dev_clock/vendor/laravel/framework/src/Illuminate/Container/Container.php:912)
[stacktrace]
#0 C:/Users/Asus/Documents/dev_clock/vendor/laravel/framework/src/Illuminate/Container/Container.php(912): ReflectionClass->__construct('auth.check')
#1 C:/Users/Asus/Documents/dev_clock/vendor/laravel/framework/src/Illuminate/Container/Container.php(795): Illuminate/Container/Container->build('auth.check')
#2 C:/Users/Asus/Documents/dev_clock/vendor/laravel/framework/src/Illuminate/Foundation/Application.php(986): Illuminate/Container/Container->resolve('auth.check', Array, true)
#3 C:/Users/Asus/Documents/dev_clock/vendor/laravel/framework/src/Illuminate/Container/Container.php(731): Illuminate/Foundation/Application->resolve('auth.check', Array)
#4 C:/Users/Asus/Documents/dev_clock/vendor/laravel/framework/src/Illuminate/Foundation/Application.php(971): Illuminate/Container/Container->make('auth.check', Array)
#5 C:/Users/Asus/Documents/dev_clock/vendor/laravel/framework/src/Illuminate/Foundation/Http/Kernel.php(255): Illuminate/Foundation/Application->make('auth.check')
#6 C:/Users/Asus/Documents/dev_clock/vendor/laravel/framework/src/Illuminate/Foundation/Http/Kernel.php(213): Illuminate/Foundation/Http/Kernel->terminateMiddleware(Object(Illuminate/Http/Request), Object(Illuminate/Http/Response))
#7 C:/Users/Asus/Documents/dev_clock/public/index.php(22): Illuminate/Foundation/Http/Kernel->terminate(Object(Illuminate/Http/Request), Object(Illuminate/Http/Response))
#8 C:/Users/Asus/Documents/dev_clock/vendor/laravel/framework/src/Illuminate/Foundation/resources/server.php(16): require_once('C://Users//Asus//D...')
#9 {main}
"} 
[2026-07-11 21:10:25] local.ERROR: Target class [auth.check] does not exist. {"exception":"[object] (Illuminate\\Contracts\\Container\\BindingResolutionException(code: 0): Target class [auth.check] does not exist. at C:/Users/Asus/Documents/dev_clock/vendor/laravel/framework/src/Illuminate/Container/Container.php:914)
[stacktrace]
#0 C:/Users/Asus/Documents/dev_clock/vendor/laravel/framework/src/Illuminate/Container/Container.php(795): Illuminate/Container/Container->build('auth.check')
#1 C:/Users/Asus/Documents/dev_clock/vendor/laravel/framework/src/Illuminate/Foundation/Application.php(986): Illuminate/Container/Container->resolve('auth.check', Array, true)
#2 C:/Users/Asus/Documents/dev_clock/vendor/laravel/framework/src/Illuminate/Container/Container.php(731): Illuminate/Foundation/Application->resolve('auth.check', Array)
#3 C:/Users/Asus/Documents/dev_clock/vendor/laravel/framework/src/Illuminate/Foundation/Application.php(971): Illuminate/Container/Container->make('auth.check', Array)
#4 C:/Users/Asus/Documents/dev_clock/vendor/laravel/framework/src/Illuminate/Pipeline/Pipeline.php(172): Illuminate/Foundation/Application->make('auth.check')
#5 C:/Users/Asus/Documents/dev_clock/vendor/laravel/framework/src/Illuminate/Routing/Middleware/SubstituteBindings.php(50): Illuminate/Pipeline/Pipeline->Illuminate/Pipeline/{closure}(Object(Illuminate/Http/Request))
#6 C:/Users/Asus/Documents/dev_clock/vendor/laravel/framework/src/Illuminate/Pipeline/Pipeline.php(183): Illuminate/Routing/Middleware/SubstituteBindings->handle(Object(Illuminate/Http/Request), Object(Closure))
#7 C:/Users/Asus/Documents/dev_clock/vendor/laravel/framework/src/Illuminate/Foundation/Http/Middleware/VerifyCsrfToken.php(78): Illuminate/Pipeline/Pipeline->Illuminate/Pipeline/{closure}(Object(Illuminate/Http/Request))
#8 C:/Users/Asus/Documents/dev_clock/vendor/laravel/framework/src/Illuminate/Pipeline/Pipeline.php(183): Illuminate/Foundation/Http/Middleware/VerifyCsrfToken->handle(Object(Illuminate/Http/Request), Object(Closure))
#9 C:/Users/Asus/Documents/dev_clock/vendor/laravel/framework/src/Illuminate/View/Middleware/ShareErrorsFromSession.php(49): Illuminate/Pipeline/Pipeline->Illuminate/Pipeline/{closure}(Object(Illuminate/Http/Request))
#10 C:/Users/Asus/Documents/dev_clock/vendor/laravel/framework/src/Illuminate/Pipeline/Pipeline.php(183): Illuminate/View/Middleware/ShareErrorsFromSession->handle(Object(Illuminate/Http/Request), Object(Closure))
#11 C:/Users/Asus/Documents/dev_clock/vendor/laravel/framework/src/Illuminate/Session/Middleware/StartSession.php(121): Illuminate/Pipeline/Pipeline->Illuminate/Pipeline/{closure}(Object(Illuminate/Http/Request))
#12 C:/Users/Asus/Documents/dev_clock/vendor/laravel/framework/src/Illuminate/Session/Middleware/StartSession.php(64): Illuminate/Session/Middleware/StartSession->handleStatefulRequest(Object(Illuminate/Http/Request), Object(Illuminate/Session/Store), Object(Closure))
#13 C:/Users/Asus/Documents/dev_clock/vendor/laravel/framework/src/Illuminate/Pipeline/Pipeline.php(183): Illuminate/Session/Middleware/StartSession->handle(Object(Illuminate/Http/Request), Object(Closure))
#14 C:/Users/Asus/Documents/dev_clock/vendor/laravel/framework/src/Illuminate/Cookie/Middleware/AddQueuedCookiesToResponse.php(37): Illuminate/Pipeline/Pipeline->Illuminate/Pipeline/{closure}(Object(Illuminate/Http/Request))
#15 C:/Users/Asus/Documents/dev_clock/vendor/laravel/framework/src/Illuminate/Pipeline/Pipeline.php(183): Illuminate/Cookie/Middleware/AddQueuedCookiesToResponse->handle(Object(Illuminate/Http/Request), Object(Closure))
#16 C:/Users/Asus/Documents/dev_clock/vendor/laravel/framework/src/Illuminate/Cookie/Middleware/EncryptCookies.php(67): Illuminate/Pipeline/Pipeline->Illuminate/Pipeline/{closure}(Object(Illuminate/Http/Request))
#17 C:/Users/Asus/Documents/dev_clock/vendor/laravel/framework/src/Illuminate/Pipeline/Pipeline.php(183): Illuminate/Cookie/Middleware/EncryptCookies->handle(Object(Illuminate/Http/Request), Object(Closure))
#18 C:/Users/Asus/Documents/dev_clock/vendor/laravel/framework/src/Illuminate/Pipeline/Pipeline.php(119): Illuminate/Pipeline/Pipeline->Illuminate/Pipeline/{closure}(Object(Illuminate/Http/Request))
#19 C:/Users/Asus/Documents/dev_clock/vendor/laravel/framework/src/Illuminate/Routing/Router.php(805): Illuminate/Pipeline/Pipeline->then(Object(Closure))
#20 C:/Users/Asus/Documents/dev_clock/vendor/laravel/framework/src/Illuminate/Routing/Router.php(784): Illuminate/Routing/Router->runRouteWithinStack(Object(Illuminate/Routing/Route), Object(Illuminate/Http/Request))
#21 C:/Users/Asus/Documents/dev_clock/vendor/laravel/framework/src/Illuminate/Routing/Router.php(748): Illuminate/Routing/Router->runRoute(Object(Illuminate/Http/Request), Object(Illuminate/Routing/Route))
#22 C:/Users/Asus/Documents/dev_clock/vendor/laravel/framework/src/Illuminate/Routing/Router.php(737): Illuminate/Routing/Router->dispatchToRoute(Object(Illuminate/Http/Request))
#23 C:/Users/Asus/Documents/dev_clock/vendor/laravel/framework/src/Illuminate/Foundation/Http/Kernel.php(200): Illuminate/Routing/Router->dispatch(Object(Illuminate/Http/Request))
#24 C:/Users/Asus/Documents/dev_clock/vendor/laravel/framework/src/Illuminate/Pipeline/Pipeline.php(144): Illuminate/Foundation/Http/Kernel->Illuminate/Foundation/Http/{closure}(Object(Illuminate/Http/Request))
#25 C:/Users/Asus/Documents/dev_clock/vendor/laravel/framework/src/Illuminate/Foundation/Http/Middleware/TransformsRequest.php(21): Illuminate/Pipeline/Pipeline->Illuminate/Pipeline/{closure}(Object(Illuminate/Http/Request))
#26 C:/Users/Asus/Documents/dev_clock/vendor/laravel/framework/src/Illuminate/Foundation/Http/Middleware/ConvertEmptyStringsToNull.php(31): Illuminate/Foundation/Http/Middleware/TransformsRequest->handle(Object(Illuminate/Http/Request), Object(Closure))
#27 C:/Users/Asus/Documents/dev_clock/vendor/laravel/framework/src/Illuminate/Pipeline/Pipeline.php(183): Illuminate/Foundation/Http/Middleware/ConvertEmptyStringsToNull->handle(Object(Illuminate/Http/Request), Object(Closure))
#28 C:/Users/Asus/Documents/dev_clock/vendor/laravel/framework/src/Illuminate/Foundation/Http/Middleware/TransformsRequest.php(21): Illuminate/Pipeline/Pipeline->Illuminate/Pipeline/{closure}(Object(Illuminate/Http/Request))
#29 C:/Users/Asus/Documents/dev_clock/vendor/laravel/framework/src/Illuminate/Foundation/Http/Middleware/TrimStrings.php(40): Illuminate/Foundation/Http/Middleware/TransformsRequest->handle(Object(Illuminate/Http/Request), Object(Closure))
#30 C:/Users/Asus/Documents/dev_clock/vendor/laravel/framework/src/Illuminate/Pipeline/Pipeline.php(183): Illuminate/Foundation/Http/Middleware/TrimStrings->handle(Object(Illuminate/Http/Request), Object(Closure))
#31 C:/Users/Asus/Documents/dev_clock/vendor/laravel/framework/src/Illuminate/Foundation/Http/Middleware/ValidatePostSize.php(27): Illuminate/Pipeline/Pipeline->Illuminate/Pipeline/{closure}(Object(Illuminate/Http/Request))
#32 C:/Users/Asus/Documents/dev_clock/vendor/laravel/framework/src/Illuminate/Pipeline/Pipeline.php(183): Illuminate/Foundation/Http/Middleware/ValidatePostSize->handle(Object(Illuminate/Http/Request), Object(Closure))
#33 C:/Users/Asus/Documents/dev_clock/vendor/laravel/framework/src/Illuminate/Foundation/Http/Middleware/PreventRequestsDuringMaintenance.php(99): Illuminate/Pipeline/Pipeline->Illuminate/Pipeline/{closure}(Object(Illuminate/Http/Request))
#34 C:/Users/Asus/Documents/dev_clock/vendor/laravel/framework/src/Illuminate/Pipeline/Pipeline.php(183): Illuminate/Foundation/Http/Middleware/PreventRequestsDuringMaintenance->handle(Object(Illuminate/Http/Request), Object(Closure))
#35 C:/Users/Asus/Documents/dev_clock/vendor/laravel/framework/src/Illuminate/Pipeline/Pipeline.php(119): Illuminate/Pipeline/Pipeline->Illuminate/Pipeline/{closure}(Object(Illuminate/Http/Request))
#36 C:/Users/Asus/Documents/dev_clock/vendor/laravel/framework/src/Illuminate/Foundation/Http/Kernel.php(175): Illuminate/Pipeline/Pipeline->then(Object(Closure))
#37 C:/Users/Asus/Documents/dev_clock/vendor/laravel/framework/src/Illuminate/Foundation/Http/Kernel.php(144): Illuminate/Foundation/Http/Kernel->sendRequestThroughRouter(Object(Illuminate/Http/Request))
#38 C:/Users/Asus/Documents/dev_clock/public/index.php(18): Illuminate/Foundation/Http/Kernel->handle(Object(Illuminate/Http/Request))
#39 C:/Users/Asus/Documents/dev_clock/vendor/laravel/framework/src/Illuminate/Foundation/resources/server.php(16): require_once('C://Users//Asus//D...')
#40 {main}

[previous exception] [object] (ReflectionException(code: -1): Class \"auth.check\" does not exist at C:/Users/Asus/Documents/dev_clock/vendor/laravel/framework/src/Illuminate/Container/Container.php:912)
[stacktrace]
#0 C:/Users/Asus/Documents/dev_clock/vendor/laravel/framework/src/Illuminate/Container/Container.php(912): ReflectionClass->__construct('auth.check')
#1 C:/Users/Asus/Documents/dev_clock/vendor/laravel/framework/src/Illuminate/Container/Container.php(795): Illuminate/Container/Container->build('auth.check')
#2 C:/Users/Asus/Documents/dev_clock/vendor/laravel/framework/src/Illuminate/Foundation/Application.php(986): Illuminate/Container/Container->resolve('auth.check', Array, true)
#3 C:/Users/Asus/Documents/dev_clock/vendor/laravel/framework/src/Illuminate/Container/Container.php(731): Illuminate/Foundation/Application->resolve('auth.check', Array)
#4 C:/Users/Asus/Documents/dev_clock/vendor/laravel/framework/src/Illuminate/Foundation/Application.php(971): Illuminate/Container/Container->make('auth.check', Array)
#5 C:/Users/Asus/Documents/dev_clock/vendor/laravel/framework/src/Illuminate/Pipeline/Pipeline.php(172): Illuminate/Foundation/Application->make('auth.check')
#6 C:/Users/Asus/Documents/dev_clock/vendor/laravel/framework/src/Illuminate/Routing/Middleware/SubstituteBindings.php(50): Illuminate/Pipeline/Pipeline->Illuminate/Pipeline/{closure}(Object(Illuminate/Http/Request))
#7 C:/Users/Asus/Documents/dev_clock/vendor/laravel/framework/src/Illuminate/Pipeline/Pipeline.php(183): Illuminate/Routing/Middleware/SubstituteBindings->handle(Object(Illuminate/Http/Request), Object(Closure))
#8 C:/Users/Asus/Documents/dev_clock/vendor/laravel/framework/src/Illuminate/Foundation/Http/Middleware/VerifyCsrfToken.php(78): Illuminate/Pipeline/Pipeline->Illuminate/Pipeline/{closure}(Object(Illuminate/Http/Request))
#9 C:/Users/Asus/Documents/dev_clock/vendor/laravel/framework/src/Illuminate/Pipeline/Pipeline.php(183): Illuminate/Foundation/Http/Middleware/VerifyCsrfToken->handle(Object(Illuminate/Http/Request), Object(Closure))
#10 C:/Users/Asus/Documents/dev_clock/vendor/laravel/framework/src/Illuminate/View/Middleware/ShareErrorsFromSession.php(49): Illuminate/Pipeline/Pipeline->Illuminate/Pipeline/{closure}(Object(Illuminate/Http/Request))
#11 C:/Users/Asus/Documents/dev_clock/vendor/laravel/framework/src/Illuminate/Pipeline/Pipeline.php(183): Illuminate/View/Middleware/ShareErrorsFromSession->handle(Object(Illuminate/Http/Request), Object(Closure))
#12 C:/Users/Asus/Documents/dev_clock/vendor/laravel/framework/src/Illuminate/Session/Middleware/StartSession.php(121): Illuminate/Pipeline/Pipeline->Illuminate/Pipeline/{closure}(Object(Illuminate/Http/Request))
#13 C:/Users/Asus/Documents/dev_clock/vendor/laravel/framework/src/Illuminate/Session/Middleware/StartSession.php(64): Illuminate/Session/Middleware/StartSession->handleStatefulRequest(Object(Illuminate/Http/Request), Object(Illuminate/Session/Store), Object(Closure))
#14 C:/Users/Asus/Documents/dev_clock/vendor/laravel/framework/src/Illuminate/Pipeline/Pipeline.php(183): Illuminate/Session/Middleware/StartSession->handle(Object(Illuminate/Http/Request), Object(Closure))
#15 C:/Users/Asus/Documents/dev_clock/vendor/laravel/framework/src/Illuminate/Cookie/Middleware/AddQueuedCookiesToResponse.php(37): Illuminate/Pipeline/Pipeline->Illuminate/Pipeline/{closure}(Object(Illuminate/Http/Request))
#16 C:/Users/Asus/Documents/dev_clock/vendor/laravel/framework/src/Illuminate/Pipeline/Pipeline.php(183): Illuminate/Cookie/Middleware/AddQueuedCookiesToResponse->handle(Object(Illuminate/Http/Request), Object(Closure))
#17 C:/Users/Asus/Documents/dev_clock/vendor/laravel/framework/src/Illuminate/Cookie/Middleware/EncryptCookies.php(67): Illuminate/Pipeline/Pipeline->Illuminate/Pipeline/{closure}(Object(Illuminate/Http/Request))
#18 C:/Users/Asus/Documents/dev_clock/vendor/laravel/framework/src/Illuminate/Pipeline/Pipeline.php(183): Illuminate/Cookie/Middleware/EncryptCookies->handle(Object(Illuminate/Http/Request), Object(Closure))
#19 C:/Users/Asus/Documents/dev_clock/vendor/laravel/framework/src/Illuminate/Pipeline/Pipeline.php(119): Illuminate/Pipeline/Pipeline->Illuminate/Pipeline/{closure}(Object(Illuminate/Http/Request))
#20 C:/Users/Asus/Documents/dev_clock/vendor/laravel/framework/src/Illuminate/Routing/Router.php(805): Illuminate/Pipeline/Pipeline->then(Object(Closure))
#21 C:/Users/Asus/Documents/dev_clock/vendor/laravel/framework/src/Illuminate/Routing/Router.php(784): Illuminate/Routing/Router->runRouteWithinStack(Object(Illuminate/Routing/Route), Object(Illuminate/Http/Request))
#22 C:/Users/Asus/Documents/dev_clock/vendor/laravel/framework/src/Illuminate/Routing/Router.php(748): Illuminate/Routing/Router->runRoute(Object(Illuminate/Http/Request), Object(Illuminate/Routing/Route))
#23 C:/Users/Asus/Documents/dev_clock/vendor/laravel/framework/src/Illuminate/Routing/Router.php(737): Illuminate/Routing/Router->dispatchToRoute(Object(Illuminate/Http/Request))
#24 C:/Users/Asus/Documents/dev_clock/vendor/laravel/framework/src/Illuminate/Foundation/Http/Kernel.php(200): Illuminate/Routing/Router->dispatch(Object(Illuminate/Http/Request))
#25 C:/Users/Asus/Documents/dev_clock/vendor/laravel/framework/src/Illuminate/Pipeline/Pipeline.php(144): Illuminate/Foundation/Http/Kernel->Illuminate/Foundation/Http/{closure}(Object(Illuminate/Http/Request))
#26 C:/Users/Asus/Documents/dev_clock/vendor/laravel/framework/src/Illuminate/Foundation/Http/Middleware/TransformsRequest.php(21): Illuminate/Pipeline/Pipeline->Illuminate/Pipeline/{closure}(Object(Illuminate/Http/Request))
#27 C:/Users/Asus/Documents/dev_clock/vendor/laravel/framework/src/Illuminate/Foundation/Http/Middleware/ConvertEmptyStringsToNull.php(31): Illuminate/Foundation/Http/Middleware/TransformsRequest->handle(Object(Illuminate/Http/Request), Object(Closure))
#28 C:/Users/Asus/Documents/dev_clock/vendor/laravel/framework/src/Illuminate/Pipeline/Pipeline.php(183): Illuminate/Foundation/Http/Middleware/ConvertEmptyStringsToNull->handle(Object(Illuminate/Http/Request), Object(Closure))
#29 C:/Users/Asus/Documents/dev_clock/vendor/laravel/framework/src/Illuminate/Foundation/Http/Middleware/TransformsRequest.php(21): Illuminate/Pipeline/Pipeline->Illuminate/Pipeline/{closure}(Object(Illuminate/Http/Request))
#30 C:/Users/Asus/Documents/dev_clock/vendor/laravel/framework/src/Illuminate/Foundation/Http/Middleware/TrimStrings.php(40): Illuminate/Foundation/Http/Middleware/TransformsRequest->handle(Object(Illuminate/Http/Request), Object(Closure))
#31 C:/Users/Asus/Documents/dev_clock/vendor/laravel/framework/src/Illuminate/Pipeline/Pipeline.php(183): Illuminate/Foundation/Http/Middleware/TrimStrings->handle(Object(Illuminate/Http/Request), Object(Closure))
#32 C:/Users/Asus/Documents/dev_clock/vendor/laravel/framework/src/Illuminate/Foundation/Http/Middleware/ValidatePostSize.php(27): Illuminate/Pipeline/Pipeline->Illuminate/Pipeline/{closure}(Object(Illuminate/Http/Request))
#33 C:/Users/Asus/Documents/dev_clock/vendor/laravel/framework/src/Illuminate/Pipeline/Pipeline.php(183): Illuminate/Foundation/Http/Middleware/ValidatePostSize->handle(Object(Illuminate/Http/Request), Object(Closure))
#34 C:/Users/Asus/Documents/dev_clock/vendor/laravel/framework/src/Illuminate/Foundation/Http/Middleware/PreventRequestsDuringMaintenance.php(99): Illuminate/Pipeline/Pipeline->Illuminate/Pipeline/{closure}(Object(Illuminate/Http/Request))
#35 C:/Users/Asus/Documents/dev_clock/vendor/laravel/framework/src/Illuminate/Pipeline/Pipeline.php(183): Illuminate/Foundation/Http/Middleware/PreventRequestsDuringMaintenance->handle(Object(Illuminate/Http/Request), Object(Closure))
#36 C:/Users/Asus/Documents/dev_clock/vendor/laravel/framework/src/Illuminate/Pipeline/Pipeline.php(119): Illuminate/Pipeline/Pipeline->Illuminate/Pipeline/{closure}(Object(Illuminate/Http/Request))
#37 C:/Users/Asus/Documents/dev_clock/vendor/laravel/framework/src/Illuminate/Foundation/Http/Kernel.php(175): Illuminate/Pipeline/Pipeline->then(Object(Closure))
#38 C:/Users/Asus/Documents/dev_clock/vendor/laravel/framework/src/Illuminate/Foundation/Http/Kernel.php(144): Illuminate/Foundation/Http/Kernel->sendRequestThroughRouter(Object(Illuminate/Http/Request))
#39 C:/Users/Asus/Documents/dev_clock/public/index.php(18): Illuminate/Foundation/Http/Kernel->handle(Object(Illuminate/Http/Request))
#40 C:/Users/Asus/Documents/dev_clock/vendor/laravel/framework/src/Illuminate/Foundation/resources/server.php(16): require_once('C://Users//Asus//D...')
#41 {main}
"} 
[2026-07-11 21:10:25] local.ERROR: Target class [auth.check] does not exist. {"exception":"[object] (Illuminate\\Contracts\\Container\\BindingResolutionException(code: 0): Target class [auth.check] does not exist. at C:/Users/Asus/Documents/dev_clock/vendor/laravel/framework/src/Illuminate/Container/Container.php:914)
[stacktrace]
#0 C:/Users/Asus/Documents/dev_clock/vendor/laravel/framework/src/Illuminate/Container/Container.php(795): Illuminate/Container/Container->build('auth.check')
#1 C:/Users/Asus/Documents/dev_clock/vendor/laravel/framework/src/Illuminate/Foundation/Application.php(986): Illuminate/Container/Container->resolve('auth.check', Array, true)
#2 C:/Users/Asus/Documents/dev_clock/vendor/laravel/framework/src/Illuminate/Container/Container.php(731): Illuminate/Foundation/Application->resolve('auth.check', Array)
#3 C:/Users/Asus/Documents/dev_clock/vendor/laravel/framework/src/Illuminate/Foundation/Application.php(971): Illuminate/Container/Container->make('auth.check', Array)
#4 C:/Users/Asus/Documents/dev_clock/vendor/laravel/framework/src/Illuminate/Foundation/Http/Kernel.php(255): Illuminate/Foundation/Application->make('auth.check')
#5 C:/Users/Asus/Documents/dev_clock/vendor/laravel/framework/src/Illuminate/Foundation/Http/Kernel.php(213): Illuminate/Foundation/Http/Kernel->terminateMiddleware(Object(Illuminate/Http/Request), Object(Illuminate/Http/Response))
#6 C:/Users/Asus/Documents/dev_clock/public/index.php(22): Illuminate/Foundation/Http/Kernel->terminate(Object(Illuminate/Http/Request), Object(Illuminate/Http/Response))
#7 C:/Users/Asus/Documents/dev_clock/vendor/laravel/framework/src/Illuminate/Foundation/resources/server.php(16): require_once('C://Users//Asus//D...')
#8 {main}

[previous exception] [object] (ReflectionException(code: -1): Class \"auth.check\" does not exist at C:/Users/Asus/Documents/dev_clock/vendor/laravel/framework/src/Illuminate/Container/Container.php:912)
[stacktrace]
#0 C:/Users/Asus/Documents/dev_clock/vendor/laravel/framework/src/Illuminate/Container/Container.php(912): ReflectionClass->__construct('auth.check')
#1 C:/Users/Asus/Documents/dev_clock/vendor/laravel/framework/src/Illuminate/Container/Container.php(795): Illuminate/Container/Container->build('auth.check')
#2 C:/Users/Asus/Documents/dev_clock/vendor/laravel/framework/src/Illuminate/Foundation/Application.php(986): Illuminate/Container/Container->resolve('auth.check', Array, true)
#3 C:/Users/Asus/Documents/dev_clock/vendor/laravel/framework/src/Illuminate/Container/Container.php(731): Illuminate/Foundation/Application->resolve('auth.check', Array)
#4 C:/Users/Asus/Documents/dev_clock/vendor/laravel/framework/src/Illuminate/Foundation/Application.php(971): Illuminate/Container/Container->make('auth.check', Array)
#5 C:/Users/Asus/Documents/dev_clock/vendor/laravel/framework/src/Illuminate/Foundation/Http/Kernel.php(255): Illuminate/Foundation/Application->make('auth.check')
#6 C:/Users/Asus/Documents/dev_clock/vendor/laravel/framework/src/Illuminate/Foundation/Http/Kernel.php(213): Illuminate/Foundation/Http/Kernel->terminateMiddleware(Object(Illuminate/Http/Request), Object(Illuminate/Http/Response))
#7 C:/Users/Asus/Documents/dev_clock/public/index.php(22): Illuminate/Foundation/Http/Kernel->terminate(Object(Illuminate/Http/Request), Object(Illuminate/Http/Response))
#8 C:/Users/Asus/Documents/dev_clock/vendor/laravel/framework/src/Illuminate/Foundation/resources/server.php(16): require_once('C://Users//Asus//D...')
#9 {main}
"} 
[2026-07-11 21:20:24] local.ERROR: Target class [auth.check] does not exist. {"exception":"[object] (Illuminate\\Contracts\\Container\\BindingResolutionException(code: 0): Target class [auth.check] does not exist. at C:/Users/Asus/Documents/dev_clock/vendor/laravel/framework/src/Illuminate/Container/Container.php:914)
[stacktrace]
#0 C:/Users/Asus/Documents/dev_clock/vendor/laravel/framework/src/Illuminate/Container/Container.php(795): Illuminate/Container/Container->build('auth.check')
#1 C:/Users/Asus/Documents/dev_clock/vendor/laravel/framework/src/Illuminate/Foundation/Application.php(986): Illuminate/Container/Container->resolve('auth.check', Array, true)
#2 C:/Users/Asus/Documents/dev_clock/vendor/laravel/framework/src/Illuminate/Container/Container.php(731): Illuminate/Foundation/Application->resolve('auth.check', Array)
#3 C:/Users/Asus/Documents/dev_clock/vendor/laravel/framework/src/Illuminate/Foundation/Application.php(971): Illuminate/Container/Container->make('auth.check', Array)
#4 C:/Users/Asus/Documents/dev_clock/vendor/laravel/framework/src/Illuminate/Pipeline/Pipeline.php(172): Illuminate/Foundation/Application->make('auth.check')
#5 C:/Users/Asus/Documents/dev_clock/vendor/laravel/framework/src/Illuminate/Routing/Middleware/SubstituteBindings.php(50): Illuminate/Pipeline/Pipeline->Illuminate/Pipeline/{closure}(Object(Illuminate/Http/Request))
#6 C:/Users/Asus/Documents/dev_clock/vendor/laravel/framework/src/Illuminate/Pipeline/Pipeline.php(183): Illuminate/Routing/Middleware/SubstituteBindings->handle(Object(Illuminate/Http/Request), Object(Closure))
#7 C:/Users/Asus/Documents/dev_clock/vendor/laravel/framework/src/Illuminate/Foundation/Http/Middleware/VerifyCsrfToken.php(78): Illuminate/Pipeline/Pipeline->Illuminate/Pipeline/{closure}(Object(Illuminate/Http/Request))
#8 C:/Users/Asus/Documents/dev_clock/vendor/laravel/framework/src/Illuminate/Pipeline/Pipeline.php(183): Illuminate/Foundation/Http/Middleware/VerifyCsrfToken->handle(Object(Illuminate/Http/Request), Object(Closure))
#9 C:/Users/Asus/Documents/dev_clock/vendor/laravel/framework/src/Illuminate/View/Middleware/ShareErrorsFromSession.php(49): Illuminate/Pipeline/Pipeline->Illuminate/Pipeline/{closure}(Object(Illuminate/Http/Request))
#10 C:/Users/Asus/Documents/dev_clock/vendor/laravel/framework/src/Illuminate/Pipeline/Pipeline.php(183): Illuminate/View/Middleware/ShareErrorsFromSession->handle(Object(Illuminate/Http/Request), Object(Closure))
#11 C:/Users/Asus/Documents/dev_clock/vendor/laravel/framework/src/Illuminate/Session/Middleware/StartSession.php(121): Illuminate/Pipeline/Pipeline->Illuminate/Pipeline/{closure}(Object(Illuminate/Http/Request))
#12 C:/Users/Asus/Documents/dev_clock/vendor/laravel/framework/src/Illuminate/Session/Middleware/StartSession.php(64): Illuminate/Session/Middleware/StartSession->handleStatefulRequest(Object(Illuminate/Http/Request), Object(Illuminate/Session/Store), Object(Closure))
#13 C:/Users/Asus/Documents/dev_clock/vendor/laravel/framework/src/Illuminate/Pipeline/Pipeline.php(183): Illuminate/Session/Middleware/StartSession->handle(Object(Illuminate/Http/Request), Object(Closure))
#14 C:/Users/Asus/Documents/dev_clock/vendor/laravel/framework/src/Illuminate/Cookie/Middleware/AddQueuedCookiesToResponse.php(37): Illuminate/Pipeline/Pipeline->Illuminate/Pipeline/{closure}(Object(Illuminate/Http/Request))
#15 C:/Users/Asus/Documents/dev_clock/vendor/laravel/framework/src/Illuminate/Pipeline/Pipeline.php(183): Illuminate/Cookie/Middleware/AddQueuedCookiesToResponse->handle(Object(Illuminate/Http/Request), Object(Closure))
#16 C:/Users/Asus/Documents/dev_clock/vendor/laravel/framework/src/Illuminate/Cookie/Middleware/EncryptCookies.php(67): Illuminate/Pipeline/Pipeline->Illuminate/Pipeline/{closure}(Object(Illuminate/Http/Request))
#17 C:/Users/Asus/Documents/dev_clock/vendor/laravel/framework/src/Illuminate/Pipeline/Pipeline.php(183): Illuminate/Cookie/Middleware/EncryptCookies->handle(Object(Illuminate/Http/Request), Object(Closure))
#18 C:/Users/Asus/Documents/dev_clock/vendor/laravel/framework/src/Illuminate/Pipeline/Pipeline.php(119): Illuminate/Pipeline/Pipeline->Illuminate/Pipeline/{closure}(Object(Illuminate/Http/Request))
#19 C:/Users/Asus/Documents/dev_clock/vendor/laravel/framework/src/Illuminate/Routing/Router.php(805): Illuminate/Pipeline/Pipeline->then(Object(Closure))
#20 C:/Users/Asus/Documents/dev_clock/vendor/laravel/framework/src/Illuminate/Routing/Router.php(784): Illuminate/Routing/Router->runRouteWithinStack(Object(Illuminate/Routing/Route), Object(Illuminate/Http/Request))
#21 C:/Users/Asus/Documents/dev_clock/vendor/laravel/framework/src/Illuminate/Routing/Router.php(748): Illuminate/Routing/Router->runRoute(Object(Illuminate/Http/Request), Object(Illuminate/Routing/Route))
#22 C:/Users/Asus/Documents/dev_clock/vendor/laravel/framework/src/Illuminate/Routing/Router.php(737): Illuminate/Routing/Router->dispatchToRoute(Object(Illuminate/Http/Request))
#23 C:/Users/Asus/Documents/dev_clock/vendor/laravel/framework/src/Illuminate/Foundation/Http/Kernel.php(200): Illuminate/Routing/Router->dispatch(Object(Illuminate/Http/Request))
#24 C:/Users/Asus/Documents/dev_clock/vendor/laravel/framework/src/Illuminate/Pipeline/Pipeline.php(144): Illuminate/Foundation/Http/Kernel->Illuminate/Foundation/Http/{closure}(Object(Illuminate/Http/Request))
#25 C:/Users/Asus/Documents/dev_clock/vendor/laravel/framework/src/Illuminate/Foundation/Http/Middleware/TransformsRequest.php(21): Illuminate/Pipeline/Pipeline->Illuminate/Pipeline/{closure}(Object(Illuminate/Http/Request))
#26 C:/Users/Asus/Documents/dev_clock/vendor/laravel/framework/src/Illuminate/Foundation/Http/Middleware/ConvertEmptyStringsToNull.php(31): Illuminate/Foundation/Http/Middleware/TransformsRequest->handle(Object(Illuminate/Http/Request), Object(Closure))
#27 C:/Users/Asus/Documents/dev_clock/vendor/laravel/framework/src/Illuminate/Pipeline/Pipeline.php(183): Illuminate/Foundation/Http/Middleware/ConvertEmptyStringsToNull->handle(Object(Illuminate/Http/Request), Object(Closure))
#28 C:/Users/Asus/Documents/dev_clock/vendor/laravel/framework/src/Illuminate/Foundation/Http/Middleware/TransformsRequest.php(21): Illuminate/Pipeline/Pipeline->Illuminate/Pipeline/{closure}(Object(Illuminate/Http/Request))
#29 C:/Users/Asus/Documents/dev_clock/vendor/laravel/framework/src/Illuminate/Foundation/Http/Middleware/TrimStrings.php(40): Illuminate/Foundation/Http/Middleware/TransformsRequest->handle(Object(Illuminate/Http/Request), Object(Closure))
#30 C:/Users/Asus/Documents/dev_clock/vendor/laravel/framework/src/Illuminate/Pipeline/Pipeline.php(183): Illuminate/Foundation/Http/Middleware/TrimStrings->handle(Object(Illuminate/Http/Request), Object(Closure))
#31 C:/Users/Asus/Documents/dev_clock/vendor/laravel/framework/src/Illuminate/Foundation/Http/Middleware/ValidatePostSize.php(27): Illuminate/Pipeline/Pipeline->Illuminate/Pipeline/{closure}(Object(Illuminate/Http/Request))
#32 C:/Users/Asus/Documents/dev_clock/vendor/laravel/framework/src/Illuminate/Pipeline/Pipeline.php(183): Illuminate/Foundation/Http/Middleware/ValidatePostSize->handle(Object(Illuminate/Http/Request), Object(Closure))
#33 C:/Users/Asus/Documents/dev_clock/vendor/laravel/framework/src/Illuminate/Foundation/Http/Middleware/PreventRequestsDuringMaintenance.php(99): Illuminate/Pipeline/Pipeline->Illuminate/Pipeline/{closure}(Object(Illuminate/Http/Request))
#34 C:/Users/Asus/Documents/dev_clock/vendor/laravel/framework/src/Illuminate/Pipeline/Pipeline.php(183): Illuminate/Foundation/Http/Middleware/PreventRequestsDuringMaintenance->handle(Object(Illuminate/Http/Request), Object(Closure))
#35 C:/Users/Asus/Documents/dev_clock/vendor/laravel/framework/src/Illuminate/Pipeline/Pipeline.php(119): Illuminate/Pipeline/Pipeline->Illuminate/Pipeline/{closure}(Object(Illuminate/Http/Request))
#36 C:/Users/Asus/Documents/dev_clock/vendor/laravel/framework/src/Illuminate/Foundation/Http/Kernel.php(175): Illuminate/Pipeline/Pipeline->then(Object(Closure))
#37 C:/Users/Asus/Documents/dev_clock/vendor/laravel/framework/src/Illuminate/Foundation/Http/Kernel.php(144): Illuminate/Foundation/Http/Kernel->sendRequestThroughRouter(Object(Illuminate/Http/Request))
#38 C:/Users/Asus/Documents/dev_clock/public/index.php(18): Illuminate/Foundation/Http/Kernel->handle(Object(Illuminate/Http/Request))
#39 C:/Users/Asus/Documents/dev_clock/vendor/laravel/framework/src/Illuminate/Foundation/resources/server.php(16): require_once('C://Users//Asus//D...')
#40 {main}

[previous exception] [object] (ReflectionException(code: -1): Class \"auth.check\" does not exist at C:/Users/Asus/Documents/dev_clock/vendor/laravel/framework/src/Illuminate/Container/Container.php:912)
[stacktrace]
#0 C:/Users/Asus/Documents/dev_clock/vendor/laravel/framework/src/Illuminate/Container/Container.php(912): ReflectionClass->__construct('auth.check')
#1 C:/Users/Asus/Documents/dev_clock/vendor/laravel/framework/src/Illuminate/Container/Container.php(795): Illuminate/Container/Container->build('auth.check')
#2 C:/Users/Asus/Documents/dev_clock/vendor/laravel/framework/src/Illuminate/Foundation/Application.php(986): Illuminate/Container/Container->resolve('auth.check', Array, true)
#3 C:/Users/Asus/Documents/dev_clock/vendor/laravel/framework/src/Illuminate/Container/Container.php(731): Illuminate/Foundation/Application->resolve('auth.check', Array)
#4 C:/Users/Asus/Documents/dev_clock/vendor/laravel/framework/src/Illuminate/Foundation/Application.php(971): Illuminate/Container/Container->make('auth.check', Array)
#5 C:/Users/Asus/Documents/dev_clock/vendor/laravel/framework/src/Illuminate/Pipeline/Pipeline.php(172): Illuminate/Foundation/Application->make('auth.check')
#6 C:/Users/Asus/Documents/dev_clock/vendor/laravel/framework/src/Illuminate/Routing/Middleware/SubstituteBindings.php(50): Illuminate/Pipeline/Pipeline->Illuminate/Pipeline/{closure}(Object(Illuminate/Http/Request))
#7 C:/Users/Asus/Documents/dev_clock/vendor/laravel/framework/src/Illuminate/Pipeline/Pipeline.php(183): Illuminate/Routing/Middleware/SubstituteBindings->handle(Object(Illuminate/Http/Request), Object(Closure))
#8 C:/Users/Asus/Documents/dev_clock/vendor/laravel/framework/src/Illuminate/Foundation/Http/Middleware/VerifyCsrfToken.php(78): Illuminate/Pipeline/Pipeline->Illuminate/Pipeline/{closure}(Object(Illuminate/Http/Request))
#9 C:/Users/Asus/Documents/dev_clock/vendor/laravel/framework/src/Illuminate/Pipeline/Pipeline.php(183): Illuminate/Foundation/Http/Middleware/VerifyCsrfToken->handle(Object(Illuminate/Http/Request), Object(Closure))
#10 C:/Users/Asus/Documents/dev_clock/vendor/laravel/framework/src/Illuminate/View/Middleware/ShareErrorsFromSession.php(49): Illuminate/Pipeline/Pipeline->Illuminate/Pipeline/{closure}(Object(Illuminate/Http/Request))
#11 C:/Users/Asus/Documents/dev_clock/vendor/laravel/framework/src/Illuminate/Pipeline/Pipeline.php(183): Illuminate/View/Middleware/ShareErrorsFromSession->handle(Object(Illuminate/Http/Request), Object(Closure))
#12 C:/Users/Asus/Documents/dev_clock/vendor/laravel/framework/src/Illuminate/Session/Middleware/StartSession.php(121): Illuminate/Pipeline/Pipeline->Illuminate/Pipeline/{closure}(Object(Illuminate/Http/Request))
#13 C:/Users/Asus/Documents/dev_clock/vendor/laravel/framework/src/Illuminate/Session/Middleware/StartSession.php(64): Illuminate/Session/Middleware/StartSession->handleStatefulRequest(Object(Illuminate/Http/Request), Object(Illuminate/Session/Store), Object(Closure))
#14 C:/Users/Asus/Documents/dev_clock/vendor/laravel/framework/src/Illuminate/Pipeline/Pipeline.php(183): Illuminate/Session/Middleware/StartSession->handle(Object(Illuminate/Http/Request), Object(Closure))
#15 C:/Users/Asus/Documents/dev_clock/vendor/laravel/framework/src/Illuminate/Cookie/Middleware/AddQueuedCookiesToResponse.php(37): Illuminate/Pipeline/Pipeline->Illuminate/Pipeline/{closure}(Object(Illuminate/Http/Request))
#16 C:/Users/Asus/Documents/dev_clock/vendor/laravel/framework/src/Illuminate/Pipeline/Pipeline.php(183): Illuminate/Cookie/Middleware/AddQueuedCookiesToResponse->handle(Object(Illuminate/Http/Request), Object(Closure))
#17 C:/Users/Asus/Documents/dev_clock/vendor/laravel/framework/src/Illuminate/Cookie/Middleware/EncryptCookies.php(67): Illuminate/Pipeline/Pipeline->Illuminate/Pipeline/{closure}(Object(Illuminate/Http/Request))
#18 C:/Users/Asus/Documents/dev_clock/vendor/laravel/framework/src/Illuminate/Pipeline/Pipeline.php(183): Illuminate/Cookie/Middleware/EncryptCookies->handle(Object(Illuminate/Http/Request), Object(Closure))
#19 C:/Users/Asus/Documents/dev_clock/vendor/laravel/framework/src/Illuminate/Pipeline/Pipeline.php(119): Illuminate/Pipeline/Pipeline->Illuminate/Pipeline/{closure}(Object(Illuminate/Http/Request))
#20 C:/Users/Asus/Documents/dev_clock/vendor/laravel/framework/src/Illuminate/Routing/Router.php(805): Illuminate/Pipeline/Pipeline->then(Object(Closure))
#21 C:/Users/Asus/Documents/dev_clock/vendor/laravel/framework/src/Illuminate/Routing/Router.php(784): Illuminate/Routing/Router->runRouteWithinStack(Object(Illuminate/Routing/Route), Object(Illuminate/Http/Request))
#22 C:/Users/Asus/Documents/dev_clock/vendor/laravel/framework/src/Illuminate/Routing/Router.php(748): Illuminate/Routing/Router->runRoute(Object(Illuminate/Http/Request), Object(Illuminate/Routing/Route))
#23 C:/Users/Asus/Documents/dev_clock/vendor/laravel/framework/src/Illuminate/Routing/Router.php(737): Illuminate/Routing/Router->dispatchToRoute(Object(Illuminate/Http/Request))
#24 C:/Users/Asus/Documents/dev_clock/vendor/laravel/framework/src/Illuminate/Foundation/Http/Kernel.php(200): Illuminate/Routing/Router->dispatch(Object(Illuminate/Http/Request))
#25 C:/Users/Asus/Documents/dev_clock/vendor/laravel/framework/src/Illuminate/Pipeline/Pipeline.php(144): Illuminate/Foundation/Http/Kernel->Illuminate/Foundation/Http/{closure}(Object(Illuminate/Http/Request))
#26 C:/Users/Asus/Documents/dev_clock/vendor/laravel/framework/src/Illuminate/Foundation/Http/Middleware/TransformsRequest.php(21): Illuminate/Pipeline/Pipeline->Illuminate/Pipeline/{closure}(Object(Illuminate/Http/Request))
#27 C:/Users/Asus/Documents/dev_clock/vendor/laravel/framework/src/Illuminate/Foundation/Http/Middleware/ConvertEmptyStringsToNull.php(31): Illuminate/Foundation/Http/Middleware/TransformsRequest->handle(Object(Illuminate/Http/Request), Object(Closure))
#28 C:/Users/Asus/Documents/dev_clock/vendor/laravel/framework/src/Illuminate/Pipeline/Pipeline.php(183): Illuminate/Foundation/Http/Middleware/ConvertEmptyStringsToNull->handle(Object(Illuminate/Http/Request), Object(Closure))
#29 C:/Users/Asus/Documents/dev_clock/vendor/laravel/framework/src/Illuminate/Foundation/Http/Middleware/TransformsRequest.php(21): Illuminate/Pipeline/Pipeline->Illuminate/Pipeline/{closure}(Object(Illuminate/Http/Request))
#30 C:/Users/Asus/Documents/dev_clock/vendor/laravel/framework/src/Illuminate/Foundation/Http/Middleware/TrimStrings.php(40): Illuminate/Foundation/Http/Middleware/TransformsRequest->handle(Object(Illuminate/Http/Request), Object(Closure))
#31 C:/Users/Asus/Documents/dev_clock/vendor/laravel/framework/src/Illuminate/Pipeline/Pipeline.php(183): Illuminate/Foundation/Http/Middleware/TrimStrings->handle(Object(Illuminate/Http/Request), Object(Closure))
#32 C:/Users/Asus/Documents/dev_clock/vendor/laravel/framework/src/Illuminate/Foundation/Http/Middleware/ValidatePostSize.php(27): Illuminate/Pipeline/Pipeline->Illuminate/Pipeline/{closure}(Object(Illuminate/Http/Request))
#33 C:/Users/Asus/Documents/dev_clock/vendor/laravel/framework/src/Illuminate/Pipeline/Pipeline.php(183): Illuminate/Foundation/Http/Middleware/ValidatePostSize->handle(Object(Illuminate/Http/Request), Object(Closure))
#34 C:/Users/Asus/Documents/dev_clock/vendor/laravel/framework/src/Illuminate/Foundation/Http/Middleware/PreventRequestsDuringMaintenance.php(99): Illuminate/Pipeline/Pipeline->Illuminate/Pipeline/{closure}(Object(Illuminate/Http/Request))
#35 C:/Users/Asus/Documents/dev_clock/vendor/laravel/framework/src/Illuminate/Pipeline/Pipeline.php(183): Illuminate/Foundation/Http/Middleware/PreventRequestsDuringMaintenance->handle(Object(Illuminate/Http/Request), Object(Closure))
#36 C:/Users/Asus/Documents/dev_clock/vendor/laravel/framework/src/Illuminate/Pipeline/Pipeline.php(119): Illuminate/Pipeline/Pipeline->Illuminate/Pipeline/{closure}(Object(Illuminate/Http/Request))
#37 C:/Users/Asus/Documents/dev_clock/vendor/laravel/framework/src/Illuminate/Foundation/Http/Kernel.php(175): Illuminate/Pipeline/Pipeline->then(Object(Closure))
#38 C:/Users/Asus/Documents/dev_clock/vendor/laravel/framework/src/Illuminate/Foundation/Http/Kernel.php(144): Illuminate/Foundation/Http/Kernel->sendRequestThroughRouter(Object(Illuminate/Http/Request))
#39 C:/Users/Asus/Documents/dev_clock/public/index.php(18): Illuminate/Foundation/Http/Kernel->handle(Object(Illuminate/Http/Request))
#40 C:/Users/Asus/Documents/dev_clock/vendor/laravel/framework/src/Illuminate/Foundation/resources/server.php(16): require_once('C://Users//Asus//D...')
#41 {main}
"} 
[2026-07-11 21:20:24] local.ERROR: Target class [auth.check] does not exist. {"exception":"[object] (Illuminate\\Contracts\\Container\\BindingResolutionException(code: 0): Target class [auth.check] does not exist. at C:/Users/Asus/Documents/dev_clock/vendor/laravel/framework/src/Illuminate/Container/Container.php:914)
[stacktrace]
#0 C:/Users/Asus/Documents/dev_clock/vendor/laravel/framework/src/Illuminate/Container/Container.php(795): Illuminate/Container/Container->build('auth.check')
#1 C:/Users/Asus/Documents/dev_clock/vendor/laravel/framework/src/Illuminate/Foundation/Application.php(986): Illuminate/Container/Container->resolve('auth.check', Array, true)
#2 C:/Users/Asus/Documents/dev_clock/vendor/laravel/framework/src/Illuminate/Container/Container.php(731): Illuminate/Foundation/Application->resolve('auth.check', Array)
#3 C:/Users/Asus/Documents/dev_clock/vendor/laravel/framework/src/Illuminate/Foundation/Application.php(971): Illuminate/Container/Container->make('auth.check', Array)
#4 C:/Users/Asus/Documents/dev_clock/vendor/laravel/framework/src/Illuminate/Foundation/Http/Kernel.php(255): Illuminate/Foundation/Application->make('auth.check')
#5 C:/Users/Asus/Documents/dev_clock/vendor/laravel/framework/src/Illuminate/Foundation/Http/Kernel.php(213): Illuminate/Foundation/Http/Kernel->terminateMiddleware(Object(Illuminate/Http/Request), Object(Illuminate/Http/Response))
#6 C:/Users/Asus/Documents/dev_clock/public/index.php(22): Illuminate/Foundation/Http/Kernel->terminate(Object(Illuminate/Http/Request), Object(Illuminate/Http/Response))
#7 C:/Users/Asus/Documents/dev_clock/vendor/laravel/framework/src/Illuminate/Foundation/resources/server.php(16): require_once('C://Users//Asus//D...')
#8 {main}

[previous exception] [object] (ReflectionException(code: -1): Class \"auth.check\" does not exist at C:/Users/Asus/Documents/dev_clock/vendor/laravel/framework/src/Illuminate/Container/Container.php:912)
[stacktrace]
#0 C:/Users/Asus/Documents/dev_clock/vendor/laravel/framework/src/Illuminate/Container/Container.php(912): ReflectionClass->__construct('auth.check')
#1 C:/Users/Asus/Documents/dev_clock/vendor/laravel/framework/src/Illuminate/Container/Container.php(795): Illuminate/Container/Container->build('auth.check')
#2 C:/Users/Asus/Documents/dev_clock/vendor/laravel/framework/src/Illuminate/Foundation/Application.php(986): Illuminate/Container/Container->resolve('auth.check', Array, true)
#3 C:/Users/Asus/Documents/dev_clock/vendor/laravel/framework/src/Illuminate/Container/Container.php(731): Illuminate/Foundation/Application->resolve('auth.check', Array)
#4 C:/Users/Asus/Documents/dev_clock/vendor/laravel/framework/src/Illuminate/Foundation/Application.php(971): Illuminate/Container/Container->make('auth.check', Array)
#5 C:/Users/Asus/Documents/dev_clock/vendor/laravel/framework/src/Illuminate/Foundation/Http/Kernel.php(255): Illuminate/Foundation/Application->make('auth.check')
#6 C:/Users/Asus/Documents/dev_clock/vendor/laravel/framework/src/Illuminate/Foundation/Http/Kernel.php(213): Illuminate/Foundation/Http/Kernel->terminateMiddleware(Object(Illuminate/Http/Request), Object(Illuminate/Http/Response))
#7 C:/Users/Asus/Documents/dev_clock/public/index.php(22): Illuminate/Foundation/Http/Kernel->terminate(Object(Illuminate/Http/Request), Object(Illuminate/Http/Response))
#8 C:/Users/Asus/Documents/dev_clock/vendor/laravel/framework/src/Illuminate/Foundation/resources/server.php(16): require_once('C://Users//Asus//D...')
#9 {main}
"} 
[2026-07-11 21:21:01] local.ERROR: Target class [auth.check] does not exist. {"exception":"[object] (Illuminate\\Contracts\\Container\\BindingResolutionException(code: 0): Target class [auth.check] does not exist. at C:/Users/Asus/Documents/dev_clock/vendor/laravel/framework/src/Illuminate/Container/Container.php:914)
[stacktrace]
#0 C:/Users/Asus/Documents/dev_clock/vendor/laravel/framework/src/Illuminate/Container/Container.php(795): Illuminate/Container/Container->build('auth.check')
#1 C:/Users/Asus/Documents/dev_clock/vendor/laravel/framework/src/Illuminate/Foundation/Application.php(986): Illuminate/Container/Container->resolve('auth.check', Array, true)
#2 C:/Users/Asus/Documents/dev_clock/vendor/laravel/framework/src/Illuminate/Container/Container.php(731): Illuminate/Foundation/Application->resolve('auth.check', Array)
#3 C:/Users/Asus/Documents/dev_clock/vendor/laravel/framework/src/Illuminate/Foundation/Application.php(971): Illuminate/Container/Container->make('auth.check', Array)
#4 C:/Users/Asus/Documents/dev_clock/vendor/laravel/framework/src/Illuminate/Pipeline/Pipeline.php(172): Illuminate/Foundation/Application->make('auth.check')
#5 C:/Users/Asus/Documents/dev_clock/vendor/laravel/framework/src/Illuminate/Routing/Middleware/SubstituteBindings.php(50): Illuminate/Pipeline/Pipeline->Illuminate/Pipeline/{closure}(Object(Illuminate/Http/Request))
#6 C:/Users/Asus/Documents/dev_clock/vendor/laravel/framework/src/Illuminate/Pipeline/Pipeline.php(183): Illuminate/Routing/Middleware/SubstituteBindings->handle(Object(Illuminate/Http/Request), Object(Closure))
#7 C:/Users/Asus/Documents/dev_clock/vendor/laravel/framework/src/Illuminate/Foundation/Http/Middleware/VerifyCsrfToken.php(78): Illuminate/Pipeline/Pipeline->Illuminate/Pipeline/{closure}(Object(Illuminate/Http/Request))
#8 C:/Users/Asus/Documents/dev_clock/vendor/laravel/framework/src/Illuminate/Pipeline/Pipeline.php(183): Illuminate/Foundation/Http/Middleware/VerifyCsrfToken->handle(Object(Illuminate/Http/Request), Object(Closure))
#9 C:/Users/Asus/Documents/dev_clock/vendor/laravel/framework/src/Illuminate/View/Middleware/ShareErrorsFromSession.php(49): Illuminate/Pipeline/Pipeline->Illuminate/Pipeline/{closure}(Object(Illuminate/Http/Request))
#10 C:/Users/Asus/Documents/dev_clock/vendor/laravel/framework/src/Illuminate/Pipeline/Pipeline.php(183): Illuminate/View/Middleware/ShareErrorsFromSession->handle(Object(Illuminate/Http/Request), Object(Closure))
#11 C:/Users/Asus/Documents/dev_clock/vendor/laravel/framework/src/Illuminate/Session/Middleware/StartSession.php(121): Illuminate/Pipeline/Pipeline->Illuminate/Pipeline/{closure}(Object(Illuminate/Http/Request))
#12 C:/Users/Asus/Documents/dev_clock/vendor/laravel/framework/src/Illuminate/Session/Middleware/StartSession.php(64): Illuminate/Session/Middleware/StartSession->handleStatefulRequest(Object(Illuminate/Http/Request), Object(Illuminate/Session/Store), Object(Closure))
#13 C:/Users/Asus/Documents/dev_clock/vendor/laravel/framework/src/Illuminate/Pipeline/Pipeline.php(183): Illuminate/Session/Middleware/StartSession->handle(Object(Illuminate/Http/Request), Object(Closure))
#14 C:/Users/Asus/Documents/dev_clock/vendor/laravel/framework/src/Illuminate/Cookie/Middleware/AddQueuedCookiesToResponse.php(37): Illuminate/Pipeline/Pipeline->Illuminate/Pipeline/{closure}(Object(Illuminate/Http/Request))
#15 C:/Users/Asus/Documents/dev_clock/vendor/laravel/framework/src/Illuminate/Pipeline/Pipeline.php(183): Illuminate/Cookie/Middleware/AddQueuedCookiesToResponse->handle(Object(Illuminate/Http/Request), Object(Closure))
#16 C:/Users/Asus/Documents/dev_clock/vendor/laravel/framework/src/Illuminate/Cookie/Middleware/EncryptCookies.php(67): Illuminate/Pipeline/Pipeline->Illuminate/Pipeline/{closure}(Object(Illuminate/Http/Request))
#17 C:/Users/Asus/Documents/dev_clock/vendor/laravel/framework/src/Illuminate/Pipeline/Pipeline.php(183): Illuminate/Cookie/Middleware/EncryptCookies->handle(Object(Illuminate/Http/Request), Object(Closure))
#18 C:/Users/Asus/Documents/dev_clock/vendor/laravel/framework/src/Illuminate/Pipeline/Pipeline.php(119): Illuminate/Pipeline/Pipeline->Illuminate/Pipeline/{closure}(Object(Illuminate/Http/Request))
#19 C:/Users/Asus/Documents/dev_clock/vendor/laravel/framework/src/Illuminate/Routing/Router.php(805): Illuminate/Pipeline/Pipeline->then(Object(Closure))
#20 C:/Users/Asus/Documents/dev_clock/vendor/laravel/framework/src/Illuminate/Routing/Router.php(784): Illuminate/Routing/Router->runRouteWithinStack(Object(Illuminate/Routing/Route), Object(Illuminate/Http/Request))
#21 C:/Users/Asus/Documents/dev_clock/vendor/laravel/framework/src/Illuminate/Routing/Router.php(748): Illuminate/Routing/Router->runRoute(Object(Illuminate/Http/Request), Object(Illuminate/Routing/Route))
#22 C:/Users/Asus/Documents/dev_clock/vendor/laravel/framework/src/Illuminate/Routing/Router.php(737): Illuminate/Routing/Router->dispatchToRoute(Object(Illuminate/Http/Request))
#23 C:/Users/Asus/Documents/dev_clock/vendor/laravel/framework/src/Illuminate/Foundation/Http/Kernel.php(200): Illuminate/Routing/Router->dispatch(Object(Illuminate/Http/Request))
#24 C:/Users/Asus/Documents/dev_clock/vendor/laravel/framework/src/Illuminate/Pipeline/Pipeline.php(144): Illuminate/Foundation/Http/Kernel->Illuminate/Foundation/Http/{closure}(Object(Illuminate/Http/Request))
#25 C:/Users/Asus/Documents/dev_clock/vendor/laravel/framework/src/Illuminate/Foundation/Http/Middleware/TransformsRequest.php(21): Illuminate/Pipeline/Pipeline->Illuminate/Pipeline/{closure}(Object(Illuminate/Http/Request))
#26 C:/Users/Asus/Documents/dev_clock/vendor/laravel/framework/src/Illuminate/Foundation/Http/Middleware/ConvertEmptyStringsToNull.php(31): Illuminate/Foundation/Http/Middleware/TransformsRequest->handle(Object(Illuminate/Http/Request), Object(Closure))
#27 C:/Users/Asus/Documents/dev_clock/vendor/laravel/framework/src/Illuminate/Pipeline/Pipeline.php(183): Illuminate/Foundation/Http/Middleware/ConvertEmptyStringsToNull->handle(Object(Illuminate/Http/Request), Object(Closure))
#28 C:/Users/Asus/Documents/dev_clock/vendor/laravel/framework/src/Illuminate/Foundation/Http/Middleware/TransformsRequest.php(21): Illuminate/Pipeline/Pipeline->Illuminate/Pipeline/{closure}(Object(Illuminate/Http/Request))
#29 C:/Users/Asus/Documents/dev_clock/vendor/laravel/framework/src/Illuminate/Foundation/Http/Middleware/TrimStrings.php(40): Illuminate/Foundation/Http/Middleware/TransformsRequest->handle(Object(Illuminate/Http/Request), Object(Closure))
#30 C:/Users/Asus/Documents/dev_clock/vendor/laravel/framework/src/Illuminate/Pipeline/Pipeline.php(183): Illuminate/Foundation/Http/Middleware/TrimStrings->handle(Object(Illuminate/Http/Request), Object(Closure))
#31 C:/Users/Asus/Documents/dev_clock/vendor/laravel/framework/src/Illuminate/Foundation/Http/Middleware/ValidatePostSize.php(27): Illuminate/Pipeline/Pipeline->Illuminate/Pipeline/{closure}(Object(Illuminate/Http/Request))
#32 C:/Users/Asus/Documents/dev_clock/vendor/laravel/framework/src/Illuminate/Pipeline/Pipeline.php(183): Illuminate/Foundation/Http/Middleware/ValidatePostSize->handle(Object(Illuminate/Http/Request), Object(Closure))
#33 C:/Users/Asus/Documents/dev_clock/vendor/laravel/framework/src/Illuminate/Foundation/Http/Middleware/PreventRequestsDuringMaintenance.php(99): Illuminate/Pipeline/Pipeline->Illuminate/Pipeline/{closure}(Object(Illuminate/Http/Request))
#34 C:/Users/Asus/Documents/dev_clock/vendor/laravel/framework/src/Illuminate/Pipeline/Pipeline.php(183): Illuminate/Foundation/Http/Middleware/PreventRequestsDuringMaintenance->handle(Object(Illuminate/Http/Request), Object(Closure))
#35 C:/Users/Asus/Documents/dev_clock/vendor/laravel/framework/src/Illuminate/Pipeline/Pipeline.php(119): Illuminate/Pipeline/Pipeline->Illuminate/Pipeline/{closure}(Object(Illuminate/Http/Request))
#36 C:/Users/Asus/Documents/dev_clock/vendor/laravel/framework/src/Illuminate/Foundation/Http/Kernel.php(175): Illuminate/Pipeline/Pipeline->then(Object(Closure))
#37 C:/Users/Asus/Documents/dev_clock/vendor/laravel/framework/src/Illuminate/Foundation/Http/Kernel.php(144): Illuminate/Foundation/Http/Kernel->sendRequestThroughRouter(Object(Illuminate/Http/Request))
#38 C:/Users/Asus/Documents/dev_clock/public/index.php(18): Illuminate/Foundation/Http/Kernel->handle(Object(Illuminate/Http/Request))
#39 C:/Users/Asus/Documents/dev_clock/vendor/laravel/framework/src/Illuminate/Foundation/resources/server.php(16): require_once('C://Users//Asus//D...')
#40 {main}

[previous exception] [object] (ReflectionException(code: -1): Class \"auth.check\" does not exist at C:/Users/Asus/Documents/dev_clock/vendor/laravel/framework/src/Illuminate/Container/Container.php:912)
[stacktrace]
#0 C:/Users/Asus/Documents/dev_clock/vendor/laravel/framework/src/Illuminate/Container/Container.php(912): ReflectionClass->__construct('auth.check')
#1 C:/Users/Asus/Documents/dev_clock/vendor/laravel/framework/src/Illuminate/Container/Container.php(795): Illuminate/Container/Container->build('auth.check')
#2 C:/Users/Asus/Documents/dev_clock/vendor/laravel/framework/src/Illuminate/Foundation/Application.php(986): Illuminate/Container/Container->resolve('auth.check', Array, true)
#3 C:/Users/Asus/Documents/dev_clock/vendor/laravel/framework/src/Illuminate/Container/Container.php(731): Illuminate/Foundation/Application->resolve('auth.check', Array)
#4 C:/Users/Asus/Documents/dev_clock/vendor/laravel/framework/src/Illuminate/Foundation/Application.php(971): Illuminate/Container/Container->make('auth.check', Array)
#5 C:/Users/Asus/Documents/dev_clock/vendor/laravel/framework/src/Illuminate/Pipeline/Pipeline.php(172): Illuminate/Foundation/Application->make('auth.check')
#6 C:/Users/Asus/Documents/dev_clock/vendor/laravel/framework/src/Illuminate/Routing/Middleware/SubstituteBindings.php(50): Illuminate/Pipeline/Pipeline->Illuminate/Pipeline/{closure}(Object(Illuminate/Http/Request))
#7 C:/Users/Asus/Documents/dev_clock/vendor/laravel/framework/src/Illuminate/Pipeline/Pipeline.php(183): Illuminate/Routing/Middleware/SubstituteBindings->handle(Object(Illuminate/Http/Request), Object(Closure))
#8 C:/Users/Asus/Documents/dev_clock/vendor/laravel/framework/src/Illuminate/Foundation/Http/Middleware/VerifyCsrfToken.php(78): Illuminate/Pipeline/Pipeline->Illuminate/Pipeline/{closure}(Object(Illuminate/Http/Request))
#9 C:/Users/Asus/Documents/dev_clock/vendor/laravel/framework/src/Illuminate/Pipeline/Pipeline.php(183): Illuminate/Foundation/Http/Middleware/VerifyCsrfToken->handle(Object(Illuminate/Http/Request), Object(Closure))
#10 C:/Users/Asus/Documents/dev_clock/vendor/laravel/framework/src/Illuminate/View/Middleware/ShareErrorsFromSession.php(49): Illuminate/Pipeline/Pipeline->Illuminate/Pipeline/{closure}(Object(Illuminate/Http/Request))
#11 C:/Users/Asus/Documents/dev_clock/vendor/laravel/framework/src/Illuminate/Pipeline/Pipeline.php(183): Illuminate/View/Middleware/ShareErrorsFromSession->handle(Object(Illuminate/Http/Request), Object(Closure))
#12 C:/Users/Asus/Documents/dev_clock/vendor/laravel/framework/src/Illuminate/Session/Middleware/StartSession.php(121): Illuminate/Pipeline/Pipeline->Illuminate/Pipeline/{closure}(Object(Illuminate/Http/Request))
#13 C:/Users/Asus/Documents/dev_clock/vendor/laravel/framework/src/Illuminate/Session/Middleware/StartSession.php(64): Illuminate/Session/Middleware/StartSession->handleStatefulRequest(Object(Illuminate/Http/Request), Object(Illuminate/Session/Store), Object(Closure))
#14 C:/Users/Asus/Documents/dev_clock/vendor/laravel/framework/src/Illuminate/Pipeline/Pipeline.php(183): Illuminate/Session/Middleware/StartSession->handle(Object(Illuminate/Http/Request), Object(Closure))
#15 C:/Users/Asus/Documents/dev_clock/vendor/laravel/framework/src/Illuminate/Cookie/Middleware/AddQueuedCookiesToResponse.php(37): Illuminate/Pipeline/Pipeline->Illuminate/Pipeline/{closure}(Object(Illuminate/Http/Request))
#16 C:/Users/Asus/Documents/dev_clock/vendor/laravel/framework/src/Illuminate/Pipeline/Pipeline.php(183): Illuminate/Cookie/Middleware/AddQueuedCookiesToResponse->handle(Object(Illuminate/Http/Request), Object(Closure))
#17 C:/Users/Asus/Documents/dev_clock/vendor/laravel/framework/src/Illuminate/Cookie/Middleware/EncryptCookies.php(67): Illuminate/Pipeline/Pipeline->Illuminate/Pipeline/{closure}(Object(Illuminate/Http/Request))
#18 C:/Users/Asus/Documents/dev_clock/vendor/laravel/framework/src/Illuminate/Pipeline/Pipeline.php(183): Illuminate/Cookie/Middleware/EncryptCookies->handle(Object(Illuminate/Http/Request), Object(Closure))
#19 C:/Users/Asus/Documents/dev_clock/vendor/laravel/framework/src/Illuminate/Pipeline/Pipeline.php(119): Illuminate/Pipeline/Pipeline->Illuminate/Pipeline/{closure}(Object(Illuminate/Http/Request))
#20 C:/Users/Asus/Documents/dev_clock/vendor/laravel/framework/src/Illuminate/Routing/Router.php(805): Illuminate/Pipeline/Pipeline->then(Object(Closure))
#21 C:/Users/Asus/Documents/dev_clock/vendor/laravel/framework/src/Illuminate/Routing/Router.php(784): Illuminate/Routing/Router->runRouteWithinStack(Object(Illuminate/Routing/Route), Object(Illuminate/Http/Request))
#22 C:/Users/Asus/Documents/dev_clock/vendor/laravel/framework/src/Illuminate/Routing/Router.php(748): Illuminate/Routing/Router->runRoute(Object(Illuminate/Http/Request), Object(Illuminate/Routing/Route))
#23 C:/Users/Asus/Documents/dev_clock/vendor/laravel/framework/src/Illuminate/Routing/Router.php(737): Illuminate/Routing/Router->dispatchToRoute(Object(Illuminate/Http/Request))
#24 C:/Users/Asus/Documents/dev_clock/vendor/laravel/framework/src/Illuminate/Foundation/Http/Kernel.php(200): Illuminate/Routing/Router->dispatch(Object(Illuminate/Http/Request))
#25 C:/Users/Asus/Documents/dev_clock/vendor/laravel/framework/src/Illuminate/Pipeline/Pipeline.php(144): Illuminate/Foundation/Http/Kernel->Illuminate/Foundation/Http/{closure}(Object(Illuminate/Http/Request))
#26 C:/Users/Asus/Documents/dev_clock/vendor/laravel/framework/src/Illuminate/Foundation/Http/Middleware/TransformsRequest.php(21): Illuminate/Pipeline/Pipeline->Illuminate/Pipeline/{closure}(Object(Illuminate/Http/Request))
#27 C:/Users/Asus/Documents/dev_clock/vendor/laravel/framework/src/Illuminate/Foundation/Http/Middleware/ConvertEmptyStringsToNull.php(31): Illuminate/Foundation/Http/Middleware/TransformsRequest->handle(Object(Illuminate/Http/Request), Object(Closure))
#28 C:/Users/Asus/Documents/dev_clock/vendor/laravel/framework/src/Illuminate/Pipeline/Pipeline.php(183): Illuminate/Foundation/Http/Middleware/ConvertEmptyStringsToNull->handle(Object(Illuminate/Http/Request), Object(Closure))
#29 C:/Users/Asus/Documents/dev_clock/vendor/laravel/framework/src/Illuminate/Foundation/Http/Middleware/TransformsRequest.php(21): Illuminate/Pipeline/Pipeline->Illuminate/Pipeline/{closure}(Object(Illuminate/Http/Request))
#30 C:/Users/Asus/Documents/dev_clock/vendor/laravel/framework/src/Illuminate/Foundation/Http/Middleware/TrimStrings.php(40): Illuminate/Foundation/Http/Middleware/TransformsRequest->handle(Object(Illuminate/Http/Request), Object(Closure))
#31 C:/Users/Asus/Documents/dev_clock/vendor/laravel/framework/src/Illuminate/Pipeline/Pipeline.php(183): Illuminate/Foundation/Http/Middleware/TrimStrings->handle(Object(Illuminate/Http/Request), Object(Closure))
#32 C:/Users/Asus/Documents/dev_clock/vendor/laravel/framework/src/Illuminate/Foundation/Http/Middleware/ValidatePostSize.php(27): Illuminate/Pipeline/Pipeline->Illuminate/Pipeline/{closure}(Object(Illuminate/Http/Request))
#33 C:/Users/Asus/Documents/dev_clock/vendor/laravel/framework/src/Illuminate/Pipeline/Pipeline.php(183): Illuminate/Foundation/Http/Middleware/ValidatePostSize->handle(Object(Illuminate/Http/Request), Object(Closure))
#34 C:/Users/Asus/Documents/dev_clock/vendor/laravel/framework/src/Illuminate/Foundation/Http/Middleware/PreventRequestsDuringMaintenance.php(99): Illuminate/Pipeline/Pipeline->Illuminate/Pipeline/{closure}(Object(Illuminate/Http/Request))
#35 C:/Users/Asus/Documents/dev_clock/vendor/laravel/framework/src/Illuminate/Pipeline/Pipeline.php(183): Illuminate/Foundation/Http/Middleware/PreventRequestsDuringMaintenance->handle(Object(Illuminate/Http/Request), Object(Closure))
#36 C:/Users/Asus/Documents/dev_clock/vendor/laravel/framework/src/Illuminate/Pipeline/Pipeline.php(119): Illuminate/Pipeline/Pipeline->Illuminate/Pipeline/{closure}(Object(Illuminate/Http/Request))
#37 C:/Users/Asus/Documents/dev_clock/vendor/laravel/framework/src/Illuminate/Foundation/Http/Kernel.php(175): Illuminate/Pipeline/Pipeline->then(Object(Closure))
#38 C:/Users/Asus/Documents/dev_clock/vendor/laravel/framework/src/Illuminate/Foundation/Http/Kernel.php(144): Illuminate/Foundation/Http/Kernel->sendRequestThroughRouter(Object(Illuminate/Http/Request))
#39 C:/Users/Asus/Documents/dev_clock/public/index.php(18): Illuminate/Foundation/Http/Kernel->handle(Object(Illuminate/Http/Request))
#40 C:/Users/Asus/Documents/dev_clock/vendor/laravel/framework/src/Illuminate/Foundation/resources/server.php(16): require_once('C://Users//Asus//D...')
#41 {main}
"} 
[2026-07-11 21:21:01] local.ERROR: Target class [auth.check] does not exist. {"exception":"[object] (Illuminate\\Contracts\\Container\\BindingResolutionException(code: 0): Target class [auth.check] does not exist. at C:/Users/Asus/Documents/dev_clock/vendor/laravel/framework/src/Illuminate/Container/Container.php:914)
[stacktrace]
#0 C:/Users/Asus/Documents/dev_clock/vendor/laravel/framework/src/Illuminate/Container/Container.php(795): Illuminate/Container/Container->build('auth.check')
#1 C:/Users/Asus/Documents/dev_clock/vendor/laravel/framework/src/Illuminate/Foundation/Application.php(986): Illuminate/Container/Container->resolve('auth.check', Array, true)
#2 C:/Users/Asus/Documents/dev_clock/vendor/laravel/framework/src/Illuminate/Container/Container.php(731): Illuminate/Foundation/Application->resolve('auth.check', Array)
#3 C:/Users/Asus/Documents/dev_clock/vendor/laravel/framework/src/Illuminate/Foundation/Application.php(971): Illuminate/Container/Container->make('auth.check', Array)
#4 C:/Users/Asus/Documents/dev_clock/vendor/laravel/framework/src/Illuminate/Foundation/Http/Kernel.php(255): Illuminate/Foundation/Application->make('auth.check')
#5 C:/Users/Asus/Documents/dev_clock/vendor/laravel/framework/src/Illuminate/Foundation/Http/Kernel.php(213): Illuminate/Foundation/Http/Kernel->terminateMiddleware(Object(Illuminate/Http/Request), Object(Illuminate/Http/Response))
#6 C:/Users/Asus/Documents/dev_clock/public/index.php(22): Illuminate/Foundation/Http/Kernel->terminate(Object(Illuminate/Http/Request), Object(Illuminate/Http/Response))
#7 C:/Users/Asus/Documents/dev_clock/vendor/laravel/framework/src/Illuminate/Foundation/resources/server.php(16): require_once('C://Users//Asus//D...')
#8 {main}

[previous exception] [object] (ReflectionException(code: -1): Class \"auth.check\" does not exist at C:/Users/Asus/Documents/dev_clock/vendor/laravel/framework/src/Illuminate/Container/Container.php:912)
[stacktrace]
#0 C:/Users/Asus/Documents/dev_clock/vendor/laravel/framework/src/Illuminate/Container/Container.php(912): ReflectionClass->__construct('auth.check')
#1 C:/Users/Asus/Documents/dev_clock/vendor/laravel/framework/src/Illuminate/Container/Container.php(795): Illuminate/Container/Container->build('auth.check')
#2 C:/Users/Asus/Documents/dev_clock/vendor/laravel/framework/src/Illuminate/Foundation/Application.php(986): Illuminate/Container/Container->resolve('auth.check', Array, true)
#3 C:/Users/Asus/Documents/dev_clock/vendor/laravel/framework/src/Illuminate/Container/Container.php(731): Illuminate/Foundation/Application->resolve('auth.check', Array)
#4 C:/Users/Asus/Documents/dev_clock/vendor/laravel/framework/src/Illuminate/Foundation/Application.php(971): Illuminate/Container/Container->make('auth.check', Array)
#5 C:/Users/Asus/Documents/dev_clock/vendor/laravel/framework/src/Illuminate/Foundation/Http/Kernel.php(255): Illuminate/Foundation/Application->make('auth.check')
#6 C:/Users/Asus/Documents/dev_clock/vendor/laravel/framework/src/Illuminate/Foundation/Http/Kernel.php(213): Illuminate/Foundation/Http/Kernel->terminateMiddleware(Object(Illuminate/Http/Request), Object(Illuminate/Http/Response))
#7 C:/Users/Asus/Documents/dev_clock/public/index.php(22): Illuminate/Foundation/Http/Kernel->terminate(Object(Illuminate/Http/Request), Object(Illuminate/Http/Response))
#8 C:/Users/Asus/Documents/dev_clock/vendor/laravel/framework/src/Illuminate/Foundation/resources/server.php(16): require_once('C://Users//Asus//D...')
#9 {main}
"} 
[2026-07-11 21:21:12] local.ERROR: Target class [auth.check] does not exist. {"exception":"[object] (Illuminate\\Contracts\\Container\\BindingResolutionException(code: 0): Target class [auth.check] does not exist. at C:/Users/Asus/Documents/dev_clock/vendor/laravel/framework/src/Illuminate/Container/Container.php:914)
[stacktrace]
#0 C:/Users/Asus/Documents/dev_clock/vendor/laravel/framework/src/Illuminate/Container/Container.php(795): Illuminate/Container/Container->build('auth.check')
#1 C:/Users/Asus/Documents/dev_clock/vendor/laravel/framework/src/Illuminate/Foundation/Application.php(986): Illuminate/Container/Container->resolve('auth.check', Array, true)
#2 C:/Users/Asus/Documents/dev_clock/vendor/laravel/framework/src/Illuminate/Container/Container.php(731): Illuminate/Foundation/Application->resolve('auth.check', Array)
#3 C:/Users/Asus/Documents/dev_clock/vendor/laravel/framework/src/Illuminate/Foundation/Application.php(971): Illuminate/Container/Container->make('auth.check', Array)
#4 C:/Users/Asus/Documents/dev_clock/vendor/laravel/framework/src/Illuminate/Pipeline/Pipeline.php(172): Illuminate/Foundation/Application->make('auth.check')
#5 C:/Users/Asus/Documents/dev_clock/vendor/laravel/framework/src/Illuminate/Routing/Middleware/SubstituteBindings.php(50): Illuminate/Pipeline/Pipeline->Illuminate/Pipeline/{closure}(Object(Illuminate/Http/Request))
#6 C:/Users/Asus/Documents/dev_clock/vendor/laravel/framework/src/Illuminate/Pipeline/Pipeline.php(183): Illuminate/Routing/Middleware/SubstituteBindings->handle(Object(Illuminate/Http/Request), Object(Closure))
#7 C:/Users/Asus/Documents/dev_clock/vendor/laravel/framework/src/Illuminate/Foundation/Http/Middleware/VerifyCsrfToken.php(78): Illuminate/Pipeline/Pipeline->Illuminate/Pipeline/{closure}(Object(Illuminate/Http/Request))
#8 C:/Users/Asus/Documents/dev_clock/vendor/laravel/framework/src/Illuminate/Pipeline/Pipeline.php(183): Illuminate/Foundation/Http/Middleware/VerifyCsrfToken->handle(Object(Illuminate/Http/Request), Object(Closure))
#9 C:/Users/Asus/Documents/dev_clock/vendor/laravel/framework/src/Illuminate/View/Middleware/ShareErrorsFromSession.php(49): Illuminate/Pipeline/Pipeline->Illuminate/Pipeline/{closure}(Object(Illuminate/Http/Request))
#10 C:/Users/Asus/Documents/dev_clock/vendor/laravel/framework/src/Illuminate/Pipeline/Pipeline.php(183): Illuminate/View/Middleware/ShareErrorsFromSession->handle(Object(Illuminate/Http/Request), Object(Closure))
#11 C:/Users/Asus/Documents/dev_clock/vendor/laravel/framework/src/Illuminate/Session/Middleware/StartSession.php(121): Illuminate/Pipeline/Pipeline->Illuminate/Pipeline/{closure}(Object(Illuminate/Http/Request))
#12 C:/Users/Asus/Documents/dev_clock/vendor/laravel/framework/src/Illuminate/Session/Middleware/StartSession.php(64): Illuminate/Session/Middleware/StartSession->handleStatefulRequest(Object(Illuminate/Http/Request), Object(Illuminate/Session/Store), Object(Closure))
#13 C:/Users/Asus/Documents/dev_clock/vendor/laravel/framework/src/Illuminate/Pipeline/Pipeline.php(183): Illuminate/Session/Middleware/StartSession->handle(Object(Illuminate/Http/Request), Object(Closure))
#14 C:/Users/Asus/Documents/dev_clock/vendor/laravel/framework/src/Illuminate/Cookie/Middleware/AddQueuedCookiesToResponse.php(37): Illuminate/Pipeline/Pipeline->Illuminate/Pipeline/{closure}(Object(Illuminate/Http/Request))
#15 C:/Users/Asus/Documents/dev_clock/vendor/laravel/framework/src/Illuminate/Pipeline/Pipeline.php(183): Illuminate/Cookie/Middleware/AddQueuedCookiesToResponse->handle(Object(Illuminate/Http/Request), Object(Closure))
#16 C:/Users/Asus/Documents/dev_clock/vendor/laravel/framework/src/Illuminate/Cookie/Middleware/EncryptCookies.php(67): Illuminate/Pipeline/Pipeline->Illuminate/Pipeline/{closure}(Object(Illuminate/Http/Request))
#17 C:/Users/Asus/Documents/dev_clock/vendor/laravel/framework/src/Illuminate/Pipeline/Pipeline.php(183): Illuminate/Cookie/Middleware/EncryptCookies->handle(Object(Illuminate/Http/Request), Object(Closure))
#18 C:/Users/Asus/Documents/dev_clock/vendor/laravel/framework/src/Illuminate/Pipeline/Pipeline.php(119): Illuminate/Pipeline/Pipeline->Illuminate/Pipeline/{closure}(Object(Illuminate/Http/Request))
#19 C:/Users/Asus/Documents/dev_clock/vendor/laravel/framework/src/Illuminate/Routing/Router.php(805): Illuminate/Pipeline/Pipeline->then(Object(Closure))
#20 C:/Users/Asus/Documents/dev_clock/vendor/laravel/framework/src/Illuminate/Routing/Router.php(784): Illuminate/Routing/Router->runRouteWithinStack(Object(Illuminate/Routing/Route), Object(Illuminate/Http/Request))
#21 C:/Users/Asus/Documents/dev_clock/vendor/laravel/framework/src/Illuminate/Routing/Router.php(748): Illuminate/Routing/Router->runRoute(Object(Illuminate/Http/Request), Object(Illuminate/Routing/Route))
#22 C:/Users/Asus/Documents/dev_clock/vendor/laravel/framework/src/Illuminate/Routing/Router.php(737): Illuminate/Routing/Router->dispatchToRoute(Object(Illuminate/Http/Request))
#23 C:/Users/Asus/Documents/dev_clock/vendor/laravel/framework/src/Illuminate/Foundation/Http/Kernel.php(200): Illuminate/Routing/Router->dispatch(Object(Illuminate/Http/Request))
#24 C:/Users/Asus/Documents/dev_clock/vendor/laravel/framework/src/Illuminate/Pipeline/Pipeline.php(144): Illuminate/Foundation/Http/Kernel->Illuminate/Foundation/Http/{closure}(Object(Illuminate/Http/Request))
#25 C:/Users/Asus/Documents/dev_clock/vendor/laravel/framework/src/Illuminate/Foundation/Http/Middleware/TransformsRequest.php(21): Illuminate/Pipeline/Pipeline->Illuminate/Pipeline/{closure}(Object(Illuminate/Http/Request))
#26 C:/Users/Asus/Documents/dev_clock/vendor/laravel/framework/src/Illuminate/Foundation/Http/Middleware/ConvertEmptyStringsToNull.php(31): Illuminate/Foundation/Http/Middleware/TransformsRequest->handle(Object(Illuminate/Http/Request), Object(Closure))
#27 C:/Users/Asus/Documents/dev_clock/vendor/laravel/framework/src/Illuminate/Pipeline/Pipeline.php(183): Illuminate/Foundation/Http/Middleware/ConvertEmptyStringsToNull->handle(Object(Illuminate/Http/Request), Object(Closure))
#28 C:/Users/Asus/Documents/dev_clock/vendor/laravel/framework/src/Illuminate/Foundation/Http/Middleware/TransformsRequest.php(21): Illuminate/Pipeline/Pipeline->Illuminate/Pipeline/{closure}(Object(Illuminate/Http/Request))
#29 C:/Users/Asus/Documents/dev_clock/vendor/laravel/framework/src/Illuminate/Foundation/Http/Middleware/TrimStrings.php(40): Illuminate/Foundation/Http/Middleware/TransformsRequest->handle(Object(Illuminate/Http/Request), Object(Closure))
#30 C:/Users/Asus/Documents/dev_clock/vendor/laravel/framework/src/Illuminate/Pipeline/Pipeline.php(183): Illuminate/Foundation/Http/Middleware/TrimStrings->handle(Object(Illuminate/Http/Request), Object(Closure))
#31 C:/Users/Asus/Documents/dev_clock/vendor/laravel/framework/src/Illuminate/Foundation/Http/Middleware/ValidatePostSize.php(27): Illuminate/Pipeline/Pipeline->Illuminate/Pipeline/{closure}(Object(Illuminate/Http/Request))
#32 C:/Users/Asus/Documents/dev_clock/vendor/laravel/framework/src/Illuminate/Pipeline/Pipeline.php(183): Illuminate/Foundation/Http/Middleware/ValidatePostSize->handle(Object(Illuminate/Http/Request), Object(Closure))
#33 C:/Users/Asus/Documents/dev_clock/vendor/laravel/framework/src/Illuminate/Foundation/Http/Middleware/PreventRequestsDuringMaintenance.php(99): Illuminate/Pipeline/Pipeline->Illuminate/Pipeline/{closure}(Object(Illuminate/Http/Request))
#34 C:/Users/Asus/Documents/dev_clock/vendor/laravel/framework/src/Illuminate/Pipeline/Pipeline.php(183): Illuminate/Foundation/Http/Middleware/PreventRequestsDuringMaintenance->handle(Object(Illuminate/Http/Request), Object(Closure))
#35 C:/Users/Asus/Documents/dev_clock/vendor/laravel/framework/src/Illuminate/Pipeline/Pipeline.php(119): Illuminate/Pipeline/Pipeline->Illuminate/Pipeline/{closure}(Object(Illuminate/Http/Request))
#36 C:/Users/Asus/Documents/dev_clock/vendor/laravel/framework/src/Illuminate/Foundation/Http/Kernel.php(175): Illuminate/Pipeline/Pipeline->then(Object(Closure))
#37 C:/Users/Asus/Documents/dev_clock/vendor/laravel/framework/src/Illuminate/Foundation/Http/Kernel.php(144): Illuminate/Foundation/Http/Kernel->sendRequestThroughRouter(Object(Illuminate/Http/Request))
#38 C:/Users/Asus/Documents/dev_clock/public/index.php(18): Illuminate/Foundation/Http/Kernel->handle(Object(Illuminate/Http/Request))
#39 C:/Users/Asus/Documents/dev_clock/vendor/laravel/framework/src/Illuminate/Foundation/resources/server.php(16): require_once('C://Users//Asus//D...')
#40 {main}

[previous exception] [object] (ReflectionException(code: -1): Class \"auth.check\" does not exist at C:/Users/Asus/Documents/dev_clock/vendor/laravel/framework/src/Illuminate/Container/Container.php:912)
[stacktrace]
#0 C:/Users/Asus/Documents/dev_clock/vendor/laravel/framework/src/Illuminate/Container/Container.php(912): ReflectionClass->__construct('auth.check')
#1 C:/Users/Asus/Documents/dev_clock/vendor/laravel/framework/src/Illuminate/Container/Container.php(795): Illuminate/Container/Container->build('auth.check')
#2 C:/Users/Asus/Documents/dev_clock/vendor/laravel/framework/src/Illuminate/Foundation/Application.php(986): Illuminate/Container/Container->resolve('auth.check', Array, true)
#3 C:/Users/Asus/Documents/dev_clock/vendor/laravel/framework/src/Illuminate/Container/Container.php(731): Illuminate/Foundation/Application->resolve('auth.check', Array)
#4 C:/Users/Asus/Documents/dev_clock/vendor/laravel/framework/src/Illuminate/Foundation/Application.php(971): Illuminate/Container/Container->make('auth.check', Array)
#5 C:/Users/Asus/Documents/dev_clock/vendor/laravel/framework/src/Illuminate/Pipeline/Pipeline.php(172): Illuminate/Foundation/Application->make('auth.check')
#6 C:/Users/Asus/Documents/dev_clock/vendor/laravel/framework/src/Illuminate/Routing/Middleware/SubstituteBindings.php(50): Illuminate/Pipeline/Pipeline->Illuminate/Pipeline/{closure}(Object(Illuminate/Http/Request))
#7 C:/Users/Asus/Documents/dev_clock/vendor/laravel/framework/src/Illuminate/Pipeline/Pipeline.php(183): Illuminate/Routing/Middleware/SubstituteBindings->handle(Object(Illuminate/Http/Request), Object(Closure))
#8 C:/Users/Asus/Documents/dev_clock/vendor/laravel/framework/src/Illuminate/Foundation/Http/Middleware/VerifyCsrfToken.php(78): Illuminate/Pipeline/Pipeline->Illuminate/Pipeline/{closure}(Object(Illuminate/Http/Request))
#9 C:/Users/Asus/Documents/dev_clock/vendor/laravel/framework/src/Illuminate/Pipeline/Pipeline.php(183): Illuminate/Foundation/Http/Middleware/VerifyCsrfToken->handle(Object(Illuminate/Http/Request), Object(Closure))
#10 C:/Users/Asus/Documents/dev_clock/vendor/laravel/framework/src/Illuminate/View/Middleware/ShareErrorsFromSession.php(49): Illuminate/Pipeline/Pipeline->Illuminate/Pipeline/{closure}(Object(Illuminate/Http/Request))
#11 C:/Users/Asus/Documents/dev_clock/vendor/laravel/framework/src/Illuminate/Pipeline/Pipeline.php(183): Illuminate/View/Middleware/ShareErrorsFromSession->handle(Object(Illuminate/Http/Request), Object(Closure))
#12 C:/Users/Asus/Documents/dev_clock/vendor/laravel/framework/src/Illuminate/Session/Middleware/StartSession.php(121): Illuminate/Pipeline/Pipeline->Illuminate/Pipeline/{closure}(Object(Illuminate/Http/Request))
#13 C:/Users/Asus/Documents/dev_clock/vendor/laravel/framework/src/Illuminate/Session/Middleware/StartSession.php(64): Illuminate/Session/Middleware/StartSession->handleStatefulRequest(Object(Illuminate/Http/Request), Object(Illuminate/Session/Store), Object(Closure))
#14 C:/Users/Asus/Documents/dev_clock/vendor/laravel/framework/src/Illuminate/Pipeline/Pipeline.php(183): Illuminate/Session/Middleware/StartSession->handle(Object(Illuminate/Http/Request), Object(Closure))
#15 C:/Users/Asus/Documents/dev_clock/vendor/laravel/framework/src/Illuminate/Cookie/Middleware/AddQueuedCookiesToResponse.php(37): Illuminate/Pipeline/Pipeline->Illuminate/Pipeline/{closure}(Object(Illuminate/Http/Request))
#16 C:/Users/Asus/Documents/dev_clock/vendor/laravel/framework/src/Illuminate/Pipeline/Pipeline.php(183): Illuminate/Cookie/Middleware/AddQueuedCookiesToResponse->handle(Object(Illuminate/Http/Request), Object(Closure))
#17 C:/Users/Asus/Documents/dev_clock/vendor/laravel/framework/src/Illuminate/Cookie/Middleware/EncryptCookies.php(67): Illuminate/Pipeline/Pipeline->Illuminate/Pipeline/{closure}(Object(Illuminate/Http/Request))
#18 C:/Users/Asus/Documents/dev_clock/vendor/laravel/framework/src/Illuminate/Pipeline/Pipeline.php(183): Illuminate/Cookie/Middleware/EncryptCookies->handle(Object(Illuminate/Http/Request), Object(Closure))
#19 C:/Users/Asus/Documents/dev_clock/vendor/laravel/framework/src/Illuminate/Pipeline/Pipeline.php(119): Illuminate/Pipeline/Pipeline->Illuminate/Pipeline/{closure}(Object(Illuminate/Http/Request))
#20 C:/Users/Asus/Documents/dev_clock/vendor/laravel/framework/src/Illuminate/Routing/Router.php(805): Illuminate/Pipeline/Pipeline->then(Object(Closure))
#21 C:/Users/Asus/Documents/dev_clock/vendor/laravel/framework/src/Illuminate/Routing/Router.php(784): Illuminate/Routing/Router->runRouteWithinStack(Object(Illuminate/Routing/Route), Object(Illuminate/Http/Request))
#22 C:/Users/Asus/Documents/dev_clock/vendor/laravel/framework/src/Illuminate/Routing/Router.php(748): Illuminate/Routing/Router->runRoute(Object(Illuminate/Http/Request), Object(Illuminate/Routing/Route))
#23 C:/Users/Asus/Documents/dev_clock/vendor/laravel/framework/src/Illuminate/Routing/Router.php(737): Illuminate/Routing/Router->dispatchToRoute(Object(Illuminate/Http/Request))
#24 C:/Users/Asus/Documents/dev_clock/vendor/laravel/framework/src/Illuminate/Foundation/Http/Kernel.php(200): Illuminate/Routing/Router->dispatch(Object(Illuminate/Http/Request))
#25 C:/Users/Asus/Documents/dev_clock/vendor/laravel/framework/src/Illuminate/Pipeline/Pipeline.php(144): Illuminate/Foundation/Http/Kernel->Illuminate/Foundation/Http/{closure}(Object(Illuminate/Http/Request))
#26 C:/Users/Asus/Documents/dev_clock/vendor/laravel/framework/src/Illuminate/Foundation/Http/Middleware/TransformsRequest.php(21): Illuminate/Pipeline/Pipeline->Illuminate/Pipeline/{closure}(Object(Illuminate/Http/Request))
#27 C:/Users/Asus/Documents/dev_clock/vendor/laravel/framework/src/Illuminate/Foundation/Http/Middleware/ConvertEmptyStringsToNull.php(31): Illuminate/Foundation/Http/Middleware/TransformsRequest->handle(Object(Illuminate/Http/Request), Object(Closure))
#28 C:/Users/Asus/Documents/dev_clock/vendor/laravel/framework/src/Illuminate/Pipeline/Pipeline.php(183): Illuminate/Foundation/Http/Middleware/ConvertEmptyStringsToNull->handle(Object(Illuminate/Http/Request), Object(Closure))
#29 C:/Users/Asus/Documents/dev_clock/vendor/laravel/framework/src/Illuminate/Foundation/Http/Middleware/TransformsRequest.php(21): Illuminate/Pipeline/Pipeline->Illuminate/Pipeline/{closure}(Object(Illuminate/Http/Request))
#30 C:/Users/Asus/Documents/dev_clock/vendor/laravel/framework/src/Illuminate/Foundation/Http/Middleware/TrimStrings.php(40): Illuminate/Foundation/Http/Middleware/TransformsRequest->handle(Object(Illuminate/Http/Request), Object(Closure))
#31 C:/Users/Asus/Documents/dev_clock/vendor/laravel/framework/src/Illuminate/Pipeline/Pipeline.php(183): Illuminate/Foundation/Http/Middleware/TrimStrings->handle(Object(Illuminate/Http/Request), Object(Closure))
#32 C:/Users/Asus/Documents/dev_clock/vendor/laravel/framework/src/Illuminate/Foundation/Http/Middleware/ValidatePostSize.php(27): Illuminate/Pipeline/Pipeline->Illuminate/Pipeline/{closure}(Object(Illuminate/Http/Request))
#33 C:/Users/Asus/Documents/dev_clock/vendor/laravel/framework/src/Illuminate/Pipeline/Pipeline.php(183): Illuminate/Foundation/Http/Middleware/ValidatePostSize->handle(Object(Illuminate/Http/Request), Object(Closure))
#34 C:/Users/Asus/Documents/dev_clock/vendor/laravel/framework/src/Illuminate/Foundation/Http/Middleware/PreventRequestsDuringMaintenance.php(99): Illuminate/Pipeline/Pipeline->Illuminate/Pipeline/{closure}(Object(Illuminate/Http/Request))
#35 C:/Users/Asus/Documents/dev_clock/vendor/laravel/framework/src/Illuminate/Pipeline/Pipeline.php(183): Illuminate/Foundation/Http/Middleware/PreventRequestsDuringMaintenance->handle(Object(Illuminate/Http/Request), Object(Closure))
#36 C:/Users/Asus/Documents/dev_clock/vendor/laravel/framework/src/Illuminate/Pipeline/Pipeline.php(119): Illuminate/Pipeline/Pipeline->Illuminate/Pipeline/{closure}(Object(Illuminate/Http/Request))
#37 C:/Users/Asus/Documents/dev_clock/vendor/laravel/framework/src/Illuminate/Foundation/Http/Kernel.php(175): Illuminate/Pipeline/Pipeline->then(Object(Closure))
#38 C:/Users/Asus/Documents/dev_clock/vendor/laravel/framework/src/Illuminate/Foundation/Http/Kernel.php(144): Illuminate/Foundation/Http/Kernel->sendRequestThroughRouter(Object(Illuminate/Http/Request))
#39 C:/Users/Asus/Documents/dev_clock/public/index.php(18): Illuminate/Foundation/Http/Kernel->handle(Object(Illuminate/Http/Request))
#40 C:/Users/Asus/Documents/dev_clock/vendor/laravel/framework/src/Illuminate/Foundation/resources/server.php(16): require_once('C://Users//Asus//D...')
#41 {main}
"} 
[2026-07-11 21:21:12] local.ERROR: Target class [auth.check] does not exist. {"exception":"[object] (Illuminate\\Contracts\\Container\\BindingResolutionException(code: 0): Target class [auth.check] does not exist. at C:/Users/Asus/Documents/dev_clock/vendor/laravel/framework/src/Illuminate/Container/Container.php:914)
[stacktrace]
#0 C:/Users/Asus/Documents/dev_clock/vendor/laravel/framework/src/Illuminate/Container/Container.php(795): Illuminate/Container/Container->build('auth.check')
#1 C:/Users/Asus/Documents/dev_clock/vendor/laravel/framework/src/Illuminate/Foundation/Application.php(986): Illuminate/Container/Container->resolve('auth.check', Array, true)
#2 C:/Users/Asus/Documents/dev_clock/vendor/laravel/framework/src/Illuminate/Container/Container.php(731): Illuminate/Foundation/Application->resolve('auth.check', Array)
#3 C:/Users/Asus/Documents/dev_clock/vendor/laravel/framework/src/Illuminate/Foundation/Application.php(971): Illuminate/Container/Container->make('auth.check', Array)
#4 C:/Users/Asus/Documents/dev_clock/vendor/laravel/framework/src/Illuminate/Foundation/Http/Kernel.php(255): Illuminate/Foundation/Application->make('auth.check')
#5 C:/Users/Asus/Documents/dev_clock/vendor/laravel/framework/src/Illuminate/Foundation/Http/Kernel.php(213): Illuminate/Foundation/Http/Kernel->terminateMiddleware(Object(Illuminate/Http/Request), Object(Illuminate/Http/Response))
#6 C:/Users/Asus/Documents/dev_clock/public/index.php(22): Illuminate/Foundation/Http/Kernel->terminate(Object(Illuminate/Http/Request), Object(Illuminate/Http/Response))
#7 C:/Users/Asus/Documents/dev_clock/vendor/laravel/framework/src/Illuminate/Foundation/resources/server.php(16): require_once('C://Users//Asus//D...')
#8 {main}

[previous exception] [object] (ReflectionException(code: -1): Class \"auth.check\" does not exist at C:/Users/Asus/Documents/dev_clock/vendor/laravel/framework/src/Illuminate/Container/Container.php:912)
[stacktrace]
#0 C:/Users/Asus/Documents/dev_clock/vendor/laravel/framework/src/Illuminate/Container/Container.php(912): ReflectionClass->__construct('auth.check')
#1 C:/Users/Asus/Documents/dev_clock/vendor/laravel/framework/src/Illuminate/Container/Container.php(795): Illuminate/Container/Container->build('auth.check')
#2 C:/Users/Asus/Documents/dev_clock/vendor/laravel/framework/src/Illuminate/Foundation/Application.php(986): Illuminate/Container/Container->resolve('auth.check', Array, true)
#3 C:/Users/Asus/Documents/dev_clock/vendor/laravel/framework/src/Illuminate/Container/Container.php(731): Illuminate/Foundation/Application->resolve('auth.check', Array)
#4 C:/Users/Asus/Documents/dev_clock/vendor/laravel/framework/src/Illuminate/Foundation/Application.php(971): Illuminate/Container/Container->make('auth.check', Array)
#5 C:/Users/Asus/Documents/dev_clock/vendor/laravel/framework/src/Illuminate/Foundation/Http/Kernel.php(255): Illuminate/Foundation/Application->make('auth.check')
#6 C:/Users/Asus/Documents/dev_clock/vendor/laravel/framework/src/Illuminate/Foundation/Http/Kernel.php(213): Illuminate/Foundation/Http/Kernel->terminateMiddleware(Object(Illuminate/Http/Request), Object(Illuminate/Http/Response))
#7 C:/Users/Asus/Documents/dev_clock/public/index.php(22): Illuminate/Foundation/Http/Kernel->terminate(Object(Illuminate/Http/Request), Object(Illuminate/Http/Response))
#8 C:/Users/Asus/Documents/dev_clock/vendor/laravel/framework/src/Illuminate/Foundation/resources/server.php(16): require_once('C://Users//Asus//D...')
#9 {main}
"} 
[2026-07-11 21:21:26] local.ERROR: Target class [auth.check] does not exist. {"exception":"[object] (Illuminate\\Contracts\\Container\\BindingResolutionException(code: 0): Target class [auth.check] does not exist. at C:/Users/Asus/Documents/dev_clock/vendor/laravel/framework/src/Illuminate/Container/Container.php:914)
[stacktrace]
#0 C:/Users/Asus/Documents/dev_clock/vendor/laravel/framework/src/Illuminate/Container/Container.php(795): Illuminate/Container/Container->build('auth.check')
#1 C:/Users/Asus/Documents/dev_clock/vendor/laravel/framework/src/Illuminate/Foundation/Application.php(986): Illuminate/Container/Container->resolve('auth.check', Array, true)
#2 C:/Users/Asus/Documents/dev_clock/vendor/laravel/framework/src/Illuminate/Container/Container.php(731): Illuminate/Foundation/Application->resolve('auth.check', Array)
#3 C:/Users/Asus/Documents/dev_clock/vendor/laravel/framework/src/Illuminate/Foundation/Application.php(971): Illuminate/Container/Container->make('auth.check', Array)
#4 C:/Users/Asus/Documents/dev_clock/vendor/laravel/framework/src/Illuminate/Pipeline/Pipeline.php(172): Illuminate/Foundation/Application->make('auth.check')
#5 C:/Users/Asus/Documents/dev_clock/vendor/laravel/framework/src/Illuminate/Routing/Middleware/SubstituteBindings.php(50): Illuminate/Pipeline/Pipeline->Illuminate/Pipeline/{closure}(Object(Illuminate/Http/Request))
#6 C:/Users/Asus/Documents/dev_clock/vendor/laravel/framework/src/Illuminate/Pipeline/Pipeline.php(183): Illuminate/Routing/Middleware/SubstituteBindings->handle(Object(Illuminate/Http/Request), Object(Closure))
#7 C:/Users/Asus/Documents/dev_clock/vendor/laravel/framework/src/Illuminate/Foundation/Http/Middleware/VerifyCsrfToken.php(78): Illuminate/Pipeline/Pipeline->Illuminate/Pipeline/{closure}(Object(Illuminate/Http/Request))
#8 C:/Users/Asus/Documents/dev_clock/vendor/laravel/framework/src/Illuminate/Pipeline/Pipeline.php(183): Illuminate/Foundation/Http/Middleware/VerifyCsrfToken->handle(Object(Illuminate/Http/Request), Object(Closure))
#9 C:/Users/Asus/Documents/dev_clock/vendor/laravel/framework/src/Illuminate/View/Middleware/ShareErrorsFromSession.php(49): Illuminate/Pipeline/Pipeline->Illuminate/Pipeline/{closure}(Object(Illuminate/Http/Request))
#10 C:/Users/Asus/Documents/dev_clock/vendor/laravel/framework/src/Illuminate/Pipeline/Pipeline.php(183): Illuminate/View/Middleware/ShareErrorsFromSession->handle(Object(Illuminate/Http/Request), Object(Closure))
#11 C:/Users/Asus/Documents/dev_clock/vendor/laravel/framework/src/Illuminate/Session/Middleware/StartSession.php(121): Illuminate/Pipeline/Pipeline->Illuminate/Pipeline/{closure}(Object(Illuminate/Http/Request))
#12 C:/Users/Asus/Documents/dev_clock/vendor/laravel/framework/src/Illuminate/Session/Middleware/StartSession.php(64): Illuminate/Session/Middleware/StartSession->handleStatefulRequest(Object(Illuminate/Http/Request), Object(Illuminate/Session/Store), Object(Closure))
#13 C:/Users/Asus/Documents/dev_clock/vendor/laravel/framework/src/Illuminate/Pipeline/Pipeline.php(183): Illuminate/Session/Middleware/StartSession->handle(Object(Illuminate/Http/Request), Object(Closure))
#14 C:/Users/Asus/Documents/dev_clock/vendor/laravel/framework/src/Illuminate/Cookie/Middleware/AddQueuedCookiesToResponse.php(37): Illuminate/Pipeline/Pipeline->Illuminate/Pipeline/{closure}(Object(Illuminate/Http/Request))
#15 C:/Users/Asus/Documents/dev_clock/vendor/laravel/framework/src/Illuminate/Pipeline/Pipeline.php(183): Illuminate/Cookie/Middleware/AddQueuedCookiesToResponse->handle(Object(Illuminate/Http/Request), Object(Closure))
#16 C:/Users/Asus/Documents/dev_clock/vendor/laravel/framework/src/Illuminate/Cookie/Middleware/EncryptCookies.php(67): Illuminate/Pipeline/Pipeline->Illuminate/Pipeline/{closure}(Object(Illuminate/Http/Request))
#17 C:/Users/Asus/Documents/dev_clock/vendor/laravel/framework/src/Illuminate/Pipeline/Pipeline.php(183): Illuminate/Cookie/Middleware/EncryptCookies->handle(Object(Illuminate/Http/Request), Object(Closure))
#18 C:/Users/Asus/Documents/dev_clock/vendor/laravel/framework/src/Illuminate/Pipeline/Pipeline.php(119): Illuminate/Pipeline/Pipeline->Illuminate/Pipeline/{closure}(Object(Illuminate/Http/Request))
#19 C:/Users/Asus/Documents/dev_clock/vendor/laravel/framework/src/Illuminate/Routing/Router.php(805): Illuminate/Pipeline/Pipeline->then(Object(Closure))
#20 C:/Users/Asus/Documents/dev_clock/vendor/laravel/framework/src/Illuminate/Routing/Router.php(784): Illuminate/Routing/Router->runRouteWithinStack(Object(Illuminate/Routing/Route), Object(Illuminate/Http/Request))
#21 C:/Users/Asus/Documents/dev_clock/vendor/laravel/framework/src/Illuminate/Routing/Router.php(748): Illuminate/Routing/Router->runRoute(Object(Illuminate/Http/Request), Object(Illuminate/Routing/Route))
#22 C:/Users/Asus/Documents/dev_clock/vendor/laravel/framework/src/Illuminate/Routing/Router.php(737): Illuminate/Routing/Router->dispatchToRoute(Object(Illuminate/Http/Request))
#23 C:/Users/Asus/Documents/dev_clock/vendor/laravel/framework/src/Illuminate/Foundation/Http/Kernel.php(200): Illuminate/Routing/Router->dispatch(Object(Illuminate/Http/Request))
#24 C:/Users/Asus/Documents/dev_clock/vendor/laravel/framework/src/Illuminate/Pipeline/Pipeline.php(144): Illuminate/Foundation/Http/Kernel->Illuminate/Foundation/Http/{closure}(Object(Illuminate/Http/Request))
#25 C:/Users/Asus/Documents/dev_clock/vendor/laravel/framework/src/Illuminate/Foundation/Http/Middleware/TransformsRequest.php(21): Illuminate/Pipeline/Pipeline->Illuminate/Pipeline/{closure}(Object(Illuminate/Http/Request))
#26 C:/Users/Asus/Documents/dev_clock/vendor/laravel/framework/src/Illuminate/Foundation/Http/Middleware/ConvertEmptyStringsToNull.php(31): Illuminate/Foundation/Http/Middleware/TransformsRequest->handle(Object(Illuminate/Http/Request), Object(Closure))
#27 C:/Users/Asus/Documents/dev_clock/vendor/laravel/framework/src/Illuminate/Pipeline/Pipeline.php(183): Illuminate/Foundation/Http/Middleware/ConvertEmptyStringsToNull->handle(Object(Illuminate/Http/Request), Object(Closure))
#28 C:/Users/Asus/Documents/dev_clock/vendor/laravel/framework/src/Illuminate/Foundation/Http/Middleware/TransformsRequest.php(21): Illuminate/Pipeline/Pipeline->Illuminate/Pipeline/{closure}(Object(Illuminate/Http/Request))
#29 C:/Users/Asus/Documents/dev_clock/vendor/laravel/framework/src/Illuminate/Foundation/Http/Middleware/TrimStrings.php(40): Illuminate/Foundation/Http/Middleware/TransformsRequest->handle(Object(Illuminate/Http/Request), Object(Closure))
#30 C:/Users/Asus/Documents/dev_clock/vendor/laravel/framework/src/Illuminate/Pipeline/Pipeline.php(183): Illuminate/Foundation/Http/Middleware/TrimStrings->handle(Object(Illuminate/Http/Request), Object(Closure))
#31 C:/Users/Asus/Documents/dev_clock/vendor/laravel/framework/src/Illuminate/Foundation/Http/Middleware/ValidatePostSize.php(27): Illuminate/Pipeline/Pipeline->Illuminate/Pipeline/{closure}(Object(Illuminate/Http/Request))
#32 C:/Users/Asus/Documents/dev_clock/vendor/laravel/framework/src/Illuminate/Pipeline/Pipeline.php(183): Illuminate/Foundation/Http/Middleware/ValidatePostSize->handle(Object(Illuminate/Http/Request), Object(Closure))
#33 C:/Users/Asus/Documents/dev_clock/vendor/laravel/framework/src/Illuminate/Foundation/Http/Middleware/PreventRequestsDuringMaintenance.php(99): Illuminate/Pipeline/Pipeline->Illuminate/Pipeline/{closure}(Object(Illuminate/Http/Request))
#34 C:/Users/Asus/Documents/dev_clock/vendor/laravel/framework/src/Illuminate/Pipeline/Pipeline.php(183): Illuminate/Foundation/Http/Middleware/PreventRequestsDuringMaintenance->handle(Object(Illuminate/Http/Request), Object(Closure))
#35 C:/Users/Asus/Documents/dev_clock/vendor/laravel/framework/src/Illuminate/Pipeline/Pipeline.php(119): Illuminate/Pipeline/Pipeline->Illuminate/Pipeline/{closure}(Object(Illuminate/Http/Request))
#36 C:/Users/Asus/Documents/dev_clock/vendor/laravel/framework/src/Illuminate/Foundation/Http/Kernel.php(175): Illuminate/Pipeline/Pipeline->then(Object(Closure))
#37 C:/Users/Asus/Documents/dev_clock/vendor/laravel/framework/src/Illuminate/Foundation/Http/Kernel.php(144): Illuminate/Foundation/Http/Kernel->sendRequestThroughRouter(Object(Illuminate/Http/Request))
#38 C:/Users/Asus/Documents/dev_clock/public/index.php(18): Illuminate/Foundation/Http/Kernel->handle(Object(Illuminate/Http/Request))
#39 C:/Users/Asus/Documents/dev_clock/vendor/laravel/framework/src/Illuminate/Foundation/resources/server.php(16): require_once('C://Users//Asus//D...')
#40 {main}

[previous exception] [object] (ReflectionException(code: -1): Class \"auth.check\" does not exist at C:/Users/Asus/Documents/dev_clock/vendor/laravel/framework/src/Illuminate/Container/Container.php:912)
[stacktrace]
#0 C:/Users/Asus/Documents/dev_clock/vendor/laravel/framework/src/Illuminate/Container/Container.php(912): ReflectionClass->__construct('auth.check')
#1 C:/Users/Asus/Documents/dev_clock/vendor/laravel/framework/src/Illuminate/Container/Container.php(795): Illuminate/Container/Container->build('auth.check')
#2 C:/Users/Asus/Documents/dev_clock/vendor/laravel/framework/src/Illuminate/Foundation/Application.php(986): Illuminate/Container/Container->resolve('auth.check', Array, true)
#3 C:/Users/Asus/Documents/dev_clock/vendor/laravel/framework/src/Illuminate/Container/Container.php(731): Illuminate/Foundation/Application->resolve('auth.check', Array)
#4 C:/Users/Asus/Documents/dev_clock/vendor/laravel/framework/src/Illuminate/Foundation/Application.php(971): Illuminate/Container/Container->make('auth.check', Array)
#5 C:/Users/Asus/Documents/dev_clock/vendor/laravel/framework/src/Illuminate/Pipeline/Pipeline.php(172): Illuminate/Foundation/Application->make('auth.check')
#6 C:/Users/Asus/Documents/dev_clock/vendor/laravel/framework/src/Illuminate/Routing/Middleware/SubstituteBindings.php(50): Illuminate/Pipeline/Pipeline->Illuminate/Pipeline/{closure}(Object(Illuminate/Http/Request))
#7 C:/Users/Asus/Documents/dev_clock/vendor/laravel/framework/src/Illuminate/Pipeline/Pipeline.php(183): Illuminate/Routing/Middleware/SubstituteBindings->handle(Object(Illuminate/Http/Request), Object(Closure))
#8 C:/Users/Asus/Documents/dev_clock/vendor/laravel/framework/src/Illuminate/Foundation/Http/Middleware/VerifyCsrfToken.php(78): Illuminate/Pipeline/Pipeline->Illuminate/Pipeline/{closure}(Object(Illuminate/Http/Request))
#9 C:/Users/Asus/Documents/dev_clock/vendor/laravel/framework/src/Illuminate/Pipeline/Pipeline.php(183): Illuminate/Foundation/Http/Middleware/VerifyCsrfToken->handle(Object(Illuminate/Http/Request), Object(Closure))
#10 C:/Users/Asus/Documents/dev_clock/vendor/laravel/framework/src/Illuminate/View/Middleware/ShareErrorsFromSession.php(49): Illuminate/Pipeline/Pipeline->Illuminate/Pipeline/{closure}(Object(Illuminate/Http/Request))
#11 C:/Users/Asus/Documents/dev_clock/vendor/laravel/framework/src/Illuminate/Pipeline/Pipeline.php(183): Illuminate/View/Middleware/ShareErrorsFromSession->handle(Object(Illuminate/Http/Request), Object(Closure))
#12 C:/Users/Asus/Documents/dev_clock/vendor/laravel/framework/src/Illuminate/Session/Middleware/StartSession.php(121): Illuminate/Pipeline/Pipeline->Illuminate/Pipeline/{closure}(Object(Illuminate/Http/Request))
#13 C:/Users/Asus/Documents/dev_clock/vendor/laravel/framework/src/Illuminate/Session/Middleware/StartSession.php(64): Illuminate/Session/Middleware/StartSession->handleStatefulRequest(Object(Illuminate/Http/Request), Object(Illuminate/Session/Store), Object(Closure))
#14 C:/Users/Asus/Documents/dev_clock/vendor/laravel/framework/src/Illuminate/Pipeline/Pipeline.php(183): Illuminate/Session/Middleware/StartSession->handle(Object(Illuminate/Http/Request), Object(Closure))
#15 C:/Users/Asus/Documents/dev_clock/vendor/laravel/framework/src/Illuminate/Cookie/Middleware/AddQueuedCookiesToResponse.php(37): Illuminate/Pipeline/Pipeline->Illuminate/Pipeline/{closure}(Object(Illuminate/Http/Request))
#16 C:/Users/Asus/Documents/dev_clock/vendor/laravel/framework/src/Illuminate/Pipeline/Pipeline.php(183): Illuminate/Cookie/Middleware/AddQueuedCookiesToResponse->handle(Object(Illuminate/Http/Request), Object(Closure))
#17 C:/Users/Asus/Documents/dev_clock/vendor/laravel/framework/src/Illuminate/Cookie/Middleware/EncryptCookies.php(67): Illuminate/Pipeline/Pipeline->Illuminate/Pipeline/{closure}(Object(Illuminate/Http/Request))
#18 C:/Users/Asus/Documents/dev_clock/vendor/laravel/framework/src/Illuminate/Pipeline/Pipeline.php(183): Illuminate/Cookie/Middleware/EncryptCookies->handle(Object(Illuminate/Http/Request), Object(Closure))
#19 C:/Users/Asus/Documents/dev_clock/vendor/laravel/framework/src/Illuminate/Pipeline/Pipeline.php(119): Illuminate/Pipeline/Pipeline->Illuminate/Pipeline/{closure}(Object(Illuminate/Http/Request))
#20 C:/Users/Asus/Documents/dev_clock/vendor/laravel/framework/src/Illuminate/Routing/Router.php(805): Illuminate/Pipeline/Pipeline->then(Object(Closure))
#21 C:/Users/Asus/Documents/dev_clock/vendor/laravel/framework/src/Illuminate/Routing/Router.php(784): Illuminate/Routing/Router->runRouteWithinStack(Object(Illuminate/Routing/Route), Object(Illuminate/Http/Request))
#22 C:/Users/Asus/Documents/dev_clock/vendor/laravel/framework/src/Illuminate/Routing/Router.php(748): Illuminate/Routing/Router->runRoute(Object(Illuminate/Http/Request), Object(Illuminate/Routing/Route))
#23 C:/Users/Asus/Documents/dev_clock/vendor/laravel/framework/src/Illuminate/Routing/Router.php(737): Illuminate/Routing/Router->dispatchToRoute(Object(Illuminate/Http/Request))
#24 C:/Users/Asus/Documents/dev_clock/vendor/laravel/framework/src/Illuminate/Foundation/Http/Kernel.php(200): Illuminate/Routing/Router->dispatch(Object(Illuminate/Http/Request))
#25 C:/Users/Asus/Documents/dev_clock/vendor/laravel/framework/src/Illuminate/Pipeline/Pipeline.php(144): Illuminate/Foundation/Http/Kernel->Illuminate/Foundation/Http/{closure}(Object(Illuminate/Http/Request))
#26 C:/Users/Asus/Documents/dev_clock/vendor/laravel/framework/src/Illuminate/Foundation/Http/Middleware/TransformsRequest.php(21): Illuminate/Pipeline/Pipeline->Illuminate/Pipeline/{closure}(Object(Illuminate/Http/Request))
#27 C:/Users/Asus/Documents/dev_clock/vendor/laravel/framework/src/Illuminate/Foundation/Http/Middleware/ConvertEmptyStringsToNull.php(31): Illuminate/Foundation/Http/Middleware/TransformsRequest->handle(Object(Illuminate/Http/Request), Object(Closure))
#28 C:/Users/Asus/Documents/dev_clock/vendor/laravel/framework/src/Illuminate/Pipeline/Pipeline.php(183): Illuminate/Foundation/Http/Middleware/ConvertEmptyStringsToNull->handle(Object(Illuminate/Http/Request), Object(Closure))
#29 C:/Users/Asus/Documents/dev_clock/vendor/laravel/framework/src/Illuminate/Foundation/Http/Middleware/TransformsRequest.php(21): Illuminate/Pipeline/Pipeline->Illuminate/Pipeline/{closure}(Object(Illuminate/Http/Request))
#30 C:/Users/Asus/Documents/dev_clock/vendor/laravel/framework/src/Illuminate/Foundation/Http/Middleware/TrimStrings.php(40): Illuminate/Foundation/Http/Middleware/TransformsRequest->handle(Object(Illuminate/Http/Request), Object(Closure))
#31 C:/Users/Asus/Documents/dev_clock/vendor/laravel/framework/src/Illuminate/Pipeline/Pipeline.php(183): Illuminate/Foundation/Http/Middleware/TrimStrings->handle(Object(Illuminate/Http/Request), Object(Closure))
#32 C:/Users/Asus/Documents/dev_clock/vendor/laravel/framework/src/Illuminate/Foundation/Http/Middleware/ValidatePostSize.php(27): Illuminate/Pipeline/Pipeline->Illuminate/Pipeline/{closure}(Object(Illuminate/Http/Request))
#33 C:/Users/Asus/Documents/dev_clock/vendor/laravel/framework/src/Illuminate/Pipeline/Pipeline.php(183): Illuminate/Foundation/Http/Middleware/ValidatePostSize->handle(Object(Illuminate/Http/Request), Object(Closure))
#34 C:/Users/Asus/Documents/dev_clock/vendor/laravel/framework/src/Illuminate/Foundation/Http/Middleware/PreventRequestsDuringMaintenance.php(99): Illuminate/Pipeline/Pipeline->Illuminate/Pipeline/{closure}(Object(Illuminate/Http/Request))
#35 C:/Users/Asus/Documents/dev_clock/vendor/laravel/framework/src/Illuminate/Pipeline/Pipeline.php(183): Illuminate/Foundation/Http/Middleware/PreventRequestsDuringMaintenance->handle(Object(Illuminate/Http/Request), Object(Closure))
#36 C:/Users/Asus/Documents/dev_clock/vendor/laravel/framework/src/Illuminate/Pipeline/Pipeline.php(119): Illuminate/Pipeline/Pipeline->Illuminate/Pipeline/{closure}(Object(Illuminate/Http/Request))
#37 C:/Users/Asus/Documents/dev_clock/vendor/laravel/framework/src/Illuminate/Foundation/Http/Kernel.php(175): Illuminate/Pipeline/Pipeline->then(Object(Closure))
#38 C:/Users/Asus/Documents/dev_clock/vendor/laravel/framework/src/Illuminate/Foundation/Http/Kernel.php(144): Illuminate/Foundation/Http/Kernel->sendRequestThroughRouter(Object(Illuminate/Http/Request))
#39 C:/Users/Asus/Documents/dev_clock/public/index.php(18): Illuminate/Foundation/Http/Kernel->handle(Object(Illuminate/Http/Request))
#40 C:/Users/Asus/Documents/dev_clock/vendor/laravel/framework/src/Illuminate/Foundation/resources/server.php(16): require_once('C://Users//Asus//D...')
#41 {main}
"} 
[2026-07-11 21:21:26] local.ERROR: Target class [auth.check] does not exist. {"exception":"[object] (Illuminate\\Contracts\\Container\\BindingResolutionException(code: 0): Target class [auth.check] does not exist. at C:/Users/Asus/Documents/dev_clock/vendor/laravel/framework/src/Illuminate/Container/Container.php:914)
[stacktrace]
#0 C:/Users/Asus/Documents/dev_clock/vendor/laravel/framework/src/Illuminate/Container/Container.php(795): Illuminate/Container/Container->build('auth.check')
#1 C:/Users/Asus/Documents/dev_clock/vendor/laravel/framework/src/Illuminate/Foundation/Application.php(986): Illuminate/Container/Container->resolve('auth.check', Array, true)
#2 C:/Users/Asus/Documents/dev_clock/vendor/laravel/framework/src/Illuminate/Container/Container.php(731): Illuminate/Foundation/Application->resolve('auth.check', Array)
#3 C:/Users/Asus/Documents/dev_clock/vendor/laravel/framework/src/Illuminate/Foundation/Application.php(971): Illuminate/Container/Container->make('auth.check', Array)
#4 C:/Users/Asus/Documents/dev_clock/vendor/laravel/framework/src/Illuminate/Foundation/Http/Kernel.php(255): Illuminate/Foundation/Application->make('auth.check')
#5 C:/Users/Asus/Documents/dev_clock/vendor/laravel/framework/src/Illuminate/Foundation/Http/Kernel.php(213): Illuminate/Foundation/Http/Kernel->terminateMiddleware(Object(Illuminate/Http/Request), Object(Illuminate/Http/Response))
#6 C:/Users/Asus/Documents/dev_clock/public/index.php(22): Illuminate/Foundation/Http/Kernel->terminate(Object(Illuminate/Http/Request), Object(Illuminate/Http/Response))
#7 C:/Users/Asus/Documents/dev_clock/vendor/laravel/framework/src/Illuminate/Foundation/resources/server.php(16): require_once('C://Users//Asus//D...')
#8 {main}

[previous exception] [object] (ReflectionException(code: -1): Class \"auth.check\" does not exist at C:/Users/Asus/Documents/dev_clock/vendor/laravel/framework/src/Illuminate/Container/Container.php:912)
[stacktrace]
#0 C:/Users/Asus/Documents/dev_clock/vendor/laravel/framework/src/Illuminate/Container/Container.php(912): ReflectionClass->__construct('auth.check')
#1 C:/Users/Asus/Documents/dev_clock/vendor/laravel/framework/src/Illuminate/Container/Container.php(795): Illuminate/Container/Container->build('auth.check')
#2 C:/Users/Asus/Documents/dev_clock/vendor/laravel/framework/src/Illuminate/Foundation/Application.php(986): Illuminate/Container/Container->resolve('auth.check', Array, true)
#3 C:/Users/Asus/Documents/dev_clock/vendor/laravel/framework/src/Illuminate/Container/Container.php(731): Illuminate/Foundation/Application->resolve('auth.check', Array)
#4 C:/Users/Asus/Documents/dev_clock/vendor/laravel/framework/src/Illuminate/Foundation/Application.php(971): Illuminate/Container/Container->make('auth.check', Array)
#5 C:/Users/Asus/Documents/dev_clock/vendor/laravel/framework/src/Illuminate/Foundation/Http/Kernel.php(255): Illuminate/Foundation/Application->make('auth.check')
#6 C:/Users/Asus/Documents/dev_clock/vendor/laravel/framework/src/Illuminate/Foundation/Http/Kernel.php(213): Illuminate/Foundation/Http/Kernel->terminateMiddleware(Object(Illuminate/Http/Request), Object(Illuminate/Http/Response))
#7 C:/Users/Asus/Documents/dev_clock/public/index.php(22): Illuminate/Foundation/Http/Kernel->terminate(Object(Illuminate/Http/Request), Object(Illuminate/Http/Response))
#8 C:/Users/Asus/Documents/dev_clock/vendor/laravel/framework/src/Illuminate/Foundation/resources/server.php(16): require_once('C://Users//Asus//D...')
#9 {main}
"} 
[2026-07-11 21:21:50] local.ERROR: Target class [auth.check] does not exist. {"exception":"[object] (Illuminate\\Contracts\\Container\\BindingResolutionException(code: 0): Target class [auth.check] does not exist. at C:/Users/Asus/Documents/dev_clock/vendor/laravel/framework/src/Illuminate/Container/Container.php:914)
[stacktrace]
#0 C:/Users/Asus/Documents/dev_clock/vendor/laravel/framework/src/Illuminate/Container/Container.php(795): Illuminate/Container/Container->build('auth.check')
#1 C:/Users/Asus/Documents/dev_clock/vendor/laravel/framework/src/Illuminate/Foundation/Application.php(986): Illuminate/Container/Container->resolve('auth.check', Array, true)
#2 C:/Users/Asus/Documents/dev_clock/vendor/laravel/framework/src/Illuminate/Container/Container.php(731): Illuminate/Foundation/Application->resolve('auth.check', Array)
#3 C:/Users/Asus/Documents/dev_clock/vendor/laravel/framework/src/Illuminate/Foundation/Application.php(971): Illuminate/Container/Container->make('auth.check', Array)
#4 C:/Users/Asus/Documents/dev_clock/vendor/laravel/framework/src/Illuminate/Pipeline/Pipeline.php(172): Illuminate/Foundation/Application->make('auth.check')
#5 C:/Users/Asus/Documents/dev_clock/vendor/laravel/framework/src/Illuminate/Routing/Middleware/SubstituteBindings.php(50): Illuminate/Pipeline/Pipeline->Illuminate/Pipeline/{closure}(Object(Illuminate/Http/Request))
#6 C:/Users/Asus/Documents/dev_clock/vendor/laravel/framework/src/Illuminate/Pipeline/Pipeline.php(183): Illuminate/Routing/Middleware/SubstituteBindings->handle(Object(Illuminate/Http/Request), Object(Closure))
#7 C:/Users/Asus/Documents/dev_clock/vendor/laravel/framework/src/Illuminate/Foundation/Http/Middleware/VerifyCsrfToken.php(78): Illuminate/Pipeline/Pipeline->Illuminate/Pipeline/{closure}(Object(Illuminate/Http/Request))
#8 C:/Users/Asus/Documents/dev_clock/vendor/laravel/framework/src/Illuminate/Pipeline/Pipeline.php(183): Illuminate/Foundation/Http/Middleware/VerifyCsrfToken->handle(Object(Illuminate/Http/Request), Object(Closure))
#9 C:/Users/Asus/Documents/dev_clock/vendor/laravel/framework/src/Illuminate/View/Middleware/ShareErrorsFromSession.php(49): Illuminate/Pipeline/Pipeline->Illuminate/Pipeline/{closure}(Object(Illuminate/Http/Request))
#10 C:/Users/Asus/Documents/dev_clock/vendor/laravel/framework/src/Illuminate/Pipeline/Pipeline.php(183): Illuminate/View/Middleware/ShareErrorsFromSession->handle(Object(Illuminate/Http/Request), Object(Closure))
#11 C:/Users/Asus/Documents/dev_clock/vendor/laravel/framework/src/Illuminate/Session/Middleware/StartSession.php(121): Illuminate/Pipeline/Pipeline->Illuminate/Pipeline/{closure}(Object(Illuminate/Http/Request))
#12 C:/Users/Asus/Documents/dev_clock/vendor/laravel/framework/src/Illuminate/Session/Middleware/StartSession.php(64): Illuminate/Session/Middleware/StartSession->handleStatefulRequest(Object(Illuminate/Http/Request), Object(Illuminate/Session/Store), Object(Closure))
#13 C:/Users/Asus/Documents/dev_clock/vendor/laravel/framework/src/Illuminate/Pipeline/Pipeline.php(183): Illuminate/Session/Middleware/StartSession->handle(Object(Illuminate/Http/Request), Object(Closure))
#14 C:/Users/Asus/Documents/dev_clock/vendor/laravel/framework/src/Illuminate/Cookie/Middleware/AddQueuedCookiesToResponse.php(37): Illuminate/Pipeline/Pipeline->Illuminate/Pipeline/{closure}(Object(Illuminate/Http/Request))
#15 C:/Users/Asus/Documents/dev_clock/vendor/laravel/framework/src/Illuminate/Pipeline/Pipeline.php(183): Illuminate/Cookie/Middleware/AddQueuedCookiesToResponse->handle(Object(Illuminate/Http/Request), Object(Closure))
#16 C:/Users/Asus/Documents/dev_clock/vendor/laravel/framework/src/Illuminate/Cookie/Middleware/EncryptCookies.php(67): Illuminate/Pipeline/Pipeline->Illuminate/Pipeline/{closure}(Object(Illuminate/Http/Request))
#17 C:/Users/Asus/Documents/dev_clock/vendor/laravel/framework/src/Illuminate/Pipeline/Pipeline.php(183): Illuminate/Cookie/Middleware/EncryptCookies->handle(Object(Illuminate/Http/Request), Object(Closure))
#18 C:/Users/Asus/Documents/dev_clock/vendor/laravel/framework/src/Illuminate/Pipeline/Pipeline.php(119): Illuminate/Pipeline/Pipeline->Illuminate/Pipeline/{closure}(Object(Illuminate/Http/Request))
#19 C:/Users/Asus/Documents/dev_clock/vendor/laravel/framework/src/Illuminate/Routing/Router.php(805): Illuminate/Pipeline/Pipeline->then(Object(Closure))
#20 C:/Users/Asus/Documents/dev_clock/vendor/laravel/framework/src/Illuminate/Routing/Router.php(784): Illuminate/Routing/Router->runRouteWithinStack(Object(Illuminate/Routing/Route), Object(Illuminate/Http/Request))
#21 C:/Users/Asus/Documents/dev_clock/vendor/laravel/framework/src/Illuminate/Routing/Router.php(748): Illuminate/Routing/Router->runRoute(Object(Illuminate/Http/Request), Object(Illuminate/Routing/Route))
#22 C:/Users/Asus/Documents/dev_clock/vendor/laravel/framework/src/Illuminate/Routing/Router.php(737): Illuminate/Routing/Router->dispatchToRoute(Object(Illuminate/Http/Request))
#23 C:/Users/Asus/Documents/dev_clock/vendor/laravel/framework/src/Illuminate/Foundation/Http/Kernel.php(200): Illuminate/Routing/Router->dispatch(Object(Illuminate/Http/Request))
#24 C:/Users/Asus/Documents/dev_clock/vendor/laravel/framework/src/Illuminate/Pipeline/Pipeline.php(144): Illuminate/Foundation/Http/Kernel->Illuminate/Foundation/Http/{closure}(Object(Illuminate/Http/Request))
#25 C:/Users/Asus/Documents/dev_clock/vendor/laravel/framework/src/Illuminate/Foundation/Http/Middleware/TransformsRequest.php(21): Illuminate/Pipeline/Pipeline->Illuminate/Pipeline/{closure}(Object(Illuminate/Http/Request))
#26 C:/Users/Asus/Documents/dev_clock/vendor/laravel/framework/src/Illuminate/Foundation/Http/Middleware/ConvertEmptyStringsToNull.php(31): Illuminate/Foundation/Http/Middleware/TransformsRequest->handle(Object(Illuminate/Http/Request), Object(Closure))
#27 C:/Users/Asus/Documents/dev_clock/vendor/laravel/framework/src/Illuminate/Pipeline/Pipeline.php(183): Illuminate/Foundation/Http/Middleware/ConvertEmptyStringsToNull->handle(Object(Illuminate/Http/Request), Object(Closure))
#28 C:/Users/Asus/Documents/dev_clock/vendor/laravel/framework/src/Illuminate/Foundation/Http/Middleware/TransformsRequest.php(21): Illuminate/Pipeline/Pipeline->Illuminate/Pipeline/{closure}(Object(Illuminate/Http/Request))
#29 C:/Users/Asus/Documents/dev_clock/vendor/laravel/framework/src/Illuminate/Foundation/Http/Middleware/TrimStrings.php(40): Illuminate/Foundation/Http/Middleware/TransformsRequest->handle(Object(Illuminate/Http/Request), Object(Closure))
#30 C:/Users/Asus/Documents/dev_clock/vendor/laravel/framework/src/Illuminate/Pipeline/Pipeline.php(183): Illuminate/Foundation/Http/Middleware/TrimStrings->handle(Object(Illuminate/Http/Request), Object(Closure))
#31 C:/Users/Asus/Documents/dev_clock/vendor/laravel/framework/src/Illuminate/Foundation/Http/Middleware/ValidatePostSize.php(27): Illuminate/Pipeline/Pipeline->Illuminate/Pipeline/{closure}(Object(Illuminate/Http/Request))
#32 C:/Users/Asus/Documents/dev_clock/vendor/laravel/framework/src/Illuminate/Pipeline/Pipeline.php(183): Illuminate/Foundation/Http/Middleware/ValidatePostSize->handle(Object(Illuminate/Http/Request), Object(Closure))
#33 C:/Users/Asus/Documents/dev_clock/vendor/laravel/framework/src/Illuminate/Foundation/Http/Middleware/PreventRequestsDuringMaintenance.php(99): Illuminate/Pipeline/Pipeline->Illuminate/Pipeline/{closure}(Object(Illuminate/Http/Request))
#34 C:/Users/Asus/Documents/dev_clock/vendor/laravel/framework/src/Illuminate/Pipeline/Pipeline.php(183): Illuminate/Foundation/Http/Middleware/PreventRequestsDuringMaintenance->handle(Object(Illuminate/Http/Request), Object(Closure))
#35 C:/Users/Asus/Documents/dev_clock/vendor/laravel/framework/src/Illuminate/Pipeline/Pipeline.php(119): Illuminate/Pipeline/Pipeline->Illuminate/Pipeline/{closure}(Object(Illuminate/Http/Request))
#36 C:/Users/Asus/Documents/dev_clock/vendor/laravel/framework/src/Illuminate/Foundation/Http/Kernel.php(175): Illuminate/Pipeline/Pipeline->then(Object(Closure))
#37 C:/Users/Asus/Documents/dev_clock/vendor/laravel/framework/src/Illuminate/Foundation/Http/Kernel.php(144): Illuminate/Foundation/Http/Kernel->sendRequestThroughRouter(Object(Illuminate/Http/Request))
#38 C:/Users/Asus/Documents/dev_clock/public/index.php(18): Illuminate/Foundation/Http/Kernel->handle(Object(Illuminate/Http/Request))
#39 C:/Users/Asus/Documents/dev_clock/vendor/laravel/framework/src/Illuminate/Foundation/resources/server.php(16): require_once('C://Users//Asus//D...')
#40 {main}

[previous exception] [object] (ReflectionException(code: -1): Class \"auth.check\" does not exist at C:/Users/Asus/Documents/dev_clock/vendor/laravel/framework/src/Illuminate/Container/Container.php:912)
[stacktrace]
#0 C:/Users/Asus/Documents/dev_clock/vendor/laravel/framework/src/Illuminate/Container/Container.php(912): ReflectionClass->__construct('auth.check')
#1 C:/Users/Asus/Documents/dev_clock/vendor/laravel/framework/src/Illuminate/Container/Container.php(795): Illuminate/Container/Container->build('auth.check')
#2 C:/Users/Asus/Documents/dev_clock/vendor/laravel/framework/src/Illuminate/Foundation/Application.php(986): Illuminate/Container/Container->resolve('auth.check', Array, true)
#3 C:/Users/Asus/Documents/dev_clock/vendor/laravel/framework/src/Illuminate/Container/Container.php(731): Illuminate/Foundation/Application->resolve('auth.check', Array)
#4 C:/Users/Asus/Documents/dev_clock/vendor/laravel/framework/src/Illuminate/Foundation/Application.php(971): Illuminate/Container/Container->make('auth.check', Array)
#5 C:/Users/Asus/Documents/dev_clock/vendor/laravel/framework/src/Illuminate/Pipeline/Pipeline.php(172): Illuminate/Foundation/Application->make('auth.check')
#6 C:/Users/Asus/Documents/dev_clock/vendor/laravel/framework/src/Illuminate/Routing/Middleware/SubstituteBindings.php(50): Illuminate/Pipeline/Pipeline->Illuminate/Pipeline/{closure}(Object(Illuminate/Http/Request))
#7 C:/Users/Asus/Documents/dev_clock/vendor/laravel/framework/src/Illuminate/Pipeline/Pipeline.php(183): Illuminate/Routing/Middleware/SubstituteBindings->handle(Object(Illuminate/Http/Request), Object(Closure))
#8 C:/Users/Asus/Documents/dev_clock/vendor/laravel/framework/src/Illuminate/Foundation/Http/Middleware/VerifyCsrfToken.php(78): Illuminate/Pipeline/Pipeline->Illuminate/Pipeline/{closure}(Object(Illuminate/Http/Request))
#9 C:/Users/Asus/Documents/dev_clock/vendor/laravel/framework/src/Illuminate/Pipeline/Pipeline.php(183): Illuminate/Foundation/Http/Middleware/VerifyCsrfToken->handle(Object(Illuminate/Http/Request), Object(Closure))
#10 C:/Users/Asus/Documents/dev_clock/vendor/laravel/framework/src/Illuminate/View/Middleware/ShareErrorsFromSession.php(49): Illuminate/Pipeline/Pipeline->Illuminate/Pipeline/{closure}(Object(Illuminate/Http/Request))
#11 C:/Users/Asus/Documents/dev_clock/vendor/laravel/framework/src/Illuminate/Pipeline/Pipeline.php(183): Illuminate/View/Middleware/ShareErrorsFromSession->handle(Object(Illuminate/Http/Request), Object(Closure))
#12 C:/Users/Asus/Documents/dev_clock/vendor/laravel/framework/src/Illuminate/Session/Middleware/StartSession.php(121): Illuminate/Pipeline/Pipeline->Illuminate/Pipeline/{closure}(Object(Illuminate/Http/Request))
#13 C:/Users/Asus/Documents/dev_clock/vendor/laravel/framework/src/Illuminate/Session/Middleware/StartSession.php(64): Illuminate/Session/Middleware/StartSession->handleStatefulRequest(Object(Illuminate/Http/Request), Object(Illuminate/Session/Store), Object(Closure))
#14 C:/Users/Asus/Documents/dev_clock/vendor/laravel/framework/src/Illuminate/Pipeline/Pipeline.php(183): Illuminate/Session/Middleware/StartSession->handle(Object(Illuminate/Http/Request), Object(Closure))
#15 C:/Users/Asus/Documents/dev_clock/vendor/laravel/framework/src/Illuminate/Cookie/Middleware/AddQueuedCookiesToResponse.php(37): Illuminate/Pipeline/Pipeline->Illuminate/Pipeline/{closure}(Object(Illuminate/Http/Request))
#16 C:/Users/Asus/Documents/dev_clock/vendor/laravel/framework/src/Illuminate/Pipeline/Pipeline.php(183): Illuminate/Cookie/Middleware/AddQueuedCookiesToResponse->handle(Object(Illuminate/Http/Request), Object(Closure))
#17 C:/Users/Asus/Documents/dev_clock/vendor/laravel/framework/src/Illuminate/Cookie/Middleware/EncryptCookies.php(67): Illuminate/Pipeline/Pipeline->Illuminate/Pipeline/{closure}(Object(Illuminate/Http/Request))
#18 C:/Users/Asus/Documents/dev_clock/vendor/laravel/framework/src/Illuminate/Pipeline/Pipeline.php(183): Illuminate/Cookie/Middleware/EncryptCookies->handle(Object(Illuminate/Http/Request), Object(Closure))
#19 C:/Users/Asus/Documents/dev_clock/vendor/laravel/framework/src/Illuminate/Pipeline/Pipeline.php(119): Illuminate/Pipeline/Pipeline->Illuminate/Pipeline/{closure}(Object(Illuminate/Http/Request))
#20 C:/Users/Asus/Documents/dev_clock/vendor/laravel/framework/src/Illuminate/Routing/Router.php(805): Illuminate/Pipeline/Pipeline->then(Object(Closure))
#21 C:/Users/Asus/Documents/dev_clock/vendor/laravel/framework/src/Illuminate/Routing/Router.php(784): Illuminate/Routing/Router->runRouteWithinStack(Object(Illuminate/Routing/Route), Object(Illuminate/Http/Request))
#22 C:/Users/Asus/Documents/dev_clock/vendor/laravel/framework/src/Illuminate/Routing/Router.php(748): Illuminate/Routing/Router->runRoute(Object(Illuminate/Http/Request), Object(Illuminate/Routing/Route))
#23 C:/Users/Asus/Documents/dev_clock/vendor/laravel/framework/src/Illuminate/Routing/Router.php(737): Illuminate/Routing/Router->dispatchToRoute(Object(Illuminate/Http/Request))
#24 C:/Users/Asus/Documents/dev_clock/vendor/laravel/framework/src/Illuminate/Foundation/Http/Kernel.php(200): Illuminate/Routing/Router->dispatch(Object(Illuminate/Http/Request))
#25 C:/Users/Asus/Documents/dev_clock/vendor/laravel/framework/src/Illuminate/Pipeline/Pipeline.php(144): Illuminate/Foundation/Http/Kernel->Illuminate/Foundation/Http/{closure}(Object(Illuminate/Http/Request))
#26 C:/Users/Asus/Documents/dev_clock/vendor/laravel/framework/src/Illuminate/Foundation/Http/Middleware/TransformsRequest.php(21): Illuminate/Pipeline/Pipeline->Illuminate/Pipeline/{closure}(Object(Illuminate/Http/Request))
#27 C:/Users/Asus/Documents/dev_clock/vendor/laravel/framework/src/Illuminate/Foundation/Http/Middleware/ConvertEmptyStringsToNull.php(31): Illuminate/Foundation/Http/Middleware/TransformsRequest->handle(Object(Illuminate/Http/Request), Object(Closure))
#28 C:/Users/Asus/Documents/dev_clock/vendor/laravel/framework/src/Illuminate/Pipeline/Pipeline.php(183): Illuminate/Foundation/Http/Middleware/ConvertEmptyStringsToNull->handle(Object(Illuminate/Http/Request), Object(Closure))
#29 C:/Users/Asus/Documents/dev_clock/vendor/laravel/framework/src/Illuminate/Foundation/Http/Middleware/TransformsRequest.php(21): Illuminate/Pipeline/Pipeline->Illuminate/Pipeline/{closure}(Object(Illuminate/Http/Request))
#30 C:/Users/Asus/Documents/dev_clock/vendor/laravel/framework/src/Illuminate/Foundation/Http/Middleware/TrimStrings.php(40): Illuminate/Foundation/Http/Middleware/TransformsRequest->handle(Object(Illuminate/Http/Request), Object(Closure))
#31 C:/Users/Asus/Documents/dev_clock/vendor/laravel/framework/src/Illuminate/Pipeline/Pipeline.php(183): Illuminate/Foundation/Http/Middleware/TrimStrings->handle(Object(Illuminate/Http/Request), Object(Closure))
#32 C:/Users/Asus/Documents/dev_clock/vendor/laravel/framework/src/Illuminate/Foundation/Http/Middleware/ValidatePostSize.php(27): Illuminate/Pipeline/Pipeline->Illuminate/Pipeline/{closure}(Object(Illuminate/Http/Request))
#33 C:/Users/Asus/Documents/dev_clock/vendor/laravel/framework/src/Illuminate/Pipeline/Pipeline.php(183): Illuminate/Foundation/Http/Middleware/ValidatePostSize->handle(Object(Illuminate/Http/Request), Object(Closure))
#34 C:/Users/Asus/Documents/dev_clock/vendor/laravel/framework/src/Illuminate/Foundation/Http/Middleware/PreventRequestsDuringMaintenance.php(99): Illuminate/Pipeline/Pipeline->Illuminate/Pipeline/{closure}(Object(Illuminate/Http/Request))
#35 C:/Users/Asus/Documents/dev_clock/vendor/laravel/framework/src/Illuminate/Pipeline/Pipeline.php(183): Illuminate/Foundation/Http/Middleware/PreventRequestsDuringMaintenance->handle(Object(Illuminate/Http/Request), Object(Closure))
#36 C:/Users/Asus/Documents/dev_clock/vendor/laravel/framework/src/Illuminate/Pipeline/Pipeline.php(119): Illuminate/Pipeline/Pipeline->Illuminate/Pipeline/{closure}(Object(Illuminate/Http/Request))
#37 C:/Users/Asus/Documents/dev_clock/vendor/laravel/framework/src/Illuminate/Foundation/Http/Kernel.php(175): Illuminate/Pipeline/Pipeline->then(Object(Closure))
#38 C:/Users/Asus/Documents/dev_clock/vendor/laravel/framework/src/Illuminate/Foundation/Http/Kernel.php(144): Illuminate/Foundation/Http/Kernel->sendRequestThroughRouter(Object(Illuminate/Http/Request))
#39 C:/Users/Asus/Documents/dev_clock/public/index.php(18): Illuminate/Foundation/Http/Kernel->handle(Object(Illuminate/Http/Request))
#40 C:/Users/Asus/Documents/dev_clock/vendor/laravel/framework/src/Illuminate/Foundation/resources/server.php(16): require_once('C://Users//Asus//D...')
#41 {main}
"} 
[2026-07-11 21:21:50] local.ERROR: Target class [auth.check] does not exist. {"exception":"[object] (Illuminate\\Contracts\\Container\\BindingResolutionException(code: 0): Target class [auth.check] does not exist. at C:/Users/Asus/Documents/dev_clock/vendor/laravel/framework/src/Illuminate/Container/Container.php:914)
[stacktrace]
#0 C:/Users/Asus/Documents/dev_clock/vendor/laravel/framework/src/Illuminate/Container/Container.php(795): Illuminate/Container/Container->build('auth.check')
#1 C:/Users/Asus/Documents/dev_clock/vendor/laravel/framework/src/Illuminate/Foundation/Application.php(986): Illuminate/Container/Container->resolve('auth.check', Array, true)
#2 C:/Users/Asus/Documents/dev_clock/vendor/laravel/framework/src/Illuminate/Container/Container.php(731): Illuminate/Foundation/Application->resolve('auth.check', Array)
#3 C:/Users/Asus/Documents/dev_clock/vendor/laravel/framework/src/Illuminate/Foundation/Application.php(971): Illuminate/Container/Container->make('auth.check', Array)
#4 C:/Users/Asus/Documents/dev_clock/vendor/laravel/framework/src/Illuminate/Foundation/Http/Kernel.php(255): Illuminate/Foundation/Application->make('auth.check')
#5 C:/Users/Asus/Documents/dev_clock/vendor/laravel/framework/src/Illuminate/Foundation/Http/Kernel.php(213): Illuminate/Foundation/Http/Kernel->terminateMiddleware(Object(Illuminate/Http/Request), Object(Illuminate/Http/Response))
#6 C:/Users/Asus/Documents/dev_clock/public/index.php(22): Illuminate/Foundation/Http/Kernel->terminate(Object(Illuminate/Http/Request), Object(Illuminate/Http/Response))
#7 C:/Users/Asus/Documents/dev_clock/vendor/laravel/framework/src/Illuminate/Foundation/resources/server.php(16): require_once('C://Users//Asus//D...')
#8 {main}

[previous exception] [object] (ReflectionException(code: -1): Class \"auth.check\" does not exist at C:/Users/Asus/Documents/dev_clock/vendor/laravel/framework/src/Illuminate/Container/Container.php:912)
[stacktrace]
#0 C:/Users/Asus/Documents/dev_clock/vendor/laravel/framework/src/Illuminate/Container/Container.php(912): ReflectionClass->__construct('auth.check')
#1 C:/Users/Asus/Documents/dev_clock/vendor/laravel/framework/src/Illuminate/Container/Container.php(795): Illuminate/Container/Container->build('auth.check')
#2 C:/Users/Asus/Documents/dev_clock/vendor/laravel/framework/src/Illuminate/Foundation/Application.php(986): Illuminate/Container/Container->resolve('auth.check', Array, true)
#3 C:/Users/Asus/Documents/dev_clock/vendor/laravel/framework/src/Illuminate/Container/Container.php(731): Illuminate/Foundation/Application->resolve('auth.check', Array)
#4 C:/Users/Asus/Documents/dev_clock/vendor/laravel/framework/src/Illuminate/Foundation/Application.php(971): Illuminate/Container/Container->make('auth.check', Array)
#5 C:/Users/Asus/Documents/dev_clock/vendor/laravel/framework/src/Illuminate/Foundation/Http/Kernel.php(255): Illuminate/Foundation/Application->make('auth.check')
#6 C:/Users/Asus/Documents/dev_clock/vendor/laravel/framework/src/Illuminate/Foundation/Http/Kernel.php(213): Illuminate/Foundation/Http/Kernel->terminateMiddleware(Object(Illuminate/Http/Request), Object(Illuminate/Http/Response))
#7 C:/Users/Asus/Documents/dev_clock/public/index.php(22): Illuminate/Foundation/Http/Kernel->terminate(Object(Illuminate/Http/Request), Object(Illuminate/Http/Response))
#8 C:/Users/Asus/Documents/dev_clock/vendor/laravel/framework/src/Illuminate/Foundation/resources/server.php(16): require_once('C://Users//Asus//D...')
#9 {main}
"} 
[2026-07-11 21:21:58] local.ERROR: Target class [auth.check] does not exist. {"exception":"[object] (Illuminate\\Contracts\\Container\\BindingResolutionException(code: 0): Target class [auth.check] does not exist. at C:/Users/Asus/Documents/dev_clock/vendor/laravel/framework/src/Illuminate/Container/Container.php:914)
[stacktrace]
#0 C:/Users/Asus/Documents/dev_clock/vendor/laravel/framework/src/Illuminate/Container/Container.php(795): Illuminate/Container/Container->build('auth.check')
#1 C:/Users/Asus/Documents/dev_clock/vendor/laravel/framework/src/Illuminate/Foundation/Application.php(986): Illuminate/Container/Container->resolve('auth.check', Array, true)
#2 C:/Users/Asus/Documents/dev_clock/vendor/laravel/framework/src/Illuminate/Container/Container.php(731): Illuminate/Foundation/Application->resolve('auth.check', Array)
#3 C:/Users/Asus/Documents/dev_clock/vendor/laravel/framework/src/Illuminate/Foundation/Application.php(971): Illuminate/Container/Container->make('auth.check', Array)
#4 C:/Users/Asus/Documents/dev_clock/vendor/laravel/framework/src/Illuminate/Pipeline/Pipeline.php(172): Illuminate/Foundation/Application->make('auth.check')
#5 C:/Users/Asus/Documents/dev_clock/vendor/laravel/framework/src/Illuminate/Routing/Middleware/SubstituteBindings.php(50): Illuminate/Pipeline/Pipeline->Illuminate/Pipeline/{closure}(Object(Illuminate/Http/Request))
#6 C:/Users/Asus/Documents/dev_clock/vendor/laravel/framework/src/Illuminate/Pipeline/Pipeline.php(183): Illuminate/Routing/Middleware/SubstituteBindings->handle(Object(Illuminate/Http/Request), Object(Closure))
#7 C:/Users/Asus/Documents/dev_clock/vendor/laravel/framework/src/Illuminate/Foundation/Http/Middleware/VerifyCsrfToken.php(78): Illuminate/Pipeline/Pipeline->Illuminate/Pipeline/{closure}(Object(Illuminate/Http/Request))
#8 C:/Users/Asus/Documents/dev_clock/vendor/laravel/framework/src/Illuminate/Pipeline/Pipeline.php(183): Illuminate/Foundation/Http/Middleware/VerifyCsrfToken->handle(Object(Illuminate/Http/Request), Object(Closure))
#9 C:/Users/Asus/Documents/dev_clock/vendor/laravel/framework/src/Illuminate/View/Middleware/ShareErrorsFromSession.php(49): Illuminate/Pipeline/Pipeline->Illuminate/Pipeline/{closure}(Object(Illuminate/Http/Request))
#10 C:/Users/Asus/Documents/dev_clock/vendor/laravel/framework/src/Illuminate/Pipeline/Pipeline.php(183): Illuminate/View/Middleware/ShareErrorsFromSession->handle(Object(Illuminate/Http/Request), Object(Closure))
#11 C:/Users/Asus/Documents/dev_clock/vendor/laravel/framework/src/Illuminate/Session/Middleware/StartSession.php(121): Illuminate/Pipeline/Pipeline->Illuminate/Pipeline/{closure}(Object(Illuminate/Http/Request))
#12 C:/Users/Asus/Documents/dev_clock/vendor/laravel/framework/src/Illuminate/Session/Middleware/StartSession.php(64): Illuminate/Session/Middleware/StartSession->handleStatefulRequest(Object(Illuminate/Http/Request), Object(Illuminate/Session/Store), Object(Closure))
#13 C:/Users/Asus/Documents/dev_clock/vendor/laravel/framework/src/Illuminate/Pipeline/Pipeline.php(183): Illuminate/Session/Middleware/StartSession->handle(Object(Illuminate/Http/Request), Object(Closure))
#14 C:/Users/Asus/Documents/dev_clock/vendor/laravel/framework/src/Illuminate/Cookie/Middleware/AddQueuedCookiesToResponse.php(37): Illuminate/Pipeline/Pipeline->Illuminate/Pipeline/{closure}(Object(Illuminate/Http/Request))
#15 C:/Users/Asus/Documents/dev_clock/vendor/laravel/framework/src/Illuminate/Pipeline/Pipeline.php(183): Illuminate/Cookie/Middleware/AddQueuedCookiesToResponse->handle(Object(Illuminate/Http/Request), Object(Closure))
#16 C:/Users/Asus/Documents/dev_clock/vendor/laravel/framework/src/Illuminate/Cookie/Middleware/EncryptCookies.php(67): Illuminate/Pipeline/Pipeline->Illuminate/Pipeline/{closure}(Object(Illuminate/Http/Request))
#17 C:/Users/Asus/Documents/dev_clock/vendor/laravel/framework/src/Illuminate/Pipeline/Pipeline.php(183): Illuminate/Cookie/Middleware/EncryptCookies->handle(Object(Illuminate/Http/Request), Object(Closure))
#18 C:/Users/Asus/Documents/dev_clock/vendor/laravel/framework/src/Illuminate/Pipeline/Pipeline.php(119): Illuminate/Pipeline/Pipeline->Illuminate/Pipeline/{closure}(Object(Illuminate/Http/Request))
#19 C:/Users/Asus/Documents/dev_clock/vendor/laravel/framework/src/Illuminate/Routing/Router.php(805): Illuminate/Pipeline/Pipeline->then(Object(Closure))
#20 C:/Users/Asus/Documents/dev_clock/vendor/laravel/framework/src/Illuminate/Routing/Router.php(784): Illuminate/Routing/Router->runRouteWithinStack(Object(Illuminate/Routing/Route), Object(Illuminate/Http/Request))
#21 C:/Users/Asus/Documents/dev_clock/vendor/laravel/framework/src/Illuminate/Routing/Router.php(748): Illuminate/Routing/Router->runRoute(Object(Illuminate/Http/Request), Object(Illuminate/Routing/Route))
#22 C:/Users/Asus/Documents/dev_clock/vendor/laravel/framework/src/Illuminate/Routing/Router.php(737): Illuminate/Routing/Router->dispatchToRoute(Object(Illuminate/Http/Request))
#23 C:/Users/Asus/Documents/dev_clock/vendor/laravel/framework/src/Illuminate/Foundation/Http/Kernel.php(200): Illuminate/Routing/Router->dispatch(Object(Illuminate/Http/Request))
#24 C:/Users/Asus/Documents/dev_clock/vendor/laravel/framework/src/Illuminate/Pipeline/Pipeline.php(144): Illuminate/Foundation/Http/Kernel->Illuminate/Foundation/Http/{closure}(Object(Illuminate/Http/Request))
#25 C:/Users/Asus/Documents/dev_clock/vendor/laravel/framework/src/Illuminate/Foundation/Http/Middleware/TransformsRequest.php(21): Illuminate/Pipeline/Pipeline->Illuminate/Pipeline/{closure}(Object(Illuminate/Http/Request))
#26 C:/Users/Asus/Documents/dev_clock/vendor/laravel/framework/src/Illuminate/Foundation/Http/Middleware/ConvertEmptyStringsToNull.php(31): Illuminate/Foundation/Http/Middleware/TransformsRequest->handle(Object(Illuminate/Http/Request), Object(Closure))
#27 C:/Users/Asus/Documents/dev_clock/vendor/laravel/framework/src/Illuminate/Pipeline/Pipeline.php(183): Illuminate/Foundation/Http/Middleware/ConvertEmptyStringsToNull->handle(Object(Illuminate/Http/Request), Object(Closure))
#28 C:/Users/Asus/Documents/dev_clock/vendor/laravel/framework/src/Illuminate/Foundation/Http/Middleware/TransformsRequest.php(21): Illuminate/Pipeline/Pipeline->Illuminate/Pipeline/{closure}(Object(Illuminate/Http/Request))
#29 C:/Users/Asus/Documents/dev_clock/vendor/laravel/framework/src/Illuminate/Foundation/Http/Middleware/TrimStrings.php(40): Illuminate/Foundation/Http/Middleware/TransformsRequest->handle(Object(Illuminate/Http/Request), Object(Closure))
#30 C:/Users/Asus/Documents/dev_clock/vendor/laravel/framework/src/Illuminate/Pipeline/Pipeline.php(183): Illuminate/Foundation/Http/Middleware/TrimStrings->handle(Object(Illuminate/Http/Request), Object(Closure))
#31 C:/Users/Asus/Documents/dev_clock/vendor/laravel/framework/src/Illuminate/Foundation/Http/Middleware/ValidatePostSize.php(27): Illuminate/Pipeline/Pipeline->Illuminate/Pipeline/{closure}(Object(Illuminate/Http/Request))
#32 C:/Users/Asus/Documents/dev_clock/vendor/laravel/framework/src/Illuminate/Pipeline/Pipeline.php(183): Illuminate/Foundation/Http/Middleware/ValidatePostSize->handle(Object(Illuminate/Http/Request), Object(Closure))
#33 C:/Users/Asus/Documents/dev_clock/vendor/laravel/framework/src/Illuminate/Foundation/Http/Middleware/PreventRequestsDuringMaintenance.php(99): Illuminate/Pipeline/Pipeline->Illuminate/Pipeline/{closure}(Object(Illuminate/Http/Request))
#34 C:/Users/Asus/Documents/dev_clock/vendor/laravel/framework/src/Illuminate/Pipeline/Pipeline.php(183): Illuminate/Foundation/Http/Middleware/PreventRequestsDuringMaintenance->handle(Object(Illuminate/Http/Request), Object(Closure))
#35 C:/Users/Asus/Documents/dev_clock/vendor/laravel/framework/src/Illuminate/Pipeline/Pipeline.php(119): Illuminate/Pipeline/Pipeline->Illuminate/Pipeline/{closure}(Object(Illuminate/Http/Request))
#36 C:/Users/Asus/Documents/dev_clock/vendor/laravel/framework/src/Illuminate/Foundation/Http/Kernel.php(175): Illuminate/Pipeline/Pipeline->then(Object(Closure))
#37 C:/Users/Asus/Documents/dev_clock/vendor/laravel/framework/src/Illuminate/Foundation/Http/Kernel.php(144): Illuminate/Foundation/Http/Kernel->sendRequestThroughRouter(Object(Illuminate/Http/Request))
#38 C:/Users/Asus/Documents/dev_clock/public/index.php(18): Illuminate/Foundation/Http/Kernel->handle(Object(Illuminate/Http/Request))
#39 C:/Users/Asus/Documents/dev_clock/vendor/laravel/framework/src/Illuminate/Foundation/resources/server.php(16): require_once('C://Users//Asus//D...')
#40 {main}

[previous exception] [object] (ReflectionException(code: -1): Class \"auth.check\" does not exist at C:/Users/Asus/Documents/dev_clock/vendor/laravel/framework/src/Illuminate/Container/Container.php:912)
[stacktrace]
#0 C:/Users/Asus/Documents/dev_clock/vendor/laravel/framework/src/Illuminate/Container/Container.php(912): ReflectionClass->__construct('auth.check')
#1 C:/Users/Asus/Documents/dev_clock/vendor/laravel/framework/src/Illuminate/Container/Container.php(795): Illuminate/Container/Container->build('auth.check')
#2 C:/Users/Asus/Documents/dev_clock/vendor/laravel/framework/src/Illuminate/Foundation/Application.php(986): Illuminate/Container/Container->resolve('auth.check', Array, true)
#3 C:/Users/Asus/Documents/dev_clock/vendor/laravel/framework/src/Illuminate/Container/Container.php(731): Illuminate/Foundation/Application->resolve('auth.check', Array)
#4 C:/Users/Asus/Documents/dev_clock/vendor/laravel/framework/src/Illuminate/Foundation/Application.php(971): Illuminate/Container/Container->make('auth.check', Array)
#5 C:/Users/Asus/Documents/dev_clock/vendor/laravel/framework/src/Illuminate/Pipeline/Pipeline.php(172): Illuminate/Foundation/Application->make('auth.check')
#6 C:/Users/Asus/Documents/dev_clock/vendor/laravel/framework/src/Illuminate/Routing/Middleware/SubstituteBindings.php(50): Illuminate/Pipeline/Pipeline->Illuminate/Pipeline/{closure}(Object(Illuminate/Http/Request))
#7 C:/Users/Asus/Documents/dev_clock/vendor/laravel/framework/src/Illuminate/Pipeline/Pipeline.php(183): Illuminate/Routing/Middleware/SubstituteBindings->handle(Object(Illuminate/Http/Request), Object(Closure))
#8 C:/Users/Asus/Documents/dev_clock/vendor/laravel/framework/src/Illuminate/Foundation/Http/Middleware/VerifyCsrfToken.php(78): Illuminate/Pipeline/Pipeline->Illuminate/Pipeline/{closure}(Object(Illuminate/Http/Request))
#9 C:/Users/Asus/Documents/dev_clock/vendor/laravel/framework/src/Illuminate/Pipeline/Pipeline.php(183): Illuminate/Foundation/Http/Middleware/VerifyCsrfToken->handle(Object(Illuminate/Http/Request), Object(Closure))
#10 C:/Users/Asus/Documents/dev_clock/vendor/laravel/framework/src/Illuminate/View/Middleware/ShareErrorsFromSession.php(49): Illuminate/Pipeline/Pipeline->Illuminate/Pipeline/{closure}(Object(Illuminate/Http/Request))
#11 C:/Users/Asus/Documents/dev_clock/vendor/laravel/framework/src/Illuminate/Pipeline/Pipeline.php(183): Illuminate/View/Middleware/ShareErrorsFromSession->handle(Object(Illuminate/Http/Request), Object(Closure))
#12 C:/Users/Asus/Documents/dev_clock/vendor/laravel/framework/src/Illuminate/Session/Middleware/StartSession.php(121): Illuminate/Pipeline/Pipeline->Illuminate/Pipeline/{closure}(Object(Illuminate/Http/Request))
#13 C:/Users/Asus/Documents/dev_clock/vendor/laravel/framework/src/Illuminate/Session/Middleware/StartSession.php(64): Illuminate/Session/Middleware/StartSession->handleStatefulRequest(Object(Illuminate/Http/Request), Object(Illuminate/Session/Store), Object(Closure))
#14 C:/Users/Asus/Documents/dev_clock/vendor/laravel/framework/src/Illuminate/Pipeline/Pipeline.php(183): Illuminate/Session/Middleware/StartSession->handle(Object(Illuminate/Http/Request), Object(Closure))
#15 C:/Users/Asus/Documents/dev_clock/vendor/laravel/framework/src/Illuminate/Cookie/Middleware/AddQueuedCookiesToResponse.php(37): Illuminate/Pipeline/Pipeline->Illuminate/Pipeline/{closure}(Object(Illuminate/Http/Request))
#16 C:/Users/Asus/Documents/dev_clock/vendor/laravel/framework/src/Illuminate/Pipeline/Pipeline.php(183): Illuminate/Cookie/Middleware/AddQueuedCookiesToResponse->handle(Object(Illuminate/Http/Request), Object(Closure))
#17 C:/Users/Asus/Documents/dev_clock/vendor/laravel/framework/src/Illuminate/Cookie/Middleware/EncryptCookies.php(67): Illuminate/Pipeline/Pipeline->Illuminate/Pipeline/{closure}(Object(Illuminate/Http/Request))
#18 C:/Users/Asus/Documents/dev_clock/vendor/laravel/framework/src/Illuminate/Pipeline/Pipeline.php(183): Illuminate/Cookie/Middleware/EncryptCookies->handle(Object(Illuminate/Http/Request), Object(Closure))
#19 C:/Users/Asus/Documents/dev_clock/vendor/laravel/framework/src/Illuminate/Pipeline/Pipeline.php(119): Illuminate/Pipeline/Pipeline->Illuminate/Pipeline/{closure}(Object(Illuminate/Http/Request))
#20 C:/Users/Asus/Documents/dev_clock/vendor/laravel/framework/src/Illuminate/Routing/Router.php(805): Illuminate/Pipeline/Pipeline->then(Object(Closure))
#21 C:/Users/Asus/Documents/dev_clock/vendor/laravel/framework/src/Illuminate/Routing/Router.php(784): Illuminate/Routing/Router->runRouteWithinStack(Object(Illuminate/Routing/Route), Object(Illuminate/Http/Request))
#22 C:/Users/Asus/Documents/dev_clock/vendor/laravel/framework/src/Illuminate/Routing/Router.php(748): Illuminate/Routing/Router->runRoute(Object(Illuminate/Http/Request), Object(Illuminate/Routing/Route))
#23 C:/Users/Asus/Documents/dev_clock/vendor/laravel/framework/src/Illuminate/Routing/Router.php(737): Illuminate/Routing/Router->dispatchToRoute(Object(Illuminate/Http/Request))
#24 C:/Users/Asus/Documents/dev_clock/vendor/laravel/framework/src/Illuminate/Foundation/Http/Kernel.php(200): Illuminate/Routing/Router->dispatch(Object(Illuminate/Http/Request))
#25 C:/Users/Asus/Documents/dev_clock/vendor/laravel/framework/src/Illuminate/Pipeline/Pipeline.php(144): Illuminate/Foundation/Http/Kernel->Illuminate/Foundation/Http/{closure}(Object(Illuminate/Http/Request))
#26 C:/Users/Asus/Documents/dev_clock/vendor/laravel/framework/src/Illuminate/Foundation/Http/Middleware/TransformsRequest.php(21): Illuminate/Pipeline/Pipeline->Illuminate/Pipeline/{closure}(Object(Illuminate/Http/Request))
#27 C:/Users/Asus/Documents/dev_clock/vendor/laravel/framework/src/Illuminate/Foundation/Http/Middleware/ConvertEmptyStringsToNull.php(31): Illuminate/Foundation/Http/Middleware/TransformsRequest->handle(Object(Illuminate/Http/Request), Object(Closure))
#28 C:/Users/Asus/Documents/dev_clock/vendor/laravel/framework/src/Illuminate/Pipeline/Pipeline.php(183): Illuminate/Foundation/Http/Middleware/ConvertEmptyStringsToNull->handle(Object(Illuminate/Http/Request), Object(Closure))
#29 C:/Users/Asus/Documents/dev_clock/vendor/laravel/framework/src/Illuminate/Foundation/Http/Middleware/TransformsRequest.php(21): Illuminate/Pipeline/Pipeline->Illuminate/Pipeline/{closure}(Object(Illuminate/Http/Request))
#30 C:/Users/Asus/Documents/dev_clock/vendor/laravel/framework/src/Illuminate/Foundation/Http/Middleware/TrimStrings.php(40): Illuminate/Foundation/Http/Middleware/TransformsRequest->handle(Object(Illuminate/Http/Request), Object(Closure))
#31 C:/Users/Asus/Documents/dev_clock/vendor/laravel/framework/src/Illuminate/Pipeline/Pipeline.php(183): Illuminate/Foundation/Http/Middleware/TrimStrings->handle(Object(Illuminate/Http/Request), Object(Closure))
#32 C:/Users/Asus/Documents/dev_clock/vendor/laravel/framework/src/Illuminate/Foundation/Http/Middleware/ValidatePostSize.php(27): Illuminate/Pipeline/Pipeline->Illuminate/Pipeline/{closure}(Object(Illuminate/Http/Request))
#33 C:/Users/Asus/Documents/dev_clock/vendor/laravel/framework/src/Illuminate/Pipeline/Pipeline.php(183): Illuminate/Foundation/Http/Middleware/ValidatePostSize->handle(Object(Illuminate/Http/Request), Object(Closure))
#34 C:/Users/Asus/Documents/dev_clock/vendor/laravel/framework/src/Illuminate/Foundation/Http/Middleware/PreventRequestsDuringMaintenance.php(99): Illuminate/Pipeline/Pipeline->Illuminate/Pipeline/{closure}(Object(Illuminate/Http/Request))
#35 C:/Users/Asus/Documents/dev_clock/vendor/laravel/framework/src/Illuminate/Pipeline/Pipeline.php(183): Illuminate/Foundation/Http/Middleware/PreventRequestsDuringMaintenance->handle(Object(Illuminate/Http/Request), Object(Closure))
#36 C:/Users/Asus/Documents/dev_clock/vendor/laravel/framework/src/Illuminate/Pipeline/Pipeline.php(119): Illuminate/Pipeline/Pipeline->Illuminate/Pipeline/{closure}(Object(Illuminate/Http/Request))
#37 C:/Users/Asus/Documents/dev_clock/vendor/laravel/framework/src/Illuminate/Foundation/Http/Kernel.php(175): Illuminate/Pipeline/Pipeline->then(Object(Closure))
#38 C:/Users/Asus/Documents/dev_clock/vendor/laravel/framework/src/Illuminate/Foundation/Http/Kernel.php(144): Illuminate/Foundation/Http/Kernel->sendRequestThroughRouter(Object(Illuminate/Http/Request))
#39 C:/Users/Asus/Documents/dev_clock/public/index.php(18): Illuminate/Foundation/Http/Kernel->handle(Object(Illuminate/Http/Request))
#40 C:/Users/Asus/Documents/dev_clock/vendor/laravel/framework/src/Illuminate/Foundation/resources/server.php(16): require_once('C://Users//Asus//D...')
#41 {main}
"} 
[2026-07-11 21:21:58] local.ERROR: Target class [auth.check] does not exist. {"exception":"[object] (Illuminate\\Contracts\\Container\\BindingResolutionException(code: 0): Target class [auth.check] does not exist. at C:/Users/Asus/Documents/dev_clock/vendor/laravel/framework/src/Illuminate/Container/Container.php:914)
[stacktrace]
#0 C:/Users/Asus/Documents/dev_clock/vendor/laravel/framework/src/Illuminate/Container/Container.php(795): Illuminate/Container/Container->build('auth.check')
#1 C:/Users/Asus/Documents/dev_clock/vendor/laravel/framework/src/Illuminate/Foundation/Application.php(986): Illuminate/Container/Container->resolve('auth.check', Array, true)
#2 C:/Users/Asus/Documents/dev_clock/vendor/laravel/framework/src/Illuminate/Container/Container.php(731): Illuminate/Foundation/Application->resolve('auth.check', Array)
#3 C:/Users/Asus/Documents/dev_clock/vendor/laravel/framework/src/Illuminate/Foundation/Application.php(971): Illuminate/Container/Container->make('auth.check', Array)
#4 C:/Users/Asus/Documents/dev_clock/vendor/laravel/framework/src/Illuminate/Foundation/Http/Kernel.php(255): Illuminate/Foundation/Application->make('auth.check')
#5 C:/Users/Asus/Documents/dev_clock/vendor/laravel/framework/src/Illuminate/Foundation/Http/Kernel.php(213): Illuminate/Foundation/Http/Kernel->terminateMiddleware(Object(Illuminate/Http/Request), Object(Illuminate/Http/Response))
#6 C:/Users/Asus/Documents/dev_clock/public/index.php(22): Illuminate/Foundation/Http/Kernel->terminate(Object(Illuminate/Http/Request), Object(Illuminate/Http/Response))
#7 C:/Users/Asus/Documents/dev_clock/vendor/laravel/framework/src/Illuminate/Foundation/resources/server.php(16): require_once('C://Users//Asus//D...')
#8 {main}

[previous exception] [object] (ReflectionException(code: -1): Class \"auth.check\" does not exist at C:/Users/Asus/Documents/dev_clock/vendor/laravel/framework/src/Illuminate/Container/Container.php:912)
[stacktrace]
#0 C:/Users/Asus/Documents/dev_clock/vendor/laravel/framework/src/Illuminate/Container/Container.php(912): ReflectionClass->__construct('auth.check')
#1 C:/Users/Asus/Documents/dev_clock/vendor/laravel/framework/src/Illuminate/Container/Container.php(795): Illuminate/Container/Container->build('auth.check')
#2 C:/Users/Asus/Documents/dev_clock/vendor/laravel/framework/src/Illuminate/Foundation/Application.php(986): Illuminate/Container/Container->resolve('auth.check', Array, true)
#3 C:/Users/Asus/Documents/dev_clock/vendor/laravel/framework/src/Illuminate/Container/Container.php(731): Illuminate/Foundation/Application->resolve('auth.check', Array)
#4 C:/Users/Asus/Documents/dev_clock/vendor/laravel/framework/src/Illuminate/Foundation/Application.php(971): Illuminate/Container/Container->make('auth.check', Array)
#5 C:/Users/Asus/Documents/dev_clock/vendor/laravel/framework/src/Illuminate/Foundation/Http/Kernel.php(255): Illuminate/Foundation/Application->make('auth.check')
#6 C:/Users/Asus/Documents/dev_clock/vendor/laravel/framework/src/Illuminate/Foundation/Http/Kernel.php(213): Illuminate/Foundation/Http/Kernel->terminateMiddleware(Object(Illuminate/Http/Request), Object(Illuminate/Http/Response))
#7 C:/Users/Asus/Documents/dev_clock/public/index.php(22): Illuminate/Foundation/Http/Kernel->terminate(Object(Illuminate/Http/Request), Object(Illuminate/Http/Response))
#8 C:/Users/Asus/Documents/dev_clock/vendor/laravel/framework/src/Illuminate/Foundation/resources/server.php(16): require_once('C://Users//Asus//D...')
#9 {main}
"} 
[2026-07-11 21:25:12] local.ERROR: View [report] not found. {"exception":"[object] (InvalidArgumentException(code: 0): View [report] not found. at C:/Users/Asus/Documents/dev_clock/vendor/laravel/framework/src/Illuminate/View/FileViewFinder.php:137)
[stacktrace]
#0 C:/Users/Asus/Documents/dev_clock/vendor/laravel/framework/src/Illuminate/View/FileViewFinder.php(79): Illuminate/View/FileViewFinder->findInPaths('report', Array)
#1 C:/Users/Asus/Documents/dev_clock/vendor/laravel/framework/src/Illuminate/View/Factory.php(137): Illuminate/View/FileViewFinder->find('report')
#2 C:/Users/Asus/Documents/dev_clock/vendor/laravel/framework/src/Illuminate/Foundation/helpers.php(1020): Illuminate/View/Factory->make('report', Array, Array)
#3 C:/Users/Asus/Documents/dev_clock/app/Http/Controllers/ReportController.php(9): view('report')
#4 C:/Users/Asus/Documents/dev_clock/vendor/laravel/framework/src/Illuminate/Routing/Controller.php(54): App/Http/Controllers/ReportController->index()
#5 C:/Users/Asus/Documents/dev_clock/vendor/laravel/framework/src/Illuminate/Routing/ControllerDispatcher.php(43): Illuminate/Routing/Controller->callAction('index', Array)
#6 C:/Users/Asus/Documents/dev_clock/vendor/laravel/framework/src/Illuminate/Routing/Route.php(259): Illuminate/Routing/ControllerDispatcher->dispatch(Object(Illuminate/Routing/Route), Object(App/Http/Controllers/ReportController), 'index')
#7 C:/Users/Asus/Documents/dev_clock/vendor/laravel/framework/src/Illuminate/Routing/Route.php(205): Illuminate/Routing/Route->runController()
#8 C:/Users/Asus/Documents/dev_clock/vendor/laravel/framework/src/Illuminate/Routing/Router.php(806): Illuminate/Routing/Route->run()
#9 C:/Users/Asus/Documents/dev_clock/vendor/laravel/framework/src/Illuminate/Pipeline/Pipeline.php(144): Illuminate/Routing/Router->Illuminate/Routing/{closure}(Object(Illuminate/Http/Request))
#10 C:/Users/Asus/Documents/dev_clock/app/Http/Middleware/ApiAuthMiddleware.php(19): Illuminate/Pipeline/Pipeline->Illuminate/Pipeline/{closure}(Object(Illuminate/Http/Request))
#11 C:/Users/Asus/Documents/dev_clock/vendor/laravel/framework/src/Illuminate/Pipeline/Pipeline.php(183): App/Http/Middleware/ApiAuthMiddleware->handle(Object(Illuminate/Http/Request), Object(Closure))
#12 C:/Users/Asus/Documents/dev_clock/vendor/laravel/framework/src/Illuminate/Routing/Middleware/SubstituteBindings.php(50): Illuminate/Pipeline/Pipeline->Illuminate/Pipeline/{closure}(Object(Illuminate/Http/Request))
#13 C:/Users/Asus/Documents/dev_clock/vendor/laravel/framework/src/Illuminate/Pipeline/Pipeline.php(183): Illuminate/Routing/Middleware/SubstituteBindings->handle(Object(Illuminate/Http/Request), Object(Closure))
#14 C:/Users/Asus/Documents/dev_clock/vendor/laravel/framework/src/Illuminate/Foundation/Http/Middleware/VerifyCsrfToken.php(78): Illuminate/Pipeline/Pipeline->Illuminate/Pipeline/{closure}(Object(Illuminate/Http/Request))
#15 C:/Users/Asus/Documents/dev_clock/vendor/laravel/framework/src/Illuminate/Pipeline/Pipeline.php(183): Illuminate/Foundation/Http/Middleware/VerifyCsrfToken->handle(Object(Illuminate/Http/Request), Object(Closure))
#16 C:/Users/Asus/Documents/dev_clock/vendor/laravel/framework/src/Illuminate/View/Middleware/ShareErrorsFromSession.php(49): Illuminate/Pipeline/Pipeline->Illuminate/Pipeline/{closure}(Object(Illuminate/Http/Request))
#17 C:/Users/Asus/Documents/dev_clock/vendor/laravel/framework/src/Illuminate/Pipeline/Pipeline.php(183): Illuminate/View/Middleware/ShareErrorsFromSession->handle(Object(Illuminate/Http/Request), Object(Closure))
#18 C:/Users/Asus/Documents/dev_clock/vendor/laravel/framework/src/Illuminate/Session/Middleware/StartSession.php(121): Illuminate/Pipeline/Pipeline->Illuminate/Pipeline/{closure}(Object(Illuminate/Http/Request))
#19 C:/Users/Asus/Documents/dev_clock/vendor/laravel/framework/src/Illuminate/Session/Middleware/StartSession.php(64): Illuminate/Session/Middleware/StartSession->handleStatefulRequest(Object(Illuminate/Http/Request), Object(Illuminate/Session/Store), Object(Closure))
#20 C:/Users/Asus/Documents/dev_clock/vendor/laravel/framework/src/Illuminate/Pipeline/Pipeline.php(183): Illuminate/Session/Middleware/StartSession->handle(Object(Illuminate/Http/Request), Object(Closure))
#21 C:/Users/Asus/Documents/dev_clock/vendor/laravel/framework/src/Illuminate/Cookie/Middleware/AddQueuedCookiesToResponse.php(37): Illuminate/Pipeline/Pipeline->Illuminate/Pipeline/{closure}(Object(Illuminate/Http/Request))
#22 C:/Users/Asus/Documents/dev_clock/vendor/laravel/framework/src/Illuminate/Pipeline/Pipeline.php(183): Illuminate/Cookie/Middleware/AddQueuedCookiesToResponse->handle(Object(Illuminate/Http/Request), Object(Closure))
#23 C:/Users/Asus/Documents/dev_clock/vendor/laravel/framework/src/Illuminate/Cookie/Middleware/EncryptCookies.php(67): Illuminate/Pipeline/Pipeline->Illuminate/Pipeline/{closure}(Object(Illuminate/Http/Request))
#24 C:/Users/Asus/Documents/dev_clock/vendor/laravel/framework/src/Illuminate/Pipeline/Pipeline.php(183): Illuminate/Cookie/Middleware/EncryptCookies->handle(Object(Illuminate/Http/Request), Object(Closure))
#25 C:/Users/Asus/Documents/dev_clock/vendor/laravel/framework/src/Illuminate/Pipeline/Pipeline.php(119): Illuminate/Pipeline/Pipeline->Illuminate/Pipeline/{closure}(Object(Illuminate/Http/Request))
#26 C:/Users/Asus/Documents/dev_clock/vendor/laravel/framework/src/Illuminate/Routing/Router.php(805): Illuminate/Pipeline/Pipeline->then(Object(Closure))
#27 C:/Users/Asus/Documents/dev_clock/vendor/laravel/framework/src/Illuminate/Routing/Router.php(784): Illuminate/Routing/Router->runRouteWithinStack(Object(Illuminate/Routing/Route), Object(Illuminate/Http/Request))
#28 C:/Users/Asus/Documents/dev_clock/vendor/laravel/framework/src/Illuminate/Routing/Router.php(748): Illuminate/Routing/Router->runRoute(Object(Illuminate/Http/Request), Object(Illuminate/Routing/Route))
#29 C:/Users/Asus/Documents/dev_clock/vendor/laravel/framework/src/Illuminate/Routing/Router.php(737): Illuminate/Routing/Router->dispatchToRoute(Object(Illuminate/Http/Request))
#30 C:/Users/Asus/Documents/dev_clock/vendor/laravel/framework/src/Illuminate/Foundation/Http/Kernel.php(200): Illuminate/Routing/Router->dispatch(Object(Illuminate/Http/Request))
#31 C:/Users/Asus/Documents/dev_clock/vendor/laravel/framework/src/Illuminate/Pipeline/Pipeline.php(144): Illuminate/Foundation/Http/Kernel->Illuminate/Foundation/Http/{closure}(Object(Illuminate/Http/Request))
#32 C:/Users/Asus/Documents/dev_clock/vendor/laravel/framework/src/Illuminate/Foundation/Http/Middleware/TransformsRequest.php(21): Illuminate/Pipeline/Pipeline->Illuminate/Pipeline/{closure}(Object(Illuminate/Http/Request))
#33 C:/Users/Asus/Documents/dev_clock/vendor/laravel/framework/src/Illuminate/Foundation/Http/Middleware/ConvertEmptyStringsToNull.php(31): Illuminate/Foundation/Http/Middleware/TransformsRequest->handle(Object(Illuminate/Http/Request), Object(Closure))
#34 C:/Users/Asus/Documents/dev_clock/vendor/laravel/framework/src/Illuminate/Pipeline/Pipeline.php(183): Illuminate/Foundation/Http/Middleware/ConvertEmptyStringsToNull->handle(Object(Illuminate/Http/Request), Object(Closure))
#35 C:/Users/Asus/Documents/dev_clock/vendor/laravel/framework/src/Illuminate/Foundation/Http/Middleware/TransformsRequest.php(21): Illuminate/Pipeline/Pipeline->Illuminate/Pipeline/{closure}(Object(Illuminate/Http/Request))
#36 C:/Users/Asus/Documents/dev_clock/vendor/laravel/framework/src/Illuminate/Foundation/Http/Middleware/TrimStrings.php(40): Illuminate/Foundation/Http/Middleware/TransformsRequest->handle(Object(Illuminate/Http/Request), Object(Closure))
#37 C:/Users/Asus/Documents/dev_clock/vendor/laravel/framework/src/Illuminate/Pipeline/Pipeline.php(183): Illuminate/Foundation/Http/Middleware/TrimStrings->handle(Object(Illuminate/Http/Request), Object(Closure))
#38 C:/Users/Asus/Documents/dev_clock/vendor/laravel/framework/src/Illuminate/Foundation/Http/Middleware/ValidatePostSize.php(27): Illuminate/Pipeline/Pipeline->Illuminate/Pipeline/{closure}(Object(Illuminate/Http/Request))
#39 C:/Users/Asus/Documents/dev_clock/vendor/laravel/framework/src/Illuminate/Pipeline/Pipeline.php(183): Illuminate/Foundation/Http/Middleware/ValidatePostSize->handle(Object(Illuminate/Http/Request), Object(Closure))
#40 C:/Users/Asus/Documents/dev_clock/vendor/laravel/framework/src/Illuminate/Foundation/Http/Middleware/PreventRequestsDuringMaintenance.php(99): Illuminate/Pipeline/Pipeline->Illuminate/Pipeline/{closure}(Object(Illuminate/Http/Request))
#41 C:/Users/Asus/Documents/dev_clock/vendor/laravel/framework/src/Illuminate/Pipeline/Pipeline.php(183): Illuminate/Foundation/Http/Middleware/PreventRequestsDuringMaintenance->handle(Object(Illuminate/Http/Request), Object(Closure))
#42 C:/Users/Asus/Documents/dev_clock/vendor/laravel/framework/src/Illuminate/Pipeline/Pipeline.php(119): Illuminate/Pipeline/Pipeline->Illuminate/Pipeline/{closure}(Object(Illuminate/Http/Request))
#43 C:/Users/Asus/Documents/dev_clock/vendor/laravel/framework/src/Illuminate/Foundation/Http/Kernel.php(175): Illuminate/Pipeline/Pipeline->then(Object(Closure))
#44 C:/Users/Asus/Documents/dev_clock/vendor/laravel/framework/src/Illuminate/Foundation/Http/Kernel.php(144): Illuminate/Foundation/Http/Kernel->sendRequestThroughRouter(Object(Illuminate/Http/Request))
#45 C:/Users/Asus/Documents/dev_clock/public/index.php(18): Illuminate/Foundation/Http/Kernel->handle(Object(Illuminate/Http/Request))
#46 C:/Users/Asus/Documents/dev_clock/vendor/laravel/framework/src/Illuminate/Foundation/resources/server.php(16): require_once('C://Users//Asus//D...')
#47 {main}
"} 
[2026-07-11 21:25:17] local.ERROR: View [settings] not found. {"exception":"[object] (InvalidArgumentException(code: 0): View [settings] not found. at C:/Users/Asus/Documents/dev_clock/vendor/laravel/framework/src/Illuminate/View/FileViewFinder.php:137)
[stacktrace]
#0 C:/Users/Asus/Documents/dev_clock/vendor/laravel/framework/src/Illuminate/View/FileViewFinder.php(79): Illuminate/View/FileViewFinder->findInPaths('settings', Array)
#1 C:/Users/Asus/Documents/dev_clock/vendor/laravel/framework/src/Illuminate/View/Factory.php(137): Illuminate/View/FileViewFinder->find('settings')
#2 C:/Users/Asus/Documents/dev_clock/vendor/laravel/framework/src/Illuminate/Foundation/helpers.php(1020): Illuminate/View/Factory->make('settings', Array, Array)
#3 C:/Users/Asus/Documents/dev_clock/app/Http/Controllers/SettingsController.php(9): view('settings')
#4 C:/Users/Asus/Documents/dev_clock/vendor/laravel/framework/src/Illuminate/Routing/Controller.php(54): App/Http/Controllers/SettingsController->index()
#5 C:/Users/Asus/Documents/dev_clock/vendor/laravel/framework/src/Illuminate/Routing/ControllerDispatcher.php(43): Illuminate/Routing/Controller->callAction('index', Array)
#6 C:/Users/Asus/Documents/dev_clock/vendor/laravel/framework/src/Illuminate/Routing/Route.php(259): Illuminate/Routing/ControllerDispatcher->dispatch(Object(Illuminate/Routing/Route), Object(App/Http/Controllers/SettingsController), 'index')
#7 C:/Users/Asus/Documents/dev_clock/vendor/laravel/framework/src/Illuminate/Routing/Route.php(205): Illuminate/Routing/Route->runController()
#8 C:/Users/Asus/Documents/dev_clock/vendor/laravel/framework/src/Illuminate/Routing/Router.php(806): Illuminate/Routing/Route->run()
#9 C:/Users/Asus/Documents/dev_clock/vendor/laravel/framework/src/Illuminate/Pipeline/Pipeline.php(144): Illuminate/Routing/Router->Illuminate/Routing/{closure}(Object(Illuminate/Http/Request))
#10 C:/Users/Asus/Documents/dev_clock/app/Http/Middleware/ApiAuthMiddleware.php(19): Illuminate/Pipeline/Pipeline->Illuminate/Pipeline/{closure}(Object(Illuminate/Http/Request))
#11 C:/Users/Asus/Documents/dev_clock/vendor/laravel/framework/src/Illuminate/Pipeline/Pipeline.php(183): App/Http/Middleware/ApiAuthMiddleware->handle(Object(Illuminate/Http/Request), Object(Closure))
#12 C:/Users/Asus/Documents/dev_clock/vendor/laravel/framework/src/Illuminate/Routing/Middleware/SubstituteBindings.php(50): Illuminate/Pipeline/Pipeline->Illuminate/Pipeline/{closure}(Object(Illuminate/Http/Request))
#13 C:/Users/Asus/Documents/dev_clock/vendor/laravel/framework/src/Illuminate/Pipeline/Pipeline.php(183): Illuminate/Routing/Middleware/SubstituteBindings->handle(Object(Illuminate/Http/Request), Object(Closure))
#14 C:/Users/Asus/Documents/dev_clock/vendor/laravel/framework/src/Illuminate/Foundation/Http/Middleware/VerifyCsrfToken.php(78): Illuminate/Pipeline/Pipeline->Illuminate/Pipeline/{closure}(Object(Illuminate/Http/Request))
#15 C:/Users/Asus/Documents/dev_clock/vendor/laravel/framework/src/Illuminate/Pipeline/Pipeline.php(183): Illuminate/Foundation/Http/Middleware/VerifyCsrfToken->handle(Object(Illuminate/Http/Request), Object(Closure))
#16 C:/Users/Asus/Documents/dev_clock/vendor/laravel/framework/src/Illuminate/View/Middleware/ShareErrorsFromSession.php(49): Illuminate/Pipeline/Pipeline->Illuminate/Pipeline/{closure}(Object(Illuminate/Http/Request))
#17 C:/Users/Asus/Documents/dev_clock/vendor/laravel/framework/src/Illuminate/Pipeline/Pipeline.php(183): Illuminate/View/Middleware/ShareErrorsFromSession->handle(Object(Illuminate/Http/Request), Object(Closure))
#18 C:/Users/Asus/Documents/dev_clock/vendor/laravel/framework/src/Illuminate/Session/Middleware/StartSession.php(121): Illuminate/Pipeline/Pipeline->Illuminate/Pipeline/{closure}(Object(Illuminate/Http/Request))
#19 C:/Users/Asus/Documents/dev_clock/vendor/laravel/framework/src/Illuminate/Session/Middleware/StartSession.php(64): Illuminate/Session/Middleware/StartSession->handleStatefulRequest(Object(Illuminate/Http/Request), Object(Illuminate/Session/Store), Object(Closure))
#20 C:/Users/Asus/Documents/dev_clock/vendor/laravel/framework/src/Illuminate/Pipeline/Pipeline.php(183): Illuminate/Session/Middleware/StartSession->handle(Object(Illuminate/Http/Request), Object(Closure))
#21 C:/Users/Asus/Documents/dev_clock/vendor/laravel/framework/src/Illuminate/Cookie/Middleware/AddQueuedCookiesToResponse.php(37): Illuminate/Pipeline/Pipeline->Illuminate/Pipeline/{closure}(Object(Illuminate/Http/Request))
#22 C:/Users/Asus/Documents/dev_clock/vendor/laravel/framework/src/Illuminate/Pipeline/Pipeline.php(183): Illuminate/Cookie/Middleware/AddQueuedCookiesToResponse->handle(Object(Illuminate/Http/Request), Object(Closure))
#23 C:/Users/Asus/Documents/dev_clock/vendor/laravel/framework/src/Illuminate/Cookie/Middleware/EncryptCookies.php(67): Illuminate/Pipeline/Pipeline->Illuminate/Pipeline/{closure}(Object(Illuminate/Http/Request))
#24 C:/Users/Asus/Documents/dev_clock/vendor/laravel/framework/src/Illuminate/Pipeline/Pipeline.php(183): Illuminate/Cookie/Middleware/EncryptCookies->handle(Object(Illuminate/Http/Request), Object(Closure))
#25 C:/Users/Asus/Documents/dev_clock/vendor/laravel/framework/src/Illuminate/Pipeline/Pipeline.php(119): Illuminate/Pipeline/Pipeline->Illuminate/Pipeline/{closure}(Object(Illuminate/Http/Request))
#26 C:/Users/Asus/Documents/dev_clock/vendor/laravel/framework/src/Illuminate/Routing/Router.php(805): Illuminate/Pipeline/Pipeline->then(Object(Closure))
#27 C:/Users/Asus/Documents/dev_clock/vendor/laravel/framework/src/Illuminate/Routing/Router.php(784): Illuminate/Routing/Router->runRouteWithinStack(Object(Illuminate/Routing/Route), Object(Illuminate/Http/Request))
#28 C:/Users/Asus/Documents/dev_clock/vendor/laravel/framework/src/Illuminate/Routing/Router.php(748): Illuminate/Routing/Router->runRoute(Object(Illuminate/Http/Request), Object(Illuminate/Routing/Route))
#29 C:/Users/Asus/Documents/dev_clock/vendor/laravel/framework/src/Illuminate/Routing/Router.php(737): Illuminate/Routing/Router->dispatchToRoute(Object(Illuminate/Http/Request))
#30 C:/Users/Asus/Documents/dev_clock/vendor/laravel/framework/src/Illuminate/Foundation/Http/Kernel.php(200): Illuminate/Routing/Router->dispatch(Object(Illuminate/Http/Request))
#31 C:/Users/Asus/Documents/dev_clock/vendor/laravel/framework/src/Illuminate/Pipeline/Pipeline.php(144): Illuminate/Foundation/Http/Kernel->Illuminate/Foundation/Http/{closure}(Object(Illuminate/Http/Request))
#32 C:/Users/Asus/Documents/dev_clock/vendor/laravel/framework/src/Illuminate/Foundation/Http/Middleware/TransformsRequest.php(21): Illuminate/Pipeline/Pipeline->Illuminate/Pipeline/{closure}(Object(Illuminate/Http/Request))
#33 C:/Users/Asus/Documents/dev_clock/vendor/laravel/framework/src/Illuminate/Foundation/Http/Middleware/ConvertEmptyStringsToNull.php(31): Illuminate/Foundation/Http/Middleware/TransformsRequest->handle(Object(Illuminate/Http/Request), Object(Closure))
#34 C:/Users/Asus/Documents/dev_clock/vendor/laravel/framework/src/Illuminate/Pipeline/Pipeline.php(183): Illuminate/Foundation/Http/Middleware/ConvertEmptyStringsToNull->handle(Object(Illuminate/Http/Request), Object(Closure))
#35 C:/Users/Asus/Documents/dev_clock/vendor/laravel/framework/src/Illuminate/Foundation/Http/Middleware/TransformsRequest.php(21): Illuminate/Pipeline/Pipeline->Illuminate/Pipeline/{closure}(Object(Illuminate/Http/Request))
#36 C:/Users/Asus/Documents/dev_clock/vendor/laravel/framework/src/Illuminate/Foundation/Http/Middleware/TrimStrings.php(40): Illuminate/Foundation/Http/Middleware/TransformsRequest->handle(Object(Illuminate/Http/Request), Object(Closure))
#37 C:/Users/Asus/Documents/dev_clock/vendor/laravel/framework/src/Illuminate/Pipeline/Pipeline.php(183): Illuminate/Foundation/Http/Middleware/TrimStrings->handle(Object(Illuminate/Http/Request), Object(Closure))
#38 C:/Users/Asus/Documents/dev_clock/vendor/laravel/framework/src/Illuminate/Foundation/Http/Middleware/ValidatePostSize.php(27): Illuminate/Pipeline/Pipeline->Illuminate/Pipeline/{closure}(Object(Illuminate/Http/Request))
#39 C:/Users/Asus/Documents/dev_clock/vendor/laravel/framework/src/Illuminate/Pipeline/Pipeline.php(183): Illuminate/Foundation/Http/Middleware/ValidatePostSize->handle(Object(Illuminate/Http/Request), Object(Closure))
#40 C:/Users/Asus/Documents/dev_clock/vendor/laravel/framework/src/Illuminate/Foundation/Http/Middleware/PreventRequestsDuringMaintenance.php(99): Illuminate/Pipeline/Pipeline->Illuminate/Pipeline/{closure}(Object(Illuminate/Http/Request))
#41 C:/Users/Asus/Documents/dev_clock/vendor/laravel/framework/src/Illuminate/Pipeline/Pipeline.php(183): Illuminate/Foundation/Http/Middleware/PreventRequestsDuringMaintenance->handle(Object(Illuminate/Http/Request), Object(Closure))
#42 C:/Users/Asus/Documents/dev_clock/vendor/laravel/framework/src/Illuminate/Pipeline/Pipeline.php(119): Illuminate/Pipeline/Pipeline->Illuminate/Pipeline/{closure}(Object(Illuminate/Http/Request))
#43 C:/Users/Asus/Documents/dev_clock/vendor/laravel/framework/src/Illuminate/Foundation/Http/Kernel.php(175): Illuminate/Pipeline/Pipeline->then(Object(Closure))
#44 C:/Users/Asus/Documents/dev_clock/vendor/laravel/framework/src/Illuminate/Foundation/Http/Kernel.php(144): Illuminate/Foundation/Http/Kernel->sendRequestThroughRouter(Object(Illuminate/Http/Request))
#45 C:/Users/Asus/Documents/dev_clock/public/index.php(18): Illuminate/Foundation/Http/Kernel->handle(Object(Illuminate/Http/Request))
#46 C:/Users/Asus/Documents/dev_clock/vendor/laravel/framework/src/Illuminate/Foundation/resources/server.php(16): require_once('C://Users//Asus//D...')
#47 {main}
"} 
[2026-07-11 21:25:27] local.ERROR: View [settings] not found. {"exception":"[object] (InvalidArgumentException(code: 0): View [settings] not found. at C:/Users/Asus/Documents/dev_clock/vendor/laravel/framework/src/Illuminate/View/FileViewFinder.php:137)
[stacktrace]
#0 C:/Users/Asus/Documents/dev_clock/vendor/laravel/framework/src/Illuminate/View/FileViewFinder.php(79): Illuminate/View/FileViewFinder->findInPaths('settings', Array)
#1 C:/Users/Asus/Documents/dev_clock/vendor/laravel/framework/src/Illuminate/View/Factory.php(137): Illuminate/View/FileViewFinder->find('settings')
#2 C:/Users/Asus/Documents/dev_clock/vendor/laravel/framework/src/Illuminate/Foundation/helpers.php(1020): Illuminate/View/Factory->make('settings', Array, Array)
#3 C:/Users/Asus/Documents/dev_clock/app/Http/Controllers/SettingsController.php(9): view('settings')
#4 C:/Users/Asus/Documents/dev_clock/vendor/laravel/framework/src/Illuminate/Routing/Controller.php(54): App/Http/Controllers/SettingsController->index()
#5 C:/Users/Asus/Documents/dev_clock/vendor/laravel/framework/src/Illuminate/Routing/ControllerDispatcher.php(43): Illuminate/Routing/Controller->callAction('index', Array)
#6 C:/Users/Asus/Documents/dev_clock/vendor/laravel/framework/src/Illuminate/Routing/Route.php(259): Illuminate/Routing/ControllerDispatcher->dispatch(Object(Illuminate/Routing/Route), Object(App/Http/Controllers/SettingsController), 'index')
#7 C:/Users/Asus/Documents/dev_clock/vendor/laravel/framework/src/Illuminate/Routing/Route.php(205): Illuminate/Routing/Route->runController()
#8 C:/Users/Asus/Documents/dev_clock/vendor/laravel/framework/src/Illuminate/Routing/Router.php(806): Illuminate/Routing/Route->run()
#9 C:/Users/Asus/Documents/dev_clock/vendor/laravel/framework/src/Illuminate/Pipeline/Pipeline.php(144): Illuminate/Routing/Router->Illuminate/Routing/{closure}(Object(Illuminate/Http/Request))
#10 C:/Users/Asus/Documents/dev_clock/app/Http/Middleware/ApiAuthMiddleware.php(19): Illuminate/Pipeline/Pipeline->Illuminate/Pipeline/{closure}(Object(Illuminate/Http/Request))
#11 C:/Users/Asus/Documents/dev_clock/vendor/laravel/framework/src/Illuminate/Pipeline/Pipeline.php(183): App/Http/Middleware/ApiAuthMiddleware->handle(Object(Illuminate/Http/Request), Object(Closure))
#12 C:/Users/Asus/Documents/dev_clock/vendor/laravel/framework/src/Illuminate/Routing/Middleware/SubstituteBindings.php(50): Illuminate/Pipeline/Pipeline->Illuminate/Pipeline/{closure}(Object(Illuminate/Http/Request))
#13 C:/Users/Asus/Documents/dev_clock/vendor/laravel/framework/src/Illuminate/Pipeline/Pipeline.php(183): Illuminate/Routing/Middleware/SubstituteBindings->handle(Object(Illuminate/Http/Request), Object(Closure))
#14 C:/Users/Asus/Documents/dev_clock/vendor/laravel/framework/src/Illuminate/Foundation/Http/Middleware/VerifyCsrfToken.php(78): Illuminate/Pipeline/Pipeline->Illuminate/Pipeline/{closure}(Object(Illuminate/Http/Request))
#15 C:/Users/Asus/Documents/dev_clock/vendor/laravel/framework/src/Illuminate/Pipeline/Pipeline.php(183): Illuminate/Foundation/Http/Middleware/VerifyCsrfToken->handle(Object(Illuminate/Http/Request), Object(Closure))
#16 C:/Users/Asus/Documents/dev_clock/vendor/laravel/framework/src/Illuminate/View/Middleware/ShareErrorsFromSession.php(49): Illuminate/Pipeline/Pipeline->Illuminate/Pipeline/{closure}(Object(Illuminate/Http/Request))
#17 C:/Users/Asus/Documents/dev_clock/vendor/laravel/framework/src/Illuminate/Pipeline/Pipeline.php(183): Illuminate/View/Middleware/ShareErrorsFromSession->handle(Object(Illuminate/Http/Request), Object(Closure))
#18 C:/Users/Asus/Documents/dev_clock/vendor/laravel/framework/src/Illuminate/Session/Middleware/StartSession.php(121): Illuminate/Pipeline/Pipeline->Illuminate/Pipeline/{closure}(Object(Illuminate/Http/Request))
#19 C:/Users/Asus/Documents/dev_clock/vendor/laravel/framework/src/Illuminate/Session/Middleware/StartSession.php(64): Illuminate/Session/Middleware/StartSession->handleStatefulRequest(Object(Illuminate/Http/Request), Object(Illuminate/Session/Store), Object(Closure))
#20 C:/Users/Asus/Documents/dev_clock/vendor/laravel/framework/src/Illuminate/Pipeline/Pipeline.php(183): Illuminate/Session/Middleware/StartSession->handle(Object(Illuminate/Http/Request), Object(Closure))
#21 C:/Users/Asus/Documents/dev_clock/vendor/laravel/framework/src/Illuminate/Cookie/Middleware/AddQueuedCookiesToResponse.php(37): Illuminate/Pipeline/Pipeline->Illuminate/Pipeline/{closure}(Object(Illuminate/Http/Request))
#22 C:/Users/Asus/Documents/dev_clock/vendor/laravel/framework/src/Illuminate/Pipeline/Pipeline.php(183): Illuminate/Cookie/Middleware/AddQueuedCookiesToResponse->handle(Object(Illuminate/Http/Request), Object(Closure))
#23 C:/Users/Asus/Documents/dev_clock/vendor/laravel/framework/src/Illuminate/Cookie/Middleware/EncryptCookies.php(67): Illuminate/Pipeline/Pipeline->Illuminate/Pipeline/{closure}(Object(Illuminate/Http/Request))
#24 C:/Users/Asus/Documents/dev_clock/vendor/laravel/framework/src/Illuminate/Pipeline/Pipeline.php(183): Illuminate/Cookie/Middleware/EncryptCookies->handle(Object(Illuminate/Http/Request), Object(Closure))
#25 C:/Users/Asus/Documents/dev_clock/vendor/laravel/framework/src/Illuminate/Pipeline/Pipeline.php(119): Illuminate/Pipeline/Pipeline->Illuminate/Pipeline/{closure}(Object(Illuminate/Http/Request))
#26 C:/Users/Asus/Documents/dev_clock/vendor/laravel/framework/src/Illuminate/Routing/Router.php(805): Illuminate/Pipeline/Pipeline->then(Object(Closure))
#27 C:/Users/Asus/Documents/dev_clock/vendor/laravel/framework/src/Illuminate/Routing/Router.php(784): Illuminate/Routing/Router->runRouteWithinStack(Object(Illuminate/Routing/Route), Object(Illuminate/Http/Request))
#28 C:/Users/Asus/Documents/dev_clock/vendor/laravel/framework/src/Illuminate/Routing/Router.php(748): Illuminate/Routing/Router->runRoute(Object(Illuminate/Http/Request), Object(Illuminate/Routing/Route))
#29 C:/Users/Asus/Documents/dev_clock/vendor/laravel/framework/src/Illuminate/Routing/Router.php(737): Illuminate/Routing/Router->dispatchToRoute(Object(Illuminate/Http/Request))
#30 C:/Users/Asus/Documents/dev_clock/vendor/laravel/framework/src/Illuminate/Foundation/Http/Kernel.php(200): Illuminate/Routing/Router->dispatch(Object(Illuminate/Http/Request))
#31 C:/Users/Asus/Documents/dev_clock/vendor/laravel/framework/src/Illuminate/Pipeline/Pipeline.php(144): Illuminate/Foundation/Http/Kernel->Illuminate/Foundation/Http/{closure}(Object(Illuminate/Http/Request))
#32 C:/Users/Asus/Documents/dev_clock/vendor/laravel/framework/src/Illuminate/Foundation/Http/Middleware/TransformsRequest.php(21): Illuminate/Pipeline/Pipeline->Illuminate/Pipeline/{closure}(Object(Illuminate/Http/Request))
#33 C:/Users/Asus/Documents/dev_clock/vendor/laravel/framework/src/Illuminate/Foundation/Http/Middleware/ConvertEmptyStringsToNull.php(31): Illuminate/Foundation/Http/Middleware/TransformsRequest->handle(Object(Illuminate/Http/Request), Object(Closure))
#34 C:/Users/Asus/Documents/dev_clock/vendor/laravel/framework/src/Illuminate/Pipeline/Pipeline.php(183): Illuminate/Foundation/Http/Middleware/ConvertEmptyStringsToNull->handle(Object(Illuminate/Http/Request), Object(Closure))
#35 C:/Users/Asus/Documents/dev_clock/vendor/laravel/framework/src/Illuminate/Foundation/Http/Middleware/TransformsRequest.php(21): Illuminate/Pipeline/Pipeline->Illuminate/Pipeline/{closure}(Object(Illuminate/Http/Request))
#36 C:/Users/Asus/Documents/dev_clock/vendor/laravel/framework/src/Illuminate/Foundation/Http/Middleware/TrimStrings.php(40): Illuminate/Foundation/Http/Middleware/TransformsRequest->handle(Object(Illuminate/Http/Request), Object(Closure))
#37 C:/Users/Asus/Documents/dev_clock/vendor/laravel/framework/src/Illuminate/Pipeline/Pipeline.php(183): Illuminate/Foundation/Http/Middleware/TrimStrings->handle(Object(Illuminate/Http/Request), Object(Closure))
#38 C:/Users/Asus/Documents/dev_clock/vendor/laravel/framework/src/Illuminate/Foundation/Http/Middleware/ValidatePostSize.php(27): Illuminate/Pipeline/Pipeline->Illuminate/Pipeline/{closure}(Object(Illuminate/Http/Request))
#39 C:/Users/Asus/Documents/dev_clock/vendor/laravel/framework/src/Illuminate/Pipeline/Pipeline.php(183): Illuminate/Foundation/Http/Middleware/ValidatePostSize->handle(Object(Illuminate/Http/Request), Object(Closure))
#40 C:/Users/Asus/Documents/dev_clock/vendor/laravel/framework/src/Illuminate/Foundation/Http/Middleware/PreventRequestsDuringMaintenance.php(99): Illuminate/Pipeline/Pipeline->Illuminate/Pipeline/{closure}(Object(Illuminate/Http/Request))
#41 C:/Users/Asus/Documents/dev_clock/vendor/laravel/framework/src/Illuminate/Pipeline/Pipeline.php(183): Illuminate/Foundation/Http/Middleware/PreventRequestsDuringMaintenance->handle(Object(Illuminate/Http/Request), Object(Closure))
#42 C:/Users/Asus/Documents/dev_clock/vendor/laravel/framework/src/Illuminate/Pipeline/Pipeline.php(119): Illuminate/Pipeline/Pipeline->Illuminate/Pipeline/{closure}(Object(Illuminate/Http/Request))
#43 C:/Users/Asus/Documents/dev_clock/vendor/laravel/framework/src/Illuminate/Foundation/Http/Kernel.php(175): Illuminate/Pipeline/Pipeline->then(Object(Closure))
#44 C:/Users/Asus/Documents/dev_clock/vendor/laravel/framework/src/Illuminate/Foundation/Http/Kernel.php(144): Illuminate/Foundation/Http/Kernel->sendRequestThroughRouter(Object(Illuminate/Http/Request))
#45 C:/Users/Asus/Documents/dev_clock/public/index.php(18): Illuminate/Foundation/Http/Kernel->handle(Object(Illuminate/Http/Request))
#46 C:/Users/Asus/Documents/dev_clock/vendor/laravel/framework/src/Illuminate/Foundation/resources/server.php(16): require_once('C://Users//Asus//D...')
#47 {main}
"} 
[2026-07-11 21:25:32] local.ERROR: View [report] not found. {"exception":"[object] (InvalidArgumentException(code: 0): View [report] not found. at C:/Users/Asus/Documents/dev_clock/vendor/laravel/framework/src/Illuminate/View/FileViewFinder.php:137)
[stacktrace]
#0 C:/Users/Asus/Documents/dev_clock/vendor/laravel/framework/src/Illuminate/View/FileViewFinder.php(79): Illuminate/View/FileViewFinder->findInPaths('report', Array)
#1 C:/Users/Asus/Documents/dev_clock/vendor/laravel/framework/src/Illuminate/View/Factory.php(137): Illuminate/View/FileViewFinder->find('report')
#2 C:/Users/Asus/Documents/dev_clock/vendor/laravel/framework/src/Illuminate/Foundation/helpers.php(1020): Illuminate/View/Factory->make('report', Array, Array)
#3 C:/Users/Asus/Documents/dev_clock/app/Http/Controllers/ReportController.php(9): view('report')
#4 C:/Users/Asus/Documents/dev_clock/vendor/laravel/framework/src/Illuminate/Routing/Controller.php(54): App/Http/Controllers/ReportController->index()
#5 C:/Users/Asus/Documents/dev_clock/vendor/laravel/framework/src/Illuminate/Routing/ControllerDispatcher.php(43): Illuminate/Routing/Controller->callAction('index', Array)
#6 C:/Users/Asus/Documents/dev_clock/vendor/laravel/framework/src/Illuminate/Routing/Route.php(259): Illuminate/Routing/ControllerDispatcher->dispatch(Object(Illuminate/Routing/Route), Object(App/Http/Controllers/ReportController), 'index')
#7 C:/Users/Asus/Documents/dev_clock/vendor/laravel/framework/src/Illuminate/Routing/Route.php(205): Illuminate/Routing/Route->runController()
#8 C:/Users/Asus/Documents/dev_clock/vendor/laravel/framework/src/Illuminate/Routing/Router.php(806): Illuminate/Routing/Route->run()
#9 C:/Users/Asus/Documents/dev_clock/vendor/laravel/framework/src/Illuminate/Pipeline/Pipeline.php(144): Illuminate/Routing/Router->Illuminate/Routing/{closure}(Object(Illuminate/Http/Request))
#10 C:/Users/Asus/Documents/dev_clock/app/Http/Middleware/ApiAuthMiddleware.php(19): Illuminate/Pipeline/Pipeline->Illuminate/Pipeline/{closure}(Object(Illuminate/Http/Request))
#11 C:/Users/Asus/Documents/dev_clock/vendor/laravel/framework/src/Illuminate/Pipeline/Pipeline.php(183): App/Http/Middleware/ApiAuthMiddleware->handle(Object(Illuminate/Http/Request), Object(Closure))
#12 C:/Users/Asus/Documents/dev_clock/vendor/laravel/framework/src/Illuminate/Routing/Middleware/SubstituteBindings.php(50): Illuminate/Pipeline/Pipeline->Illuminate/Pipeline/{closure}(Object(Illuminate/Http/Request))
#13 C:/Users/Asus/Documents/dev_clock/vendor/laravel/framework/src/Illuminate/Pipeline/Pipeline.php(183): Illuminate/Routing/Middleware/SubstituteBindings->handle(Object(Illuminate/Http/Request), Object(Closure))
#14 C:/Users/Asus/Documents/dev_clock/vendor/laravel/framework/src/Illuminate/Foundation/Http/Middleware/VerifyCsrfToken.php(78): Illuminate/Pipeline/Pipeline->Illuminate/Pipeline/{closure}(Object(Illuminate/Http/Request))
#15 C:/Users/Asus/Documents/dev_clock/vendor/laravel/framework/src/Illuminate/Pipeline/Pipeline.php(183): Illuminate/Foundation/Http/Middleware/VerifyCsrfToken->handle(Object(Illuminate/Http/Request), Object(Closure))
#16 C:/Users/Asus/Documents/dev_clock/vendor/laravel/framework/src/Illuminate/View/Middleware/ShareErrorsFromSession.php(49): Illuminate/Pipeline/Pipeline->Illuminate/Pipeline/{closure}(Object(Illuminate/Http/Request))
#17 C:/Users/Asus/Documents/dev_clock/vendor/laravel/framework/src/Illuminate/Pipeline/Pipeline.php(183): Illuminate/View/Middleware/ShareErrorsFromSession->handle(Object(Illuminate/Http/Request), Object(Closure))
#18 C:/Users/Asus/Documents/dev_clock/vendor/laravel/framework/src/Illuminate/Session/Middleware/StartSession.php(121): Illuminate/Pipeline/Pipeline->Illuminate/Pipeline/{closure}(Object(Illuminate/Http/Request))
#19 C:/Users/Asus/Documents/dev_clock/vendor/laravel/framework/src/Illuminate/Session/Middleware/StartSession.php(64): Illuminate/Session/Middleware/StartSession->handleStatefulRequest(Object(Illuminate/Http/Request), Object(Illuminate/Session/Store), Object(Closure))
#20 C:/Users/Asus/Documents/dev_clock/vendor/laravel/framework/src/Illuminate/Pipeline/Pipeline.php(183): Illuminate/Session/Middleware/StartSession->handle(Object(Illuminate/Http/Request), Object(Closure))
#21 C:/Users/Asus/Documents/dev_clock/vendor/laravel/framework/src/Illuminate/Cookie/Middleware/AddQueuedCookiesToResponse.php(37): Illuminate/Pipeline/Pipeline->Illuminate/Pipeline/{closure}(Object(Illuminate/Http/Request))
#22 C:/Users/Asus/Documents/dev_clock/vendor/laravel/framework/src/Illuminate/Pipeline/Pipeline.php(183): Illuminate/Cookie/Middleware/AddQueuedCookiesToResponse->handle(Object(Illuminate/Http/Request), Object(Closure))
#23 C:/Users/Asus/Documents/dev_clock/vendor/laravel/framework/src/Illuminate/Cookie/Middleware/EncryptCookies.php(67): Illuminate/Pipeline/Pipeline->Illuminate/Pipeline/{closure}(Object(Illuminate/Http/Request))
#24 C:/Users/Asus/Documents/dev_clock/vendor/laravel/framework/src/Illuminate/Pipeline/Pipeline.php(183): Illuminate/Cookie/Middleware/EncryptCookies->handle(Object(Illuminate/Http/Request), Object(Closure))
#25 C:/Users/Asus/Documents/dev_clock/vendor/laravel/framework/src/Illuminate/Pipeline/Pipeline.php(119): Illuminate/Pipeline/Pipeline->Illuminate/Pipeline/{closure}(Object(Illuminate/Http/Request))
#26 C:/Users/Asus/Documents/dev_clock/vendor/laravel/framework/src/Illuminate/Routing/Router.php(805): Illuminate/Pipeline/Pipeline->then(Object(Closure))
#27 C:/Users/Asus/Documents/dev_clock/vendor/laravel/framework/src/Illuminate/Routing/Router.php(784): Illuminate/Routing/Router->runRouteWithinStack(Object(Illuminate/Routing/Route), Object(Illuminate/Http/Request))
#28 C:/Users/Asus/Documents/dev_clock/vendor/laravel/framework/src/Illuminate/Routing/Router.php(748): Illuminate/Routing/Router->runRoute(Object(Illuminate/Http/Request), Object(Illuminate/Routing/Route))
#29 C:/Users/Asus/Documents/dev_clock/vendor/laravel/framework/src/Illuminate/Routing/Router.php(737): Illuminate/Routing/Router->dispatchToRoute(Object(Illuminate/Http/Request))
#30 C:/Users/Asus/Documents/dev_clock/vendor/laravel/framework/src/Illuminate/Foundation/Http/Kernel.php(200): Illuminate/Routing/Router->dispatch(Object(Illuminate/Http/Request))
#31 C:/Users/Asus/Documents/dev_clock/vendor/laravel/framework/src/Illuminate/Pipeline/Pipeline.php(144): Illuminate/Foundation/Http/Kernel->Illuminate/Foundation/Http/{closure}(Object(Illuminate/Http/Request))
#32 C:/Users/Asus/Documents/dev_clock/vendor/laravel/framework/src/Illuminate/Foundation/Http/Middleware/TransformsRequest.php(21): Illuminate/Pipeline/Pipeline->Illuminate/Pipeline/{closure}(Object(Illuminate/Http/Request))
#33 C:/Users/Asus/Documents/dev_clock/vendor/laravel/framework/src/Illuminate/Foundation/Http/Middleware/ConvertEmptyStringsToNull.php(31): Illuminate/Foundation/Http/Middleware/TransformsRequest->handle(Object(Illuminate/Http/Request), Object(Closure))
#34 C:/Users/Asus/Documents/dev_clock/vendor/laravel/framework/src/Illuminate/Pipeline/Pipeline.php(183): Illuminate/Foundation/Http/Middleware/ConvertEmptyStringsToNull->handle(Object(Illuminate/Http/Request), Object(Closure))
#35 C:/Users/Asus/Documents/dev_clock/vendor/laravel/framework/src/Illuminate/Foundation/Http/Middleware/TransformsRequest.php(21): Illuminate/Pipeline/Pipeline->Illuminate/Pipeline/{closure}(Object(Illuminate/Http/Request))
#36 C:/Users/Asus/Documents/dev_clock/vendor/laravel/framework/src/Illuminate/Foundation/Http/Middleware/TrimStrings.php(40): Illuminate/Foundation/Http/Middleware/TransformsRequest->handle(Object(Illuminate/Http/Request), Object(Closure))
#37 C:/Users/Asus/Documents/dev_clock/vendor/laravel/framework/src/Illuminate/Pipeline/Pipeline.php(183): Illuminate/Foundation/Http/Middleware/TrimStrings->handle(Object(Illuminate/Http/Request), Object(Closure))
#38 C:/Users/Asus/Documents/dev_clock/vendor/laravel/framework/src/Illuminate/Foundation/Http/Middleware/ValidatePostSize.php(27): Illuminate/Pipeline/Pipeline->Illuminate/Pipeline/{closure}(Object(Illuminate/Http/Request))
#39 C:/Users/Asus/Documents/dev_clock/vendor/laravel/framework/src/Illuminate/Pipeline/Pipeline.php(183): Illuminate/Foundation/Http/Middleware/ValidatePostSize->handle(Object(Illuminate/Http/Request), Object(Closure))
#40 C:/Users/Asus/Documents/dev_clock/vendor/laravel/framework/src/Illuminate/Foundation/Http/Middleware/PreventRequestsDuringMaintenance.php(99): Illuminate/Pipeline/Pipeline->Illuminate/Pipeline/{closure}(Object(Illuminate/Http/Request))
#41 C:/Users/Asus/Documents/dev_clock/vendor/laravel/framework/src/Illuminate/Pipeline/Pipeline.php(183): Illuminate/Foundation/Http/Middleware/PreventRequestsDuringMaintenance->handle(Object(Illuminate/Http/Request), Object(Closure))
#42 C:/Users/Asus/Documents/dev_clock/vendor/laravel/framework/src/Illuminate/Pipeline/Pipeline.php(119): Illuminate/Pipeline/Pipeline->Illuminate/Pipeline/{closure}(Object(Illuminate/Http/Request))
#43 C:/Users/Asus/Documents/dev_clock/vendor/laravel/framework/src/Illuminate/Foundation/Http/Kernel.php(175): Illuminate/Pipeline/Pipeline->then(Object(Closure))
#44 C:/Users/Asus/Documents/dev_clock/vendor/laravel/framework/src/Illuminate/Foundation/Http/Kernel.php(144): Illuminate/Foundation/Http/Kernel->sendRequestThroughRouter(Object(Illuminate/Http/Request))
#45 C:/Users/Asus/Documents/dev_clock/public/index.php(18): Illuminate/Foundation/Http/Kernel->handle(Object(Illuminate/Http/Request))
#46 C:/Users/Asus/Documents/dev_clock/vendor/laravel/framework/src/Illuminate/Foundation/resources/server.php(16): require_once('C://Users//Asus//D...')
#47 {main}
"} 
[2026-07-12 00:58:09] local.ERROR: Route [report.download] not defined. {"view":{"view":"C:\\Users\\Asus\\Documents\\dev_clock\\resources\\views\\report.blade.php","data":{"errors":"<pre class=sf-dump id=sf-dump-1933198616 data-indent-pad=\"  \"><span class=sf-dump-note>Illuminate\\Support\\ViewErrorBag</span> {<a class=sf-dump-ref>#290</a><samp data-depth=1 class=sf-dump-expanded>
  #<span class=sf-dump-protected title=\"Protected property\">bags</span>: []
</samp>}
</pre><script>Sfdump(\"sf-dump-1933198616\", {\"maxDepth\":3,\"maxStringLength\":160})</script>
","calendar":"<pre class=sf-dump id=sf-dump-1952234740 data-indent-pad=\"  \"><span class=sf-dump-note>array:5</span> [<samp data-depth=1 class=sf-dump-expanded>
  \"<span class=sf-dump-key>success</span>\" => <span class=sf-dump-const>true</span>
  \"<span class=sf-dump-key>message</span>\" => \"<span class=sf-dump-str title=\"36 characters\">Calendar report fetched successfully</span>\"
  \"<span class=sf-dump-key>month</span>\" => \"<span class=sf-dump-str title=\"7 characters\">2026-07</span>\"
  \"<span class=sf-dump-key>counts</span>\" => <span class=sf-dump-note>array:6</span> [<samp data-depth=2 class=sf-dump-compact>
    \"<span class=sf-dump-key>present</span>\" => <span class=sf-dump-num>9</span>
    \"<span class=sf-dump-key>half_time</span>\" => <span class=sf-dump-num>0</span>
    \"<span class=sf-dump-key>leave</span>\" => <span class=sf-dump-num>0</span>
    \"<span class=sf-dump-key>absent</span>\" => <span class=sf-dump-num>1</span>
    \"<span class=sf-dump-key>holiday</span>\" => <span class=sf-dump-num>0</span>
    \"<span class=sf-dump-key>week_off</span>\" => <span class=sf-dump-num>4</span>
  </samp>]
  \"<span class=sf-dump-key>days</span>\" => <span class=sf-dump-note>array:31</span> [<samp data-depth=2 class=sf-dump-compact>
    <span class=sf-dump-index>0</span> => <span class=sf-dump-note>array:7</span> [<samp data-depth=3 class=sf-dump-compact>
      \"<span class=sf-dump-key>date</span>\" => \"<span class=sf-dump-str title=\"10 characters\">2026-07-01</span>\"
      \"<span class=sf-dump-key>status</span>\" => \"<span class=sf-dump-str title=\"7 characters\">present</span>\"
      \"<span class=sf-dump-key>type</span>\" => \"<span class=sf-dump-str title=\"4 characters\">self</span>\"
      \"<span class=sf-dump-key>punch_in_time</span>\" => \"<span class=sf-dump-str title=\"19 characters\">2026-07-01 10:30:36</span>\"
      \"<span class=sf-dump-key>punch_out_time</span>\" => <span class=sf-dump-const>null</span>
      \"<span class=sf-dump-key>punch_in_location</span>\" => \"<span class=sf-dump-str title=\"70 characters\">800001, Pirmuhani, Salimpur Ahra, Golambar, Patna, Bihar 800001, India</span>\"
      \"<span class=sf-dump-key>punch_out_location</span>\" => <span class=sf-dump-const>null</span>
    </samp>]
    <span class=sf-dump-index>1</span> => <span class=sf-dump-note>array:7</span> [<samp data-depth=3 class=sf-dump-compact>
      \"<span class=sf-dump-key>date</span>\" => \"<span class=sf-dump-str title=\"10 characters\">2026-07-02</span>\"
      \"<span class=sf-dump-key>status</span>\" => \"<span class=sf-dump-str title=\"7 characters\">present</span>\"
      \"<span class=sf-dump-key>type</span>\" => \"<span class=sf-dump-str title=\"4 characters\">self</span>\"
      \"<span class=sf-dump-key>punch_in_time</span>\" => \"<span class=sf-dump-str title=\"19 characters\">2026-07-02 10:26:58</span>\"
      \"<span class=sf-dump-key>punch_out_time</span>\" => <span class=sf-dump-const>null</span>
      \"<span class=sf-dump-key>punch_in_location</span>\" => \"<span class=sf-dump-str title=\"70 characters\">800001, Pirmuhani, Salimpur Ahra, Golambar, Patna, Bihar 800001, India</span>\"
      \"<span class=sf-dump-key>punch_out_location</span>\" => <span class=sf-dump-const>null</span>
    </samp>]
    <span class=sf-dump-index>2</span> => <span class=sf-dump-note>array:7</span> [<samp data-depth=3 class=sf-dump-compact>
      \"<span class=sf-dump-key>date</span>\" => \"<span class=sf-dump-str title=\"10 characters\">2026-07-03</span>\"
      \"<span class=sf-dump-key>status</span>\" => \"<span class=sf-dump-str title=\"7 characters\">present</span>\"
      \"<span class=sf-dump-key>type</span>\" => \"<span class=sf-dump-str title=\"4 characters\">self</span>\"
      \"<span class=sf-dump-key>punch_in_time</span>\" => \"<span class=sf-dump-str title=\"19 characters\">2026-07-03 10:36:37</span>\"
      \"<span class=sf-dump-key>punch_out_time</span>\" => <span class=sf-dump-const>null</span>
      \"<span class=sf-dump-key>punch_in_location</span>\" => \"<span class=sf-dump-str title=\"80 characters\">J46X+F6V, Nawal Kishore Rd, Salimpur Ahra, Kadamkuan, Patna, Bihar 800003, India</span>\"
      \"<span class=sf-dump-key>punch_out_location</span>\" => <span class=sf-dump-const>null</span>
    </samp>]
    <span class=sf-dump-index>3</span> => <span class=sf-dump-note>array:7</span> [<samp data-depth=3 class=sf-dump-compact>
      \"<span class=sf-dump-key>date</span>\" => \"<span class=sf-dump-str title=\"10 characters\">2026-07-04</span>\"
      \"<span class=sf-dump-key>status</span>\" => \"<span class=sf-dump-str title=\"7 characters\">present</span>\"
      \"<span class=sf-dump-key>type</span>\" => \"<span class=sf-dump-str title=\"4 characters\">self</span>\"
      \"<span class=sf-dump-key>punch_in_time</span>\" => \"<span class=sf-dump-str title=\"19 characters\">2026-07-04 10:24:52</span>\"
      \"<span class=sf-dump-key>punch_out_time</span>\" => <span class=sf-dump-const>null</span>
      \"<span class=sf-dump-key>punch_in_location</span>\" => \"<span class=sf-dump-str title=\"70 characters\">800001, Pirmuhani, Salimpur Ahra, Golambar, Patna, Bihar 800001, India</span>\"
      \"<span class=sf-dump-key>punch_out_location</span>\" => <span class=sf-dump-const>null</span>
    </samp>]
    <span class=sf-dump-index>4</span> => <span class=sf-dump-note>array:2</span> [<samp data-depth=3 class=sf-dump-compact>
      \"<span class=sf-dump-key>date</span>\" => \"<span class=sf-dump-str title=\"10 characters\">2026-07-05</span>\"
      \"<span class=sf-dump-key>status</span>\" => \"<span class=sf-dump-str title=\"8 characters\">week_off</span>\"
    </samp>]
    <span class=sf-dump-index>5</span> => <span class=sf-dump-note>array:7</span> [<samp data-depth=3 class=sf-dump-compact>
      \"<span class=sf-dump-key>date</span>\" => \"<span class=sf-dump-str title=\"10 characters\">2026-07-06</span>\"
      \"<span class=sf-dump-key>status</span>\" => \"<span class=sf-dump-str title=\"7 characters\">present</span>\"
      \"<span class=sf-dump-key>type</span>\" => \"<span class=sf-dump-str title=\"4 characters\">self</span>\"
      \"<span class=sf-dump-key>punch_in_time</span>\" => \"<span class=sf-dump-str title=\"19 characters\">2026-07-06 10:36:14</span>\"
      \"<span class=sf-dump-key>punch_out_time</span>\" => <span class=sf-dump-const>null</span>
      \"<span class=sf-dump-key>punch_in_location</span>\" => \"<span class=sf-dump-str title=\"70 characters\">800001, Pirmuhani, Salimpur Ahra, Golambar, Patna, Bihar 800001, India</span>\"
      \"<span class=sf-dump-key>punch_out_location</span>\" => <span class=sf-dump-const>null</span>
    </samp>]
    <span class=sf-dump-index>6</span> => <span class=sf-dump-note>array:7</span> [<samp data-depth=3 class=sf-dump-compact>
      \"<span class=sf-dump-key>date</span>\" => \"<span class=sf-dump-str title=\"10 characters\">2026-07-07</span>\"
      \"<span class=sf-dump-key>status</span>\" => \"<span class=sf-dump-str title=\"7 characters\">present</span>\"
      \"<span class=sf-dump-key>type</span>\" => \"<span class=sf-dump-str title=\"4 characters\">self</span>\"
      \"<span class=sf-dump-key>punch_in_time</span>\" => \"<span class=sf-dump-str title=\"19 characters\">2026-07-07 10:32:14</span>\"
      \"<span class=sf-dump-key>punch_out_time</span>\" => <span class=sf-dump-const>null</span>
      \"<span class=sf-dump-key>punch_in_location</span>\" => \"<span class=sf-dump-str title=\"85 characters\">Lane No 1, Daldali Rd, Pirmuhani, Salimpur Ahra, Golambar, Patna, Bihar 800003, India</span>\"
      \"<span class=sf-dump-key>punch_out_location</span>\" => <span class=sf-dump-const>null</span>
    </samp>]
    <span class=sf-dump-index>7</span> => <span class=sf-dump-note>array:7</span> [<samp data-depth=3 class=sf-dump-compact>
      \"<span class=sf-dump-key>date</span>\" => \"<span class=sf-dump-str title=\"10 characters\">2026-07-08</span>\"
      \"<span class=sf-dump-key>status</span>\" => \"<span class=sf-dump-str title=\"7 characters\">present</span>\"
      \"<span class=sf-dump-key>type</span>\" => \"<span class=sf-dump-str title=\"4 characters\">self</span>\"
      \"<span class=sf-dump-key>punch_in_time</span>\" => \"<span class=sf-dump-str title=\"19 characters\">2026-07-08 10:35:36</span>\"
      \"<span class=sf-dump-key>punch_out_time</span>\" => <span class=sf-dump-const>null</span>
      \"<span class=sf-dump-key>punch_in_location</span>\" => \"<span class=sf-dump-str title=\"85 characters\">Lane No 1, Daldali Rd, Pirmuhani, Salimpur Ahra, Golambar, Patna, Bihar 800003, India</span>\"
      \"<span class=sf-dump-key>punch_out_location</span>\" => <span class=sf-dump-const>null</span>
    </samp>]
    <span class=sf-dump-index>8</span> => <span class=sf-dump-note>array:7</span> [<samp data-depth=3 class=sf-dump-compact>
      \"<span class=sf-dump-key>date</span>\" => \"<span class=sf-dump-str title=\"10 characters\">2026-07-09</span>\"
      \"<span class=sf-dump-key>status</span>\" => \"<span class=sf-dump-str title=\"7 characters\">present</span>\"
      \"<span class=sf-dump-key>type</span>\" => \"<span class=sf-dump-str title=\"4 characters\">self</span>\"
      \"<span class=sf-dump-key>punch_in_time</span>\" => \"<span class=sf-dump-str title=\"19 characters\">2026-07-09 10:32:54</span>\"
      \"<span class=sf-dump-key>punch_out_time</span>\" => \"<span class=sf-dump-str title=\"19 characters\">2026-07-09 10:32:59</span>\"
      \"<span class=sf-dump-key>punch_in_location</span>\" => \"<span class=sf-dump-str title=\"85 characters\">Lane No 1, Daldali Rd, Pirmuhani, Salimpur Ahra, Golambar, Patna, Bihar 800003, India</span>\"
      \"<span class=sf-dump-key>punch_out_location</span>\" => \"<span class=sf-dump-str title=\"85 characters\">Lane No 1, Daldali Rd, Pirmuhani, Salimpur Ahra, Golambar, Patna, Bihar 800003, India</span>\"
    </samp>]
    <span class=sf-dump-index>9</span> => <span class=sf-dump-note>array:7</span> [<samp data-depth=3 class=sf-dump-compact>
      \"<span class=sf-dump-key>date</span>\" => \"<span class=sf-dump-str title=\"10 characters\">2026-07-10</span>\"
      \"<span class=sf-dump-key>status</span>\" => \"<span class=sf-dump-str title=\"7 characters\">present</span>\"
      \"<span class=sf-dump-key>type</span>\" => \"<span class=sf-dump-str title=\"4 characters\">self</span>\"
      \"<span class=sf-dump-key>punch_in_time</span>\" => \"<span class=sf-dump-str title=\"19 characters\">2026-07-10 10:40:04</span>\"
      \"<span class=sf-dump-key>punch_out_time</span>\" => \"<span class=sf-dump-str title=\"19 characters\">2026-07-10 10:40:10</span>\"
      \"<span class=sf-dump-key>punch_in_location</span>\" => \"<span class=sf-dump-str title=\"85 characters\">Lane No 1, Daldali Rd, Pirmuhani, Salimpur Ahra, Golambar, Patna, Bihar 800003, India</span>\"
      \"<span class=sf-dump-key>punch_out_location</span>\" => \"<span class=sf-dump-str title=\"85 characters\">Lane No 1, Daldali Rd, Pirmuhani, Salimpur Ahra, Golambar, Patna, Bihar 800003, India</span>\"
    </samp>]
    <span class=sf-dump-index>10</span> => <span class=sf-dump-note>array:2</span> [<samp data-depth=3 class=sf-dump-compact>
      \"<span class=sf-dump-key>date</span>\" => \"<span class=sf-dump-str title=\"10 characters\">2026-07-11</span>\"
      \"<span class=sf-dump-key>status</span>\" => \"<span class=sf-dump-str title=\"6 characters\">absent</span>\"
    </samp>]
    <span class=sf-dump-index>11</span> => <span class=sf-dump-note>array:2</span> [<samp data-depth=3 class=sf-dump-compact>
      \"<span class=sf-dump-key>date</span>\" => \"<span class=sf-dump-str title=\"10 characters\">2026-07-12</span>\"
      \"<span class=sf-dump-key>status</span>\" => \"<span class=sf-dump-str title=\"8 characters\">week_off</span>\"
    </samp>]
    <span class=sf-dump-index>12</span> => <span class=sf-dump-note>array:2</span> [<samp data-depth=3 class=sf-dump-compact>
      \"<span class=sf-dump-key>date</span>\" => \"<span class=sf-dump-str title=\"10 characters\">2026-07-13</span>\"
      \"<span class=sf-dump-key>status</span>\" => <span class=sf-dump-const>null</span>
    </samp>]
    <span class=sf-dump-index>13</span> => <span class=sf-dump-note>array:2</span> [<samp data-depth=3 class=sf-dump-compact>
      \"<span class=sf-dump-key>date</span>\" => \"<span class=sf-dump-str title=\"10 characters\">2026-07-14</span>\"
      \"<span class=sf-dump-key>status</span>\" => <span class=sf-dump-const>null</span>
    </samp>]
    <span class=sf-dump-index>14</span> => <span class=sf-dump-note>array:2</span> [<samp data-depth=3 class=sf-dump-compact>
      \"<span class=sf-dump-key>date</span>\" => \"<span class=sf-dump-str title=\"10 characters\">2026-07-15</span>\"
      \"<span class=sf-dump-key>status</span>\" => <span class=sf-dump-const>null</span>
    </samp>]
    <span class=sf-dump-index>15</span> => <span class=sf-dump-note>array:2</span> [<samp data-depth=3 class=sf-dump-compact>
      \"<span class=sf-dump-key>date</span>\" => \"<span class=sf-dump-str title=\"10 characters\">2026-07-16</span>\"
      \"<span class=sf-dump-key>status</span>\" => <span class=sf-dump-const>null</span>
    </samp>]
    <span class=sf-dump-index>16</span> => <span class=sf-dump-note>array:2</span> [<samp data-depth=3 class=sf-dump-compact>
      \"<span class=sf-dump-key>date</span>\" => \"<span class=sf-dump-str title=\"10 characters\">2026-07-17</span>\"
      \"<span class=sf-dump-key>status</span>\" => <span class=sf-dump-const>null</span>
    </samp>]
    <span class=sf-dump-index>17</span> => <span class=sf-dump-note>array:2</span> [<samp data-depth=3 class=sf-dump-compact>
      \"<span class=sf-dump-key>date</span>\" => \"<span class=sf-dump-str title=\"10 characters\">2026-07-18</span>\"
      \"<span class=sf-dump-key>status</span>\" => <span class=sf-dump-const>null</span>
    </samp>]
    <span class=sf-dump-index>18</span> => <span class=sf-dump-note>array:2</span> [<samp data-depth=3 class=sf-dump-compact>
      \"<span class=sf-dump-key>date</span>\" => \"<span class=sf-dump-str title=\"10 characters\">2026-07-19</span>\"
      \"<span class=sf-dump-key>status</span>\" => \"<span class=sf-dump-str title=\"8 characters\">week_off</span>\"
    </samp>]
    <span class=sf-dump-index>19</span> => <span class=sf-dump-note>array:2</span> [<samp data-depth=3 class=sf-dump-compact>
      \"<span class=sf-dump-key>date</span>\" => \"<span class=sf-dump-str title=\"10 characters\">2026-07-20</span>\"
      \"<span class=sf-dump-key>status</span>\" => <span class=sf-dump-const>null</span>
    </samp>]
    <span class=sf-dump-index>20</span> => <span class=sf-dump-note>array:2</span> [<samp data-depth=3 class=sf-dump-compact>
      \"<span class=sf-dump-key>date</span>\" => \"<span class=sf-dump-str title=\"10 characters\">2026-07-21</span>\"
      \"<span class=sf-dump-key>status</span>\" => <span class=sf-dump-const>null</span>
    </samp>]
    <span class=sf-dump-index>21</span> => <span class=sf-dump-note>array:2</span> [<samp data-depth=3 class=sf-dump-compact>
      \"<span class=sf-dump-key>date</span>\" => \"<span class=sf-dump-str title=\"10 characters\">2026-07-22</span>\"
      \"<span class=sf-dump-key>status</span>\" => <span class=sf-dump-const>null</span>
    </samp>]
    <span class=sf-dump-index>22</span> => <span class=sf-dump-note>array:2</span> [<samp data-depth=3 class=sf-dump-compact>
      \"<span class=sf-dump-key>date</span>\" => \"<span class=sf-dump-str title=\"10 characters\">2026-07-23</span>\"
      \"<span class=sf-dump-key>status</span>\" => <span class=sf-dump-const>null</span>
    </samp>]
    <span class=sf-dump-index>23</span> => <span class=sf-dump-note>array:2</span> [<samp data-depth=3 class=sf-dump-compact>
      \"<span class=sf-dump-key>date</span>\" => \"<span class=sf-dump-str title=\"10 characters\">2026-07-24</span>\"
      \"<span class=sf-dump-key>status</span>\" => <span class=sf-dump-const>null</span>
    </samp>]
    <span class=sf-dump-index>24</span> => <span class=sf-dump-note>array:2</span> [<samp data-depth=3 class=sf-dump-compact>
      \"<span class=sf-dump-key>date</span>\" => \"<span class=sf-dump-str title=\"10 characters\">2026-07-25</span>\"
      \"<span class=sf-dump-key>status</span>\" => <span class=sf-dump-const>null</span>
    </samp>]
    <span class=sf-dump-index>25</span> => <span class=sf-dump-note>array:2</span> [<samp data-depth=3 class=sf-dump-compact>
      \"<span class=sf-dump-key>date</span>\" => \"<span class=sf-dump-str title=\"10 characters\">2026-07-26</span>\"
      \"<span class=sf-dump-key>status</span>\" => \"<span class=sf-dump-str title=\"8 characters\">week_off</span>\"
    </samp>]
    <span class=sf-dump-index>26</span> => <span class=sf-dump-note>array:2</span> [<samp data-depth=3 class=sf-dump-compact>
      \"<span class=sf-dump-key>date</span>\" => \"<span class=sf-dump-str title=\"10 characters\">2026-07-27</span>\"
      \"<span class=sf-dump-key>status</span>\" => <span class=sf-dump-const>null</span>
    </samp>]
    <span class=sf-dump-index>27</span> => <span class=sf-dump-note>array:2</span> [<samp data-depth=3 class=sf-dump-compact>
      \"<span class=sf-dump-key>date</span>\" => \"<span class=sf-dump-str title=\"10 characters\">2026-07-28</span>\"
      \"<span class=sf-dump-key>status</span>\" => <span class=sf-dump-const>null</span>
    </samp>]
    <span class=sf-dump-index>28</span> => <span class=sf-dump-note>array:2</span> [<samp data-depth=3 class=sf-dump-compact>
      \"<span class=sf-dump-key>date</span>\" => \"<span class=sf-dump-str title=\"10 characters\">2026-07-29</span>\"
      \"<span class=sf-dump-key>status</span>\" => <span class=sf-dump-const>null</span>
    </samp>]
    <span class=sf-dump-index>29</span> => <span class=sf-dump-note>array:2</span> [<samp data-depth=3 class=sf-dump-compact>
      \"<span class=sf-dump-key>date</span>\" => \"<span class=sf-dump-str title=\"10 characters\">2026-07-30</span>\"
      \"<span class=sf-dump-key>status</span>\" => <span class=sf-dump-const>null</span>
    </samp>]
    <span class=sf-dump-index>30</span> => <span class=sf-dump-note>array:2</span> [<samp data-depth=3 class=sf-dump-compact>
      \"<span class=sf-dump-key>date</span>\" => \"<span class=sf-dump-str title=\"10 characters\">2026-07-31</span>\"
      \"<span class=sf-dump-key>status</span>\" => <span class=sf-dump-const>null</span>
    </samp>]
  </samp>]
</samp>]
</pre><script>Sfdump(\"sf-dump-1952234740\", {\"maxDepth\":3,\"maxStringLength\":160})</script>
","month":"<pre class=sf-dump id=sf-dump-1572254247 data-indent-pad=\"  \">\"<span class=sf-dump-str title=\"7 characters\">2026-07</span>\"
</pre><script>Sfdump(\"sf-dump-1572254247\", {\"maxDepth\":3,\"maxStringLength\":160})</script>
","apiError":"<pre class=sf-dump id=sf-dump-844054623 data-indent-pad=\"  \"><span class=sf-dump-const>null</span>
</pre><script>Sfdump(\"sf-dump-844054623\", {\"maxDepth\":3,\"maxStringLength\":160})</script>
","userId":"<pre class=sf-dump id=sf-dump-2122283374 data-indent-pad=\"  \"><span class=sf-dump-num>10</span>
</pre><script>Sfdump(\"sf-dump-2122283374\", {\"maxDepth\":3,\"maxStringLength\":160})</script>
"}},"exception":"[object] (Spatie\\LaravelIgnition\\Exceptions\\ViewException(code: 0): Route [report.download] not defined. at C:/Users/Asus/Documents/dev_clock/vendor/laravel/framework/src/Illuminate/Routing/UrlGenerator.php:477)
[stacktrace]
#0 C:/Users/Asus/Documents/dev_clock/vendor/laravel/framework/src/Illuminate/Foundation/helpers.php(811): Illuminate/Routing/UrlGenerator->route('report.download', Array, true)
#1 C:/Users/Asus/Documents/dev_clock/resources/views/report.blade.php(409): route('report.download', Array)
#2 C:/Users/Asus/Documents/dev_clock/vendor/laravel/framework/src/Illuminate/Filesystem/Filesystem.php(123): require('C://Users//Asus//D...')
#3 C:/Users/Asus/Documents/dev_clock/vendor/laravel/framework/src/Illuminate/Filesystem/Filesystem.php(124): Illuminate/Filesystem/Filesystem::Illuminate/Filesystem/{closure}()
#4 C:/Users/Asus/Documents/dev_clock/vendor/laravel/framework/src/Illuminate/View/Engines/PhpEngine.php(58): Illuminate/Filesystem/Filesystem->getRequire('C://Users//Asus//D...', Array)
#5 C:/Users/Asus/Documents/dev_clock/vendor/laravel/framework/src/Illuminate/View/Engines/CompilerEngine.php(72): Illuminate/View/Engines/PhpEngine->evaluatePath('C://Users//Asus//D...', Array)
#6 C:/Users/Asus/Documents/dev_clock/vendor/laravel/framework/src/Illuminate/View/View.php(207): Illuminate/View/Engines/CompilerEngine->get('C://Users//Asus//D...', Array)
#7 C:/Users/Asus/Documents/dev_clock/vendor/laravel/framework/src/Illuminate/View/View.php(190): Illuminate/View/View->getContents()
#8 C:/Users/Asus/Documents/dev_clock/vendor/laravel/framework/src/Illuminate/View/View.php(159): Illuminate/View/View->renderContents()
#9 C:/Users/Asus/Documents/dev_clock/vendor/laravel/framework/src/Illuminate/Http/Response.php(69): Illuminate/View/View->render()
#10 C:/Users/Asus/Documents/dev_clock/vendor/laravel/framework/src/Illuminate/Http/Response.php(35): Illuminate/Http/Response->setContent(Object(Illuminate/View/View))
#11 C:/Users/Asus/Documents/dev_clock/vendor/laravel/framework/src/Illuminate/Routing/Router.php(918): Illuminate/Http/Response->__construct(Object(Illuminate/View/View), 200, Array)
#12 C:/Users/Asus/Documents/dev_clock/vendor/laravel/framework/src/Illuminate/Routing/Router.php(885): Illuminate/Routing/Router::toResponse(Object(Illuminate/Http/Request), Object(Illuminate/View/View))
#13 C:/Users/Asus/Documents/dev_clock/vendor/laravel/framework/src/Illuminate/Routing/Router.php(805): Illuminate/Routing/Router->prepareResponse(Object(Illuminate/Http/Request), Object(Illuminate/View/View))
#14 C:/Users/Asus/Documents/dev_clock/vendor/laravel/framework/src/Illuminate/Pipeline/Pipeline.php(144): Illuminate/Routing/Router->Illuminate/Routing/{closure}(Object(Illuminate/Http/Request))
#15 C:/Users/Asus/Documents/dev_clock/app/Http/Middleware/ApiAuthMiddleware.php(19): Illuminate/Pipeline/Pipeline->Illuminate/Pipeline/{closure}(Object(Illuminate/Http/Request))
#16 C:/Users/Asus/Documents/dev_clock/vendor/laravel/framework/src/Illuminate/Pipeline/Pipeline.php(183): App/Http/Middleware/ApiAuthMiddleware->handle(Object(Illuminate/Http/Request), Object(Closure))
#17 C:/Users/Asus/Documents/dev_clock/vendor/laravel/framework/src/Illuminate/Routing/Middleware/SubstituteBindings.php(50): Illuminate/Pipeline/Pipeline->Illuminate/Pipeline/{closure}(Object(Illuminate/Http/Request))
#18 C:/Users/Asus/Documents/dev_clock/vendor/laravel/framework/src/Illuminate/Pipeline/Pipeline.php(183): Illuminate/Routing/Middleware/SubstituteBindings->handle(Object(Illuminate/Http/Request), Object(Closure))
#19 C:/Users/Asus/Documents/dev_clock/vendor/laravel/framework/src/Illuminate/Foundation/Http/Middleware/VerifyCsrfToken.php(78): Illuminate/Pipeline/Pipeline->Illuminate/Pipeline/{closure}(Object(Illuminate/Http/Request))
#20 C:/Users/Asus/Documents/dev_clock/vendor/laravel/framework/src/Illuminate/Pipeline/Pipeline.php(183): Illuminate/Foundation/Http/Middleware/VerifyCsrfToken->handle(Object(Illuminate/Http/Request), Object(Closure))
#21 C:/Users/Asus/Documents/dev_clock/vendor/laravel/framework/src/Illuminate/View/Middleware/ShareErrorsFromSession.php(49): Illuminate/Pipeline/Pipeline->Illuminate/Pipeline/{closure}(Object(Illuminate/Http/Request))
#22 C:/Users/Asus/Documents/dev_clock/vendor/laravel/framework/src/Illuminate/Pipeline/Pipeline.php(183): Illuminate/View/Middleware/ShareErrorsFromSession->handle(Object(Illuminate/Http/Request), Object(Closure))
#23 C:/Users/Asus/Documents/dev_clock/vendor/laravel/framework/src/Illuminate/Session/Middleware/StartSession.php(121): Illuminate/Pipeline/Pipeline->Illuminate/Pipeline/{closure}(Object(Illuminate/Http/Request))
#24 C:/Users/Asus/Documents/dev_clock/vendor/laravel/framework/src/Illuminate/Session/Middleware/StartSession.php(64): Illuminate/Session/Middleware/StartSession->handleStatefulRequest(Object(Illuminate/Http/Request), Object(Illuminate/Session/Store), Object(Closure))
#25 C:/Users/Asus/Documents/dev_clock/vendor/laravel/framework/src/Illuminate/Pipeline/Pipeline.php(183): Illuminate/Session/Middleware/StartSession->handle(Object(Illuminate/Http/Request), Object(Closure))
#26 C:/Users/Asus/Documents/dev_clock/vendor/laravel/framework/src/Illuminate/Cookie/Middleware/AddQueuedCookiesToResponse.php(37): Illuminate/Pipeline/Pipeline->Illuminate/Pipeline/{closure}(Object(Illuminate/Http/Request))
#27 C:/Users/Asus/Documents/dev_clock/vendor/laravel/framework/src/Illuminate/Pipeline/Pipeline.php(183): Illuminate/Cookie/Middleware/AddQueuedCookiesToResponse->handle(Object(Illuminate/Http/Request), Object(Closure))
#28 C:/Users/Asus/Documents/dev_clock/vendor/laravel/framework/src/Illuminate/Cookie/Middleware/EncryptCookies.php(67): Illuminate/Pipeline/Pipeline->Illuminate/Pipeline/{closure}(Object(Illuminate/Http/Request))
#29 C:/Users/Asus/Documents/dev_clock/vendor/laravel/framework/src/Illuminate/Pipeline/Pipeline.php(183): Illuminate/Cookie/Middleware/EncryptCookies->handle(Object(Illuminate/Http/Request), Object(Closure))
#30 C:/Users/Asus/Documents/dev_clock/vendor/laravel/framework/src/Illuminate/Pipeline/Pipeline.php(119): Illuminate/Pipeline/Pipeline->Illuminate/Pipeline/{closure}(Object(Illuminate/Http/Request))
#31 C:/Users/Asus/Documents/dev_clock/vendor/laravel/framework/src/Illuminate/Routing/Router.php(805): Illuminate/Pipeline/Pipeline->then(Object(Closure))
#32 C:/Users/Asus/Documents/dev_clock/vendor/laravel/framework/src/Illuminate/Routing/Router.php(784): Illuminate/Routing/Router->runRouteWithinStack(Object(Illuminate/Routing/Route), Object(Illuminate/Http/Request))
#33 C:/Users/Asus/Documents/dev_clock/vendor/laravel/framework/src/Illuminate/Routing/Router.php(748): Illuminate/Routing/Router->runRoute(Object(Illuminate/Http/Request), Object(Illuminate/Routing/Route))
#34 C:/Users/Asus/Documents/dev_clock/vendor/laravel/framework/src/Illuminate/Routing/Router.php(737): Illuminate/Routing/Router->dispatchToRoute(Object(Illuminate/Http/Request))
#35 C:/Users/Asus/Documents/dev_clock/vendor/laravel/framework/src/Illuminate/Foundation/Http/Kernel.php(200): Illuminate/Routing/Router->dispatch(Object(Illuminate/Http/Request))
#36 C:/Users/Asus/Documents/dev_clock/vendor/laravel/framework/src/Illuminate/Pipeline/Pipeline.php(144): Illuminate/Foundation/Http/Kernel->Illuminate/Foundation/Http/{closure}(Object(Illuminate/Http/Request))
#37 C:/Users/Asus/Documents/dev_clock/vendor/laravel/framework/src/Illuminate/Foundation/Http/Middleware/TransformsRequest.php(21): Illuminate/Pipeline/Pipeline->Illuminate/Pipeline/{closure}(Object(Illuminate/Http/Request))
#38 C:/Users/Asus/Documents/dev_clock/vendor/laravel/framework/src/Illuminate/Foundation/Http/Middleware/ConvertEmptyStringsToNull.php(31): Illuminate/Foundation/Http/Middleware/TransformsRequest->handle(Object(Illuminate/Http/Request), Object(Closure))
#39 C:/Users/Asus/Documents/dev_clock/vendor/laravel/framework/src/Illuminate/Pipeline/Pipeline.php(183): Illuminate/Foundation/Http/Middleware/ConvertEmptyStringsToNull->handle(Object(Illuminate/Http/Request), Object(Closure))
#40 C:/Users/Asus/Documents/dev_clock/vendor/laravel/framework/src/Illuminate/Foundation/Http/Middleware/TransformsRequest.php(21): Illuminate/Pipeline/Pipeline->Illuminate/Pipeline/{closure}(Object(Illuminate/Http/Request))
#41 C:/Users/Asus/Documents/dev_clock/vendor/laravel/framework/src/Illuminate/Foundation/Http/Middleware/TrimStrings.php(40): Illuminate/Foundation/Http/Middleware/TransformsRequest->handle(Object(Illuminate/Http/Request), Object(Closure))
#42 C:/Users/Asus/Documents/dev_clock/vendor/laravel/framework/src/Illuminate/Pipeline/Pipeline.php(183): Illuminate/Foundation/Http/Middleware/TrimStrings->handle(Object(Illuminate/Http/Request), Object(Closure))
#43 C:/Users/Asus/Documents/dev_clock/vendor/laravel/framework/src/Illuminate/Foundation/Http/Middleware/ValidatePostSize.php(27): Illuminate/Pipeline/Pipeline->Illuminate/Pipeline/{closure}(Object(Illuminate/Http/Request))
#44 C:/Users/Asus/Documents/dev_clock/vendor/laravel/framework/src/Illuminate/Pipeline/Pipeline.php(183): Illuminate/Foundation/Http/Middleware/ValidatePostSize->handle(Object(Illuminate/Http/Request), Object(Closure))
#45 C:/Users/Asus/Documents/dev_clock/vendor/laravel/framework/src/Illuminate/Foundation/Http/Middleware/PreventRequestsDuringMaintenance.php(99): Illuminate/Pipeline/Pipeline->Illuminate/Pipeline/{closure}(Object(Illuminate/Http/Request))
#46 C:/Users/Asus/Documents/dev_clock/vendor/laravel/framework/src/Illuminate/Pipeline/Pipeline.php(183): Illuminate/Foundation/Http/Middleware/PreventRequestsDuringMaintenance->handle(Object(Illuminate/Http/Request), Object(Closure))
#47 C:/Users/Asus/Documents/dev_clock/vendor/laravel/framework/src/Illuminate/Pipeline/Pipeline.php(119): Illuminate/Pipeline/Pipeline->Illuminate/Pipeline/{closure}(Object(Illuminate/Http/Request))
#48 C:/Users/Asus/Documents/dev_clock/vendor/laravel/framework/src/Illuminate/Foundation/Http/Kernel.php(175): Illuminate/Pipeline/Pipeline->then(Object(Closure))
#49 C:/Users/Asus/Documents/dev_clock/vendor/laravel/framework/src/Illuminate/Foundation/Http/Kernel.php(144): Illuminate/Foundation/Http/Kernel->sendRequestThroughRouter(Object(Illuminate/Http/Request))
#50 C:/Users/Asus/Documents/dev_clock/public/index.php(18): Illuminate/Foundation/Http/Kernel->handle(Object(Illuminate/Http/Request))
#51 C:/Users/Asus/Documents/dev_clock/vendor/laravel/framework/src/Illuminate/Foundation/resources/server.php(16): require_once('C://Users//Asus//D...')
#52 {main}

[previous exception] [object] (Symfony\\Component\\Routing\\Exception\\RouteNotFoundException(code: 0): Route [report.download] not defined. at C:/Users/Asus/Documents/dev_clock/vendor/laravel/framework/src/Illuminate/Routing/UrlGenerator.php:477)
[stacktrace]
#0 C:/Users/Asus/Documents/dev_clock/vendor/laravel/framework/src/Illuminate/Foundation/helpers.php(811): Illuminate/Routing/UrlGenerator->route('report.download', Array, true)
#1 C:/Users/Asus/Documents/dev_clock/storage/framework/views/63d82235dad804b1eb238aac61ff27b9.php(410): route('report.download', Array)
#2 C:/Users/Asus/Documents/dev_clock/vendor/laravel/framework/src/Illuminate/Filesystem/Filesystem.php(123): require('C://Users//Asus//D...')
#3 C:/Users/Asus/Documents/dev_clock/vendor/laravel/framework/src/Illuminate/Filesystem/Filesystem.php(124): Illuminate/Filesystem/Filesystem::Illuminate/Filesystem/{closure}()
#4 C:/Users/Asus/Documents/dev_clock/vendor/laravel/framework/src/Illuminate/View/Engines/PhpEngine.php(58): Illuminate/Filesystem/Filesystem->getRequire('C://Users//Asus//D...', Array)
#5 C:/Users/Asus/Documents/dev_clock/vendor/laravel/framework/src/Illuminate/View/Engines/CompilerEngine.php(72): Illuminate/View/Engines/PhpEngine->evaluatePath('C://Users//Asus//D...', Array)
#6 C:/Users/Asus/Documents/dev_clock/vendor/laravel/framework/src/Illuminate/View/View.php(207): Illuminate/View/Engines/CompilerEngine->get('C://Users//Asus//D...', Array)
#7 C:/Users/Asus/Documents/dev_clock/vendor/laravel/framework/src/Illuminate/View/View.php(190): Illuminate/View/View->getContents()
#8 C:/Users/Asus/Documents/dev_clock/vendor/laravel/framework/src/Illuminate/View/View.php(159): Illuminate/View/View->renderContents()
#9 C:/Users/Asus/Documents/dev_clock/vendor/laravel/framework/src/Illuminate/Http/Response.php(69): Illuminate/View/View->render()
#10 C:/Users/Asus/Documents/dev_clock/vendor/laravel/framework/src/Illuminate/Http/Response.php(35): Illuminate/Http/Response->setContent(Object(Illuminate/View/View))
#11 C:/Users/Asus/Documents/dev_clock/vendor/laravel/framework/src/Illuminate/Routing/Router.php(918): Illuminate/Http/Response->__construct(Object(Illuminate/View/View), 200, Array)
#12 C:/Users/Asus/Documents/dev_clock/vendor/laravel/framework/src/Illuminate/Routing/Router.php(885): Illuminate/Routing/Router::toResponse(Object(Illuminate/Http/Request), Object(Illuminate/View/View))
#13 C:/Users/Asus/Documents/dev_clock/vendor/laravel/framework/src/Illuminate/Routing/Router.php(805): Illuminate/Routing/Router->prepareResponse(Object(Illuminate/Http/Request), Object(Illuminate/View/View))
#14 C:/Users/Asus/Documents/dev_clock/vendor/laravel/framework/src/Illuminate/Pipeline/Pipeline.php(144): Illuminate/Routing/Router->Illuminate/Routing/{closure}(Object(Illuminate/Http/Request))
#15 C:/Users/Asus/Documents/dev_clock/app/Http/Middleware/ApiAuthMiddleware.php(19): Illuminate/Pipeline/Pipeline->Illuminate/Pipeline/{closure}(Object(Illuminate/Http/Request))
#16 C:/Users/Asus/Documents/dev_clock/vendor/laravel/framework/src/Illuminate/Pipeline/Pipeline.php(183): App/Http/Middleware/ApiAuthMiddleware->handle(Object(Illuminate/Http/Request), Object(Closure))
#17 C:/Users/Asus/Documents/dev_clock/vendor/laravel/framework/src/Illuminate/Routing/Middleware/SubstituteBindings.php(50): Illuminate/Pipeline/Pipeline->Illuminate/Pipeline/{closure}(Object(Illuminate/Http/Request))
#18 C:/Users/Asus/Documents/dev_clock/vendor/laravel/framework/src/Illuminate/Pipeline/Pipeline.php(183): Illuminate/Routing/Middleware/SubstituteBindings->handle(Object(Illuminate/Http/Request), Object(Closure))
#19 C:/Users/Asus/Documents/dev_clock/vendor/laravel/framework/src/Illuminate/Foundation/Http/Middleware/VerifyCsrfToken.php(78): Illuminate/Pipeline/Pipeline->Illuminate/Pipeline/{closure}(Object(Illuminate/Http/Request))
#20 C:/Users/Asus/Documents/dev_clock/vendor/laravel/framework/src/Illuminate/Pipeline/Pipeline.php(183): Illuminate/Foundation/Http/Middleware/VerifyCsrfToken->handle(Object(Illuminate/Http/Request), Object(Closure))
#21 C:/Users/Asus/Documents/dev_clock/vendor/laravel/framework/src/Illuminate/View/Middleware/ShareErrorsFromSession.php(49): Illuminate/Pipeline/Pipeline->Illuminate/Pipeline/{closure}(Object(Illuminate/Http/Request))
#22 C:/Users/Asus/Documents/dev_clock/vendor/laravel/framework/src/Illuminate/Pipeline/Pipeline.php(183): Illuminate/View/Middleware/ShareErrorsFromSession->handle(Object(Illuminate/Http/Request), Object(Closure))
#23 C:/Users/Asus/Documents/dev_clock/vendor/laravel/framework/src/Illuminate/Session/Middleware/StartSession.php(121): Illuminate/Pipeline/Pipeline->Illuminate/Pipeline/{closure}(Object(Illuminate/Http/Request))
#24 C:/Users/Asus/Documents/dev_clock/vendor/laravel/framework/src/Illuminate/Session/Middleware/StartSession.php(64): Illuminate/Session/Middleware/StartSession->handleStatefulRequest(Object(Illuminate/Http/Request), Object(Illuminate/Session/Store), Object(Closure))
#25 C:/Users/Asus/Documents/dev_clock/vendor/laravel/framework/src/Illuminate/Pipeline/Pipeline.php(183): Illuminate/Session/Middleware/StartSession->handle(Object(Illuminate/Http/Request), Object(Closure))
#26 C:/Users/Asus/Documents/dev_clock/vendor/laravel/framework/src/Illuminate/Cookie/Middleware/AddQueuedCookiesToResponse.php(37): Illuminate/Pipeline/Pipeline->Illuminate/Pipeline/{closure}(Object(Illuminate/Http/Request))
#27 C:/Users/Asus/Documents/dev_clock/vendor/laravel/framework/src/Illuminate/Pipeline/Pipeline.php(183): Illuminate/Cookie/Middleware/AddQueuedCookiesToResponse->handle(Object(Illuminate/Http/Request), Object(Closure))
#28 C:/Users/Asus/Documents/dev_clock/vendor/laravel/framework/src/Illuminate/Cookie/Middleware/EncryptCookies.php(67): Illuminate/Pipeline/Pipeline->Illuminate/Pipeline/{closure}(Object(Illuminate/Http/Request))
#29 C:/Users/Asus/Documents/dev_clock/vendor/laravel/framework/src/Illuminate/Pipeline/Pipeline.php(183): Illuminate/Cookie/Middleware/EncryptCookies->handle(Object(Illuminate/Http/Request), Object(Closure))
#30 C:/Users/Asus/Documents/dev_clock/vendor/laravel/framework/src/Illuminate/Pipeline/Pipeline.php(119): Illuminate/Pipeline/Pipeline->Illuminate/Pipeline/{closure}(Object(Illuminate/Http/Request))
#31 C:/Users/Asus/Documents/dev_clock/vendor/laravel/framework/src/Illuminate/Routing/Router.php(805): Illuminate/Pipeline/Pipeline->then(Object(Closure))
#32 C:/Users/Asus/Documents/dev_clock/vendor/laravel/framework/src/Illuminate/Routing/Router.php(784): Illuminate/Routing/Router->runRouteWithinStack(Object(Illuminate/Routing/Route), Object(Illuminate/Http/Request))
#33 C:/Users/Asus/Documents/dev_clock/vendor/laravel/framework/src/Illuminate/Routing/Router.php(748): Illuminate/Routing/Router->runRoute(Object(Illuminate/Http/Request), Object(Illuminate/Routing/Route))
#34 C:/Users/Asus/Documents/dev_clock/vendor/laravel/framework/src/Illuminate/Routing/Router.php(737): Illuminate/Routing/Router->dispatchToRoute(Object(Illuminate/Http/Request))
#35 C:/Users/Asus/Documents/dev_clock/vendor/laravel/framework/src/Illuminate/Foundation/Http/Kernel.php(200): Illuminate/Routing/Router->dispatch(Object(Illuminate/Http/Request))
#36 C:/Users/Asus/Documents/dev_clock/vendor/laravel/framework/src/Illuminate/Pipeline/Pipeline.php(144): Illuminate/Foundation/Http/Kernel->Illuminate/Foundation/Http/{closure}(Object(Illuminate/Http/Request))
#37 C:/Users/Asus/Documents/dev_clock/vendor/laravel/framework/src/Illuminate/Foundation/Http/Middleware/TransformsRequest.php(21): Illuminate/Pipeline/Pipeline->Illuminate/Pipeline/{closure}(Object(Illuminate/Http/Request))
#38 C:/Users/Asus/Documents/dev_clock/vendor/laravel/framework/src/Illuminate/Foundation/Http/Middleware/ConvertEmptyStringsToNull.php(31): Illuminate/Foundation/Http/Middleware/TransformsRequest->handle(Object(Illuminate/Http/Request), Object(Closure))
#39 C:/Users/Asus/Documents/dev_clock/vendor/laravel/framework/src/Illuminate/Pipeline/Pipeline.php(183): Illuminate/Foundation/Http/Middleware/ConvertEmptyStringsToNull->handle(Object(Illuminate/Http/Request), Object(Closure))
#40 C:/Users/Asus/Documents/dev_clock/vendor/laravel/framework/src/Illuminate/Foundation/Http/Middleware/TransformsRequest.php(21): Illuminate/Pipeline/Pipeline->Illuminate/Pipeline/{closure}(Object(Illuminate/Http/Request))
#41 C:/Users/Asus/Documents/dev_clock/vendor/laravel/framework/src/Illuminate/Foundation/Http/Middleware/TrimStrings.php(40): Illuminate/Foundation/Http/Middleware/TransformsRequest->handle(Object(Illuminate/Http/Request), Object(Closure))
#42 C:/Users/Asus/Documents/dev_clock/vendor/laravel/framework/src/Illuminate/Pipeline/Pipeline.php(183): Illuminate/Foundation/Http/Middleware/TrimStrings->handle(Object(Illuminate/Http/Request), Object(Closure))
#43 C:/Users/Asus/Documents/dev_clock/vendor/laravel/framework/src/Illuminate/Foundation/Http/Middleware/ValidatePostSize.php(27): Illuminate/Pipeline/Pipeline->Illuminate/Pipeline/{closure}(Object(Illuminate/Http/Request))
#44 C:/Users/Asus/Documents/dev_clock/vendor/laravel/framework/src/Illuminate/Pipeline/Pipeline.php(183): Illuminate/Foundation/Http/Middleware/ValidatePostSize->handle(Object(Illuminate/Http/Request), Object(Closure))
#45 C:/Users/Asus/Documents/dev_clock/vendor/laravel/framework/src/Illuminate/Foundation/Http/Middleware/PreventRequestsDuringMaintenance.php(99): Illuminate/Pipeline/Pipeline->Illuminate/Pipeline/{closure}(Object(Illuminate/Http/Request))
#46 C:/Users/Asus/Documents/dev_clock/vendor/laravel/framework/src/Illuminate/Pipeline/Pipeline.php(183): Illuminate/Foundation/Http/Middleware/PreventRequestsDuringMaintenance->handle(Object(Illuminate/Http/Request), Object(Closure))
#47 C:/Users/Asus/Documents/dev_clock/vendor/laravel/framework/src/Illuminate/Pipeline/Pipeline.php(119): Illuminate/Pipeline/Pipeline->Illuminate/Pipeline/{closure}(Object(Illuminate/Http/Request))
#48 C:/Users/Asus/Documents/dev_clock/vendor/laravel/framework/src/Illuminate/Foundation/Http/Kernel.php(175): Illuminate/Pipeline/Pipeline->then(Object(Closure))
#49 C:/Users/Asus/Documents/dev_clock/vendor/laravel/framework/src/Illuminate/Foundation/Http/Kernel.php(144): Illuminate/Foundation/Http/Kernel->sendRequestThroughRouter(Object(Illuminate/Http/Request))
#50 C:/Users/Asus/Documents/dev_clock/public/index.php(18): Illuminate/Foundation/Http/Kernel->handle(Object(Illuminate/Http/Request))
#51 C:/Users/Asus/Documents/dev_clock/vendor/laravel/framework/src/Illuminate/Foundation/resources/server.php(16): require_once('C://Users//Asus//D...')
#52 {main}
"} 
[2026-07-12 01:02:56] local.ERROR: Method App\Http\Controllers\ReportController::download does not exist. {"exception":"[object] (BadMethodCallException(code: 0): Method App\\Http\\Controllers\\ReportController::download does not exist. at C:/Users/Asus/Documents/dev_clock/vendor/laravel/framework/src/Illuminate/Routing/Controller.php:68)
[stacktrace]
#0 C:/Users/Asus/Documents/dev_clock/vendor/laravel/framework/src/Illuminate/Routing/Controller.php(54): Illuminate/Routing/Controller->__call('download', Array)
#1 C:/Users/Asus/Documents/dev_clock/vendor/laravel/framework/src/Illuminate/Routing/ControllerDispatcher.php(43): Illuminate/Routing/Controller->callAction('download', Array)
#2 C:/Users/Asus/Documents/dev_clock/vendor/laravel/framework/src/Illuminate/Routing/Route.php(259): Illuminate/Routing/ControllerDispatcher->dispatch(Object(Illuminate/Routing/Route), Object(App/Http/Controllers/ReportController), 'download')
#3 C:/Users/Asus/Documents/dev_clock/vendor/laravel/framework/src/Illuminate/Routing/Route.php(205): Illuminate/Routing/Route->runController()
#4 C:/Users/Asus/Documents/dev_clock/vendor/laravel/framework/src/Illuminate/Routing/Router.php(806): Illuminate/Routing/Route->run()
#5 C:/Users/Asus/Documents/dev_clock/vendor/laravel/framework/src/Illuminate/Pipeline/Pipeline.php(144): Illuminate/Routing/Router->Illuminate/Routing/{closure}(Object(Illuminate/Http/Request))
#6 C:/Users/Asus/Documents/dev_clock/vendor/laravel/framework/src/Illuminate/Routing/Middleware/SubstituteBindings.php(50): Illuminate/Pipeline/Pipeline->Illuminate/Pipeline/{closure}(Object(Illuminate/Http/Request))
#7 C:/Users/Asus/Documents/dev_clock/vendor/laravel/framework/src/Illuminate/Pipeline/Pipeline.php(183): Illuminate/Routing/Middleware/SubstituteBindings->handle(Object(Illuminate/Http/Request), Object(Closure))
#8 C:/Users/Asus/Documents/dev_clock/vendor/laravel/framework/src/Illuminate/Foundation/Http/Middleware/VerifyCsrfToken.php(78): Illuminate/Pipeline/Pipeline->Illuminate/Pipeline/{closure}(Object(Illuminate/Http/Request))
#9 C:/Users/Asus/Documents/dev_clock/vendor/laravel/framework/src/Illuminate/Pipeline/Pipeline.php(183): Illuminate/Foundation/Http/Middleware/VerifyCsrfToken->handle(Object(Illuminate/Http/Request), Object(Closure))
#10 C:/Users/Asus/Documents/dev_clock/vendor/laravel/framework/src/Illuminate/View/Middleware/ShareErrorsFromSession.php(49): Illuminate/Pipeline/Pipeline->Illuminate/Pipeline/{closure}(Object(Illuminate/Http/Request))
#11 C:/Users/Asus/Documents/dev_clock/vendor/laravel/framework/src/Illuminate/Pipeline/Pipeline.php(183): Illuminate/View/Middleware/ShareErrorsFromSession->handle(Object(Illuminate/Http/Request), Object(Closure))
#12 C:/Users/Asus/Documents/dev_clock/vendor/laravel/framework/src/Illuminate/Session/Middleware/StartSession.php(121): Illuminate/Pipeline/Pipeline->Illuminate/Pipeline/{closure}(Object(Illuminate/Http/Request))
#13 C:/Users/Asus/Documents/dev_clock/vendor/laravel/framework/src/Illuminate/Session/Middleware/StartSession.php(64): Illuminate/Session/Middleware/StartSession->handleStatefulRequest(Object(Illuminate/Http/Request), Object(Illuminate/Session/Store), Object(Closure))
#14 C:/Users/Asus/Documents/dev_clock/vendor/laravel/framework/src/Illuminate/Pipeline/Pipeline.php(183): Illuminate/Session/Middleware/StartSession->handle(Object(Illuminate/Http/Request), Object(Closure))
#15 C:/Users/Asus/Documents/dev_clock/vendor/laravel/framework/src/Illuminate/Cookie/Middleware/AddQueuedCookiesToResponse.php(37): Illuminate/Pipeline/Pipeline->Illuminate/Pipeline/{closure}(Object(Illuminate/Http/Request))
#16 C:/Users/Asus/Documents/dev_clock/vendor/laravel/framework/src/Illuminate/Pipeline/Pipeline.php(183): Illuminate/Cookie/Middleware/AddQueuedCookiesToResponse->handle(Object(Illuminate/Http/Request), Object(Closure))
#17 C:/Users/Asus/Documents/dev_clock/vendor/laravel/framework/src/Illuminate/Cookie/Middleware/EncryptCookies.php(67): Illuminate/Pipeline/Pipeline->Illuminate/Pipeline/{closure}(Object(Illuminate/Http/Request))
#18 C:/Users/Asus/Documents/dev_clock/vendor/laravel/framework/src/Illuminate/Pipeline/Pipeline.php(183): Illuminate/Cookie/Middleware/EncryptCookies->handle(Object(Illuminate/Http/Request), Object(Closure))
#19 C:/Users/Asus/Documents/dev_clock/vendor/laravel/framework/src/Illuminate/Pipeline/Pipeline.php(119): Illuminate/Pipeline/Pipeline->Illuminate/Pipeline/{closure}(Object(Illuminate/Http/Request))
#20 C:/Users/Asus/Documents/dev_clock/vendor/laravel/framework/src/Illuminate/Routing/Router.php(805): Illuminate/Pipeline/Pipeline->then(Object(Closure))
#21 C:/Users/Asus/Documents/dev_clock/vendor/laravel/framework/src/Illuminate/Routing/Router.php(784): Illuminate/Routing/Router->runRouteWithinStack(Object(Illuminate/Routing/Route), Object(Illuminate/Http/Request))
#22 C:/Users/Asus/Documents/dev_clock/vendor/laravel/framework/src/Illuminate/Routing/Router.php(748): Illuminate/Routing/Router->runRoute(Object(Illuminate/Http/Request), Object(Illuminate/Routing/Route))
#23 C:/Users/Asus/Documents/dev_clock/vendor/laravel/framework/src/Illuminate/Routing/Router.php(737): Illuminate/Routing/Router->dispatchToRoute(Object(Illuminate/Http/Request))
#24 C:/Users/Asus/Documents/dev_clock/vendor/laravel/framework/src/Illuminate/Foundation/Http/Kernel.php(200): Illuminate/Routing/Router->dispatch(Object(Illuminate/Http/Request))
#25 C:/Users/Asus/Documents/dev_clock/vendor/laravel/framework/src/Illuminate/Pipeline/Pipeline.php(144): Illuminate/Foundation/Http/Kernel->Illuminate/Foundation/Http/{closure}(Object(Illuminate/Http/Request))
#26 C:/Users/Asus/Documents/dev_clock/vendor/laravel/framework/src/Illuminate/Foundation/Http/Middleware/TransformsRequest.php(21): Illuminate/Pipeline/Pipeline->Illuminate/Pipeline/{closure}(Object(Illuminate/Http/Request))
#27 C:/Users/Asus/Documents/dev_clock/vendor/laravel/framework/src/Illuminate/Foundation/Http/Middleware/ConvertEmptyStringsToNull.php(31): Illuminate/Foundation/Http/Middleware/TransformsRequest->handle(Object(Illuminate/Http/Request), Object(Closure))
#28 C:/Users/Asus/Documents/dev_clock/vendor/laravel/framework/src/Illuminate/Pipeline/Pipeline.php(183): Illuminate/Foundation/Http/Middleware/ConvertEmptyStringsToNull->handle(Object(Illuminate/Http/Request), Object(Closure))
#29 C:/Users/Asus/Documents/dev_clock/vendor/laravel/framework/src/Illuminate/Foundation/Http/Middleware/TransformsRequest.php(21): Illuminate/Pipeline/Pipeline->Illuminate/Pipeline/{closure}(Object(Illuminate/Http/Request))
#30 C:/Users/Asus/Documents/dev_clock/vendor/laravel/framework/src/Illuminate/Foundation/Http/Middleware/TrimStrings.php(40): Illuminate/Foundation/Http/Middleware/TransformsRequest->handle(Object(Illuminate/Http/Request), Object(Closure))
#31 C:/Users/Asus/Documents/dev_clock/vendor/laravel/framework/src/Illuminate/Pipeline/Pipeline.php(183): Illuminate/Foundation/Http/Middleware/TrimStrings->handle(Object(Illuminate/Http/Request), Object(Closure))
#32 C:/Users/Asus/Documents/dev_clock/vendor/laravel/framework/src/Illuminate/Foundation/Http/Middleware/ValidatePostSize.php(27): Illuminate/Pipeline/Pipeline->Illuminate/Pipeline/{closure}(Object(Illuminate/Http/Request))
#33 C:/Users/Asus/Documents/dev_clock/vendor/laravel/framework/src/Illuminate/Pipeline/Pipeline.php(183): Illuminate/Foundation/Http/Middleware/ValidatePostSize->handle(Object(Illuminate/Http/Request), Object(Closure))
#34 C:/Users/Asus/Documents/dev_clock/vendor/laravel/framework/src/Illuminate/Foundation/Http/Middleware/PreventRequestsDuringMaintenance.php(99): Illuminate/Pipeline/Pipeline->Illuminate/Pipeline/{closure}(Object(Illuminate/Http/Request))
#35 C:/Users/Asus/Documents/dev_clock/vendor/laravel/framework/src/Illuminate/Pipeline/Pipeline.php(183): Illuminate/Foundation/Http/Middleware/PreventRequestsDuringMaintenance->handle(Object(Illuminate/Http/Request), Object(Closure))
#36 C:/Users/Asus/Documents/dev_clock/vendor/laravel/framework/src/Illuminate/Pipeline/Pipeline.php(119): Illuminate/Pipeline/Pipeline->Illuminate/Pipeline/{closure}(Object(Illuminate/Http/Request))
#37 C:/Users/Asus/Documents/dev_clock/vendor/laravel/framework/src/Illuminate/Foundation/Http/Kernel.php(175): Illuminate/Pipeline/Pipeline->then(Object(Closure))
#38 C:/Users/Asus/Documents/dev_clock/vendor/laravel/framework/src/Illuminate/Foundation/Http/Kernel.php(144): Illuminate/Foundation/Http/Kernel->sendRequestThroughRouter(Object(Illuminate/Http/Request))
#39 C:/Users/Asus/Documents/dev_clock/public/index.php(18): Illuminate/Foundation/Http/Kernel->handle(Object(Illuminate/Http/Request))
#40 C:/Users/Asus/Documents/dev_clock/vendor/laravel/framework/src/Illuminate/Foundation/resources/server.php(16): require_once('C://Users//Asus//D...')
#41 {main}
"} 
[2026-08-03 14:23:08] local.ERROR: Command "tinker" is not defined. {"exception":"[object] (Symfony\\Component\\Console\\Exception\\CommandNotFoundException(code: 0): Command \"tinker\" is not defined. at D:/WebProjects/web_clocking/vendor/symfony/console/Application.php:745)
[stacktrace]
#0 D:/WebProjects/web_clocking/vendor/symfony/console/Application.php(266): Symfony/Component/Console/Application->find('tinker')
#1 D:/WebProjects/web_clocking/vendor/symfony/console/Application.php(175): Symfony/Component/Console/Application->doRun(Object(Symfony/Component/Console/Input/ArgvInput), Object(Symfony/Component/Console/Output/ConsoleOutput))
#2 D:/WebProjects/web_clocking/vendor/laravel/framework/src/Illuminate/Foundation/Console/Kernel.php(201): Symfony/Component/Console/Application->run(Object(Symfony/Component/Console/Input/ArgvInput), Object(Symfony/Component/Console/Output/ConsoleOutput))
#3 D:/WebProjects/web_clocking/artisan(12): Illuminate/Foundation/Console/Kernel->handle(Object(Symfony/Component/Console/Input/ArgvInput), Object(Symfony/Component/Console/Output/ConsoleOutput))
#4 {main}
"} 
[2026-08-11 15:50:37] local.ERROR: The "--columns" option does not exist. {"exception":"[object] (Symfony\\Component\\Console\\Exception\\RuntimeException(code: 0): The \"--columns\" option does not exist. at D:/WebProjects/web_clocking/vendor/symfony/console/Input/ArgvInput.php:222)
[stacktrace]
#0 D:/WebProjects/web_clocking/vendor/symfony/console/Input/ArgvInput.php(149): Symfony/Component/Console/Input/ArgvInput->addLongOption('columns', 'method,uri,name...')
#1 D:/WebProjects/web_clocking/vendor/symfony/console/Input/ArgvInput.php(85): Symfony/Component/Console/Input/ArgvInput->parseLongOption('--columns=metho...')
#2 D:/WebProjects/web_clocking/vendor/symfony/console/Input/ArgvInput.php(74): Symfony/Component/Console/Input/ArgvInput->parseToken('--columns=metho...', true)
#3 D:/WebProjects/web_clocking/vendor/symfony/console/Input/Input.php(56): Symfony/Component/Console/Input/ArgvInput->parse()
#4 D:/WebProjects/web_clocking/vendor/symfony/console/Command/Command.php(285): Symfony/Component/Console/Input/Input->bind(Object(Symfony/Component/Console/Input/InputDefinition))
#5 D:/WebProjects/web_clocking/vendor/laravel/framework/src/Illuminate/Console/Command.php(180): Symfony/Component/Console/Command/Command->run(Object(Symfony/Component/Console/Input/ArgvInput), Object(Illuminate/Console/OutputStyle))
#6 D:/WebProjects/web_clocking/vendor/symfony/console/Application.php(1121): Illuminate/Console/Command->run(Object(Symfony/Component/Console/Input/ArgvInput), Object(Symfony/Component/Console/Output/ConsoleOutput))
#7 D:/WebProjects/web_clocking/vendor/symfony/console/Application.php(324): Symfony/Component/Console/Application->doRunCommand(Object(Illuminate/Foundation/Console/RouteListCommand), Object(Symfony/Component/Console/Input/ArgvInput), Object(Symfony/Component/Console/Output/ConsoleOutput))
#8 D:/WebProjects/web_clocking/vendor/symfony/console/Application.php(175): Symfony/Component/Console/Application->doRun(Object(Symfony/Component/Console/Input/ArgvInput), Object(Symfony/Component/Console/Output/ConsoleOutput))
#9 D:/WebProjects/web_clocking/vendor/laravel/framework/src/Illuminate/Foundation/Console/Kernel.php(201): Symfony/Component/Console/Application->run(Object(Symfony/Component/Console/Input/ArgvInput), Object(Symfony/Component/Console/Output/ConsoleOutput))
#10 D:/WebProjects/web_clocking/artisan(12): Illuminate/Foundation/Console/Kernel->handle(Object(Symfony/Component/Console/Input/ArgvInput), Object(Symfony/Component/Console/Output/ConsoleOutput))
#11 {main}
"} 
[2026-08-11 15:51:26] local.ERROR: The "--columns" option does not exist. {"exception":"[object] (Symfony\\Component\\Console\\Exception\\RuntimeException(code: 0): The \"--columns\" option does not exist. at D:/WebProjects/web_clocking/vendor/symfony/console/Input/ArgvInput.php:222)
[stacktrace]
#0 D:/WebProjects/web_clocking/vendor/symfony/console/Input/ArgvInput.php(149): Symfony/Component/Console/Input/ArgvInput->addLongOption('columns', 'method,uri,name...')
#1 D:/WebProjects/web_clocking/vendor/symfony/console/Input/ArgvInput.php(85): Symfony/Component/Console/Input/ArgvInput->parseLongOption('--columns=metho...')
#2 D:/WebProjects/web_clocking/vendor/symfony/console/Input/ArgvInput.php(74): Symfony/Component/Console/Input/ArgvInput->parseToken('--columns=metho...', true)
#3 D:/WebProjects/web_clocking/vendor/symfony/console/Input/Input.php(56): Symfony/Component/Console/Input/ArgvInput->parse()
#4 D:/WebProjects/web_clocking/vendor/symfony/console/Command/Command.php(285): Symfony/Component/Console/Input/Input->bind(Object(Symfony/Component/Console/Input/InputDefinition))
#5 D:/WebProjects/web_clocking/vendor/laravel/framework/src/Illuminate/Console/Command.php(180): Symfony/Component/Console/Command/Command->run(Object(Symfony/Component/Console/Input/ArgvInput), Object(Illuminate/Console/OutputStyle))
#6 D:/WebProjects/web_clocking/vendor/symfony/console/Application.php(1121): Illuminate/Console/Command->run(Object(Symfony/Component/Console/Input/ArgvInput), Object(Symfony/Component/Console/Output/ConsoleOutput))
#7 D:/WebProjects/web_clocking/vendor/symfony/console/Application.php(324): Symfony/Component/Console/Application->doRunCommand(Object(Illuminate/Foundation/Console/RouteListCommand), Object(Symfony/Component/Console/Input/ArgvInput), Object(Symfony/Component/Console/Output/ConsoleOutput))
#8 D:/WebProjects/web_clocking/vendor/symfony/console/Application.php(175): Symfony/Component/Console/Application->doRun(Object(Symfony/Component/Console/Input/ArgvInput), Object(Symfony/Component/Console/Output/ConsoleOutput))
#9 D:/WebProjects/web_clocking/vendor/laravel/framework/src/Illuminate/Foundation/Console/Kernel.php(201): Symfony/Component/Console/Application->run(Object(Symfony/Component/Console/Input/ArgvInput), Object(Symfony/Component/Console/Output/ConsoleOutput))
#10 D:/WebProjects/web_clocking/artisan(12): Illuminate/Foundation/Console/Kernel->handle(Object(Symfony/Component/Console/Input/ArgvInput), Object(Symfony/Component/Console/Output/ConsoleOutput))
#11 {main}
"} 
[2026-08-11 15:53:01] local.ERROR: Command "tinker" is not defined. {"exception":"[object] (Symfony\\Component\\Console\\Exception\\CommandNotFoundException(code: 0): Command \"tinker\" is not defined. at D:/WebProjects/web_clocking/vendor/symfony/console/Application.php:745)
[stacktrace]
#0 D:/WebProjects/web_clocking/vendor/symfony/console/Application.php(266): Symfony/Component/Console/Application->find('tinker')
#1 D:/WebProjects/web_clocking/vendor/symfony/console/Application.php(175): Symfony/Component/Console/Application->doRun(Object(Symfony/Component/Console/Input/ArgvInput), Object(Symfony/Component/Console/Output/ConsoleOutput))
#2 D:/WebProjects/web_clocking/vendor/laravel/framework/src/Illuminate/Foundation/Console/Kernel.php(201): Symfony/Component/Console/Application->run(Object(Symfony/Component/Console/Input/ArgvInput), Object(Symfony/Component/Console/Output/ConsoleOutput))
#3 D:/WebProjects/web_clocking/artisan(12): Illuminate/Foundation/Console/Kernel->handle(Object(Symfony/Component/Console/Input/ArgvInput), Object(Symfony/Component/Console/Output/ConsoleOutput))
#4 {main}
"} 
